SOTA-REF,COUNTY,STATE
W7I/BL-001,BLAINE,ID
W7I/BL-006,BLAINE,ID
W7I/BL-010,BLAINE,ID
W7I/BL-013,BLAINE,ID
W7I/BL-015,BLAINE,ID
W7I/BL-017,BLAINE,ID
W7I/BL-020,BLAINE,ID
W7I/BL-021,BLAINE,ID
W7I/BL-022,BLAINE,ID
W7I/BL-025,BLAINE,ID
W7I/BL-026,BLAINE,ID
W7I/BL-028,BLAINE,ID
W7I/BL-029,BLAINE,ID
W7I/BL-030,BLAINE,ID
W7I/BL-031,BLAINE,ID
W7I/BL-032,BLAINE,ID
W7I/BL-034,BLAINE,ID
W7I/BL-038,BLAINE,ID
W7I/BL-039,BLAINE,ID
W7I/BL-042,BLAINE,ID
W7I/BL-044,BLAINE,ID
W7I/BL-045,BLAINE,ID
W7I/BL-046,BLAINE,ID
W7I/BL-047,BLAINE,ID
W7I/BL-048,BLAINE,ID
W7I/BL-050,BLAINE,ID
W7I/BL-051,BLAINE,ID
W7I/BL-052,BLAINE,ID
W7I/BL-053,BLAINE,ID
W7I/BL-054,BLAINE,ID
W7I/BL-055,BLAINE,ID
W7I/BL-056,BLAINE,ID
W7I/BL-057,BLAINE,ID
W7I/BL-058,BLAINE,ID
W7I/BL-059,BLAINE,ID
W7I/BL-060,BLAINE,ID
W7I/BL-061,BLAINE,ID
W7I/BL-062,BLAINE,ID
W7I/BL-063,BLAINE,ID
W7I/BL-064,BLAINE,ID
W7I/BL-065,BLAINE,ID
W7I/BL-066,BLAINE,ID
W7I/BL-067,BLAINE,ID
W7I/BL-068,BLAINE,ID
W7I/BL-070,BLAINE,ID
W7I/BL-071,BLAINE,ID
W7I/BL-073,BLAINE,ID
W7I/BL-074,BLAINE,ID
W7I/BL-075,BLAINE,ID
W7I/BL-077,BLAINE,ID
W7I/BL-078,BLAINE,ID
W7I/BL-079,BLAINE,ID
W7I/BL-080,BLAINE,ID
W7I/BL-081,BLAINE,ID
W7I/BL-082,BLAINE,ID
W7I/BL-083,BLAINE,ID
W7I/BL-085,BLAINE,ID
W7I/BL-086,BLAINE,ID
W7I/BL-087,BLAINE,ID
W7I/BL-088,BLAINE,ID
W7I/BL-089,BLAINE,ID
W7I/BL-090,BLAINE,ID
W7I/BL-091,BLAINE,ID
W7I/BL-092,BLAINE,ID
W7I/BL-093,BLAINE,ID
W7I/BL-094,BLAINE,ID
W7I/BL-095,BLAINE,ID
W7I/BL-096,BLAINE,ID
W7I/BL-097,BLAINE,ID
W7I/BL-098,BLAINE,ID
W7I/BL-099,BLAINE,ID
W7I/BL-100,BLAINE,ID
W7I/BL-101,BLAINE,ID
W7I/BL-102,BLAINE,ID
W7I/BL-103,BLAINE,ID
W7I/BL-104,BLAINE,ID
W7I/BL-105,BLAINE,ID
W7I/BL-106,BLAINE,ID
W7I/BL-107,BLAINE,ID
W7I/BL-108,BLAINE,ID
W7I/BL-109,BLAINE,ID
W7I/BL-110,BLAINE,ID
W7I/BL-111,BLAINE,ID
W7I/BL-112,BLAINE,ID
W7I/BL-113,BLAINE,ID
W7I/BL-114,BLAINE,ID
W7I/BL-115,BLAINE,ID
W7I/BL-116,BLAINE,ID
W7I/BL-117,BLAINE,ID
W7I/BL-118,BLAINE,ID
W7I/BL-119,BLAINE,ID
W7I/BL-120,BLAINE,ID
W7I/BL-121,BLAINE,ID
W7I/BL-122,BLAINE,ID
W7I/BL-123,BLAINE,ID
W7I/BL-124,BLAINE,ID
W7I/BL-125,BLAINE,ID
W7I/BL-126,BLAINE,ID
W7I/BL-127,BLAINE,ID
W7I/BL-128,BLAINE,ID
W7I/BL-129,BLAINE,ID
W7I/BL-130,BLAINE,ID
W7I/BL-131,BLAINE,ID
W7I/BL-132,BLAINE,ID
W7I/BL-133,BLAINE,ID
W7I/BL-134,BLAINE,ID
W7I/BL-135,BLAINE,ID
W7I/BL-136,BLAINE,ID
W7I/BL-137,BLAINE,ID
W7I/BL-138,BLAINE,ID
W7I/BL-139,BLAINE,ID
W7I/BL-140,BLAINE,ID
W7I/BL-141,BLAINE,ID
W7I/BL-142,BLAINE,ID
W7I/BL-143,BLAINE,ID
W7I/BL-144,BLAINE,ID
W7I/BL-145,BLAINE,ID
W7I/BL-146,BLAINE,ID
W7I/BL-147,BLAINE,ID
W7I/BL-151,BLAINE,ID
W7I/BC-004,BOISE,ID
W7I/BC-005,BOISE,ID
W7I/BC-007,BOISE,ID
W7I/BC-011,BOISE,ID
W7I/BC-012,BOISE,ID
W7I/BC-014,BOISE,ID
W7I/BC-016,BOISE,ID
W7I/BC-017,BOISE,ID
W7I/BC-022,BOISE,ID
W7I/BC-024,BOISE,ID
W7I/BC-025,BOISE,ID
W7I/BC-027,BOISE,ID
W7I/BC-028,BOISE,ID
W7I/BC-029,BOISE,ID
W7I/BC-030,BOISE,ID
W7I/BC-031,BOISE,ID
W7I/BC-032,BOISE,ID
W7I/BC-033,BOISE,ID
W7I/BC-034,BOISE,ID
W7I/BC-035,BOISE,ID
W7I/BC-036,BOISE,ID
W7I/BC-037,BOISE,ID
W7I/BC-039,BOISE,ID
W7I/BC-040,BOISE,ID
W7I/BC-042,BOISE,ID
W7I/BC-044,BOISE,ID
W7I/BC-045,BOISE,ID
W7I/BC-046,BOISE,ID
W7I/BC-047,BOISE,ID
W7I/BC-048,BOISE,ID
W7I/BC-049,BOISE,ID
W7I/BC-050,BOISE,ID
W7I/BC-051,BOISE,ID
W7I/BC-052,BOISE,ID
W7I/BC-053,BOISE,ID
W7I/BC-054,BOISE,ID
W7I/BC-055,BOISE,ID
W7I/BC-056,BOISE,ID
W7I/BC-057,BOISE,ID
W7I/BC-058,BOISE,ID
W7I/BC-059,BOISE,ID
W7I/BC-060,BOISE,ID
W7I/BC-061,BOISE,ID
W7I/BC-062,BOISE,ID
W7I/BC-063,BOISE,ID
W7I/BC-064,BOISE,ID
W7I/BC-065,BOISE,ID
W7I/BC-066,BOISE,ID
W7I/BC-067,BOISE,ID
W7I/BC-068,BOISE,ID
W7I/BC-069,BOISE,ID
W7I/BC-070,BOISE,ID
W7I/BC-071,BOISE,ID
W7I/BC-072,BOISE,ID
W7I/BC-073,BOISE,ID
W7I/BC-074,BOISE,ID
W7I/BC-075,BOISE,ID
W7I/BC-076,BOISE,ID
W7I/BC-077,BOISE,ID
W7I/BC-078,BOISE,ID
W7I/BC-079,BOISE,ID
W7I/BC-081,BOISE,ID
W7I/BC-082,BOISE,ID
W7I/BC-083,BOISE,ID
W7I/BC-084,BOISE,ID
W7I/BC-085,BOISE,ID
W7I/BC-086,BOISE,ID
W7I/BC-087,BOISE,ID
W7I/BC-088,BOISE,ID
W7I/BC-089,BOISE,ID
W7I/BC-091,BOISE,ID
W7I/BC-092,BOISE,ID
W7I/BC-093,BOISE,ID
W7I/BC-094,BOISE,ID
W7I/BC-095,BOISE,ID
W7I/BC-096,BOISE,ID
W7I/BC-097,BOISE,ID
W7I/BC-098,BOISE,ID
W7I/BC-099,BOISE,ID
W7I/BC-101,BOISE,ID
W7I/BC-102,BOISE,ID
W7I/CU-001,CUSTER,ID
W7I/CU-002,CUSTER,ID
W7I/CU-003,CUSTER,ID
W7I/CU-004,CUSTER,ID
W7I/CU-005,CUSTER,ID
W7I/CU-006,CUSTER,ID
W7I/CU-007,CUSTER,ID
W7I/CU-008,CUSTER,ID
W7I/CU-009,CUSTER,ID
W7I/CU-010,CUSTER,ID
W7I/CU-011,CUSTER,ID
W7I/CU-013,CUSTER,ID
W7I/CU-014,CUSTER,ID
W7I/CU-015,CUSTER,ID
W7I/CU-016,CUSTER,ID
W7I/CU-017,CUSTER,ID
W7I/CU-018,CUSTER,ID
W7I/CU-019,CUSTER,ID
W7I/CU-020,CUSTER,ID
W7I/CU-021,CUSTER,ID
W7I/CU-022,CUSTER,ID
W7I/CU-023,CUSTER,ID
W7I/CU-024,CUSTER,ID
W7I/CU-025,CUSTER,ID
W7I/CU-026,CUSTER,ID
W7I/CU-027,CUSTER,ID
W7I/CU-028,CUSTER,ID
W7I/CU-029,CUSTER,ID
W7I/CU-030,CUSTER,ID
W7I/CU-031,CUSTER,ID
W7I/CU-032,CUSTER,ID
W7I/CU-033,CUSTER,ID
W7I/CU-034,CUSTER,ID
W7I/CU-035,CUSTER,ID
W7I/CU-036,CUSTER,ID
W7I/CU-037,CUSTER,ID
W7I/CU-038,CUSTER,ID
W7I/CU-039,CUSTER,ID
W7I/CU-040,CUSTER,ID
W7I/CU-041,CUSTER,ID
W7I/CU-042,CUSTER,ID
W7I/CU-043,CUSTER,ID
W7I/CU-044,CUSTER,ID
W7I/CU-045,CUSTER,ID
W7I/CU-046,CUSTER,ID
W7I/CU-047,CUSTER,ID
W7I/CU-048,CUSTER,ID
W7I/CU-049,CUSTER,ID
W7I/CU-050,CUSTER,ID
W7I/CU-051,CUSTER,ID
W7I/CU-052,CUSTER,ID
W7I/CU-053,CUSTER,ID
W7I/CU-054,CUSTER,ID
W7I/CU-055,CUSTER,ID
W7I/CU-056,CUSTER,ID
W7I/CU-057,CUSTER,ID
W7I/CU-058,CUSTER,ID
W7I/CU-059,CUSTER,ID
W7I/CU-060,CUSTER,ID
W7I/CU-061,CUSTER,ID
W7I/CU-062,CUSTER,ID
W7I/CU-063,CUSTER,ID
W7I/CU-064,CUSTER,ID
W7I/CU-065,CUSTER,ID
W7I/CU-066,CUSTER,ID
W7I/CU-067,CUSTER,ID
W7I/CU-068,CUSTER,ID
W7I/CU-069,CUSTER,ID
W7I/CU-070,CUSTER,ID
W7I/CU-071,CUSTER,ID
W7I/CU-072,CUSTER,ID
W7I/CU-073,CUSTER,ID
W7I/CU-074,CUSTER,ID
W7I/CU-075,CUSTER,ID
W7I/CU-076,CUSTER,ID
W7I/CU-077,CUSTER,ID
W7I/CU-078,CUSTER,ID
W7I/CU-079,CUSTER,ID
W7I/CU-080,CUSTER,ID
W7I/CU-081,CUSTER,ID
W7I/CU-082,CUSTER,ID
W7I/CU-083,CUSTER,ID
W7I/CU-084,CUSTER,ID
W7I/CU-085,CUSTER,ID
W7I/CU-086,CUSTER,ID
W7I/CU-087,CUSTER,ID
W7I/CU-088,CUSTER,ID
W7I/CU-089,CUSTER,ID
W7I/CU-090,CUSTER,ID
W7I/CU-092,CUSTER,ID
W7I/CU-093,CUSTER,ID
W7I/CU-094,CUSTER,ID
W7I/CU-095,CUSTER,ID
W7I/CU-096,CUSTER,ID
W7I/CU-097,CUSTER,ID
W7I/CU-098,CUSTER,ID
W7I/CU-099,CUSTER,ID
W7I/CU-100,CUSTER,ID
W7I/CU-102,CUSTER,ID
W7I/CU-103,CUSTER,ID
W7I/CU-104,CUSTER,ID
W7I/CU-105,CUSTER,ID
W7I/CU-106,CUSTER,ID
W7I/CU-107,CUSTER,ID
W7I/CU-108,CUSTER,ID
W7I/CU-109,CUSTER,ID
W7I/CU-110,CUSTER,ID
W7I/CU-111,CUSTER,ID
W7I/CU-112,CUSTER,ID
W7I/CU-113,CUSTER,ID
W7I/CU-114,CUSTER,ID
W7I/CU-115,CUSTER,ID
W7I/CU-116,CUSTER,ID
W7I/CU-117,CUSTER,ID
W7I/CU-119,CUSTER,ID
W7I/CU-120,CUSTER,ID
W7I/CU-121,CUSTER,ID
W7I/CU-122,CUSTER,ID
W7I/CU-123,CUSTER,ID
W7I/CU-124,CUSTER,ID
W7I/CU-125,CUSTER,ID
W7I/CU-126,CUSTER,ID
W7I/CU-127,CUSTER,ID
W7I/CU-128,CUSTER,ID
W7I/CU-129,CUSTER,ID
W7I/CU-130,CUSTER,ID
W7I/CU-131,CUSTER,ID
W7I/CU-132,CUSTER,ID
W7I/CU-133,CUSTER,ID
W7I/CU-134,CUSTER,ID
W7I/CU-135,CUSTER,ID
W7I/CU-136,CUSTER,ID
W7I/CU-137,CUSTER,ID
W7I/CU-138,CUSTER,ID
W7I/CU-139,CUSTER,ID
W7I/CU-140,CUSTER,ID
W7I/CU-141,CUSTER,ID
W7I/CU-142,CUSTER,ID
W7I/CU-143,CUSTER,ID
W7I/CU-144,CUSTER,ID
W7I/CU-145,CUSTER,ID
W7I/CU-146,CUSTER,ID
W7I/CU-147,CUSTER,ID
W7I/CU-149,CUSTER,ID
W7I/CU-150,CUSTER,ID
W7I/CU-151,CUSTER,ID
W7I/CU-152,CUSTER,ID
W7I/CU-153,CUSTER,ID
W7I/CU-154,CUSTER,ID
W7I/CU-155,CUSTER,ID
W7I/CU-156,CUSTER,ID
W7I/CU-157,CUSTER,ID
W7I/CU-158,CUSTER,ID
W7I/CU-159,CUSTER,ID
W7I/CU-160,CUSTER,ID
W7I/CU-161,CUSTER,ID
W7I/CU-162,CUSTER,ID
W7I/CU-163,CUSTER,ID
W7I/CU-164,CUSTER,ID
W7I/CU-165,CUSTER,ID
W7I/CU-166,CUSTER,ID
W7I/CU-167,CUSTER,ID
W7I/CU-168,CUSTER,ID
W7I/CU-169,CUSTER,ID
W7I/CU-170,CUSTER,ID
W7I/CU-171,CUSTER,ID
W7I/CU-172,CUSTER,ID
W7I/CU-173,CUSTER,ID
W7I/CU-174,CUSTER,ID
W7I/CU-175,CUSTER,ID
W7I/CU-176,CUSTER,ID
W7I/CU-177,CUSTER,ID
W7I/CU-178,CUSTER,ID
W7I/CU-179,CUSTER,ID
W7I/CU-180,CUSTER,ID
W7I/CU-181,CUSTER,ID
W7I/CU-182,CUSTER,ID
W7I/CU-183,CUSTER,ID
W7I/CU-185,CUSTER,ID
W7I/CU-186,CUSTER,ID
W7I/CU-187,CUSTER,ID
W7I/CU-188,CUSTER,ID
W7I/CU-189,CUSTER,ID
W7I/CU-190,CUSTER,ID
W7I/CU-191,CUSTER,ID
W7I/CU-192,CUSTER,ID
W7I/CU-193,CUSTER,ID
W7I/CU-194,CUSTER,ID
W7I/CU-195,CUSTER,ID
W7I/CU-196,CUSTER,ID
W7I/CU-197,CUSTER,ID
W7I/CU-198,CUSTER,ID
W7I/CU-199,CUSTER,ID
W7I/CU-200,CUSTER,ID
W7I/CU-201,CUSTER,ID
W7I/CU-202,CUSTER,ID
W7I/CU-203,CUSTER,ID
W7I/CU-204,CUSTER,ID
W7I/CU-205,CUSTER,ID
W7I/CU-206,CUSTER,ID
W7I/CU-207,CUSTER,ID
W7I/CU-208,CUSTER,ID
W7I/CU-209,CUSTER,ID
W7I/CU-210,CUSTER,ID
W7I/CU-211,CUSTER,ID
W7I/CU-212,CUSTER,ID
W7I/CU-213,CUSTER,ID
W7I/CU-214,CUSTER,ID
W7I/CU-215,CUSTER,ID
W7I/CU-216,CUSTER,ID
W7I/CU-217,CUSTER,ID
W7I/CU-218,CUSTER,ID
W7I/CU-219,CUSTER,ID
W7I/CU-220,CUSTER,ID
W7I/CU-221,CUSTER,ID
W7I/CU-222,CUSTER,ID
W7I/CU-223,CUSTER,ID
W7I/CU-224,CUSTER,ID
W7I/CU-225,CUSTER,ID
W7I/CU-226,CUSTER,ID
W7I/CU-227,CUSTER,ID
W7I/CU-228,CUSTER,ID
W7I/CU-229,CUSTER,ID
W7I/CU-230,CUSTER,ID
W7I/CU-231,CUSTER,ID
W7I/CU-232,CUSTER,ID
W7I/CU-233,CUSTER,ID
W7I/CU-234,CUSTER,ID
W7I/CU-235,CUSTER,ID
W7I/CU-236,CUSTER,ID
W7I/CU-237,CUSTER,ID
W7I/CU-239,CUSTER,ID
W7I/CU-240,CUSTER,ID
W7I/CU-241,CUSTER,ID
W7I/CU-242,CUSTER,ID
W7I/CU-243,CUSTER,ID
W7I/CU-244,CUSTER,ID
W7I/CU-245,CUSTER,ID
W7I/CU-246,CUSTER,ID
W7I/CU-247,CUSTER,ID
W7I/CU-248,CUSTER,ID
W7I/CU-249,CUSTER,ID
W7I/CU-250,CUSTER,ID
W7I/CU-251,CUSTER,ID
W7I/CU-252,CUSTER,ID
W7I/CU-253,CUSTER,ID
W7I/CU-254,CUSTER,ID
W7I/CU-255,CUSTER,ID
W7I/CU-256,CUSTER,ID
W7I/CU-257,CUSTER,ID
W7I/CU-258,CUSTER,ID
W7I/CU-259,CUSTER,ID
W7I/CU-260,CUSTER,ID
W7I/CU-261,CUSTER,ID
W7I/CU-262,CUSTER,ID
W7I/CU-263,CUSTER,ID
W7I/CU-264,CUSTER,ID
W7I/CU-265,CUSTER,ID
W7I/CU-266,CUSTER,ID
W7I/CU-267,CUSTER,ID
W7I/CU-268,CUSTER,ID
W7I/CU-269,CUSTER,ID
W7I/CU-270,CUSTER,ID
W7I/CU-271,CUSTER,ID
W7I/CU-272,CUSTER,ID
W7I/CU-273,CUSTER,ID
W7I/CU-274,CUSTER,ID
W7I/CU-275,CUSTER,ID
W7I/CU-276,CUSTER,ID
W7I/CU-277,CUSTER,ID
W7I/CU-278,CUSTER,ID
W7I/CU-279,CUSTER,ID
W7I/CU-280,CUSTER,ID
W7I/CU-281,CUSTER,ID
W7I/CU-282,CUSTER,ID
W7I/CU-283,CUSTER,ID
W7I/CU-284,CUSTER,ID
W7I/CU-285,CUSTER,ID
W7I/CU-286,CUSTER,ID
W7I/CU-287,CUSTER,ID
W7I/CU-288,CUSTER,ID
W7I/CU-289,CUSTER,ID
W7I/CU-290,CUSTER,ID
W7I/CU-292,CUSTER,ID
W7I/CU-293,CUSTER,ID
W7I/CU-294,CUSTER,ID
W7I/CU-295,CUSTER,ID
W7I/CU-296,CUSTER,ID
W7I/CU-297,CUSTER,ID
W7I/CU-298,CUSTER,ID
W7I/CU-299,CUSTER,ID
W7I/CU-300,CUSTER,ID
W7I/CU-301,CUSTER,ID
W7I/CU-302,CUSTER,ID
W7I/CU-303,CUSTER,ID
W7I/CU-304,CUSTER,ID
W7I/CU-305,CUSTER,ID
W7I/CU-306,CUSTER,ID
W7I/CU-307,CUSTER,ID
W7I/CU-308,CUSTER,ID
W7I/CU-309,CUSTER,ID
W7I/CU-310,CUSTER,ID
W7I/CU-311,CUSTER,ID
W7I/CU-312,CUSTER,ID
W7I/CU-313,CUSTER,ID
W7I/CU-314,CUSTER,ID
W7I/CU-315,CUSTER,ID
W7I/CU-316,CUSTER,ID
W7I/CU-317,CUSTER,ID
W7I/CU-318,CUSTER,ID
W7I/CU-319,CUSTER,ID
W7I/CU-320,CUSTER,ID
W7I/CU-321,CUSTER,ID
W7I/CU-322,CUSTER,ID
W7I/CU-323,CUSTER,ID
W7I/CU-324,CUSTER,ID
W7I/CU-325,CUSTER,ID
W7I/CU-326,CUSTER,ID
W7I/CU-327,CUSTER,ID
W7I/CU-328,CUSTER,ID
W7I/CU-329,CUSTER,ID
W7I/CU-330,CUSTER,ID
W7I/CU-331,CUSTER,ID
W7I/CU-332,CUSTER,ID
W7I/CU-333,CUSTER,ID
W7I/CU-334,CUSTER,ID
W7I/CU-335,CUSTER,ID
W7I/CU-336,CUSTER,ID
W7I/CU-337,CUSTER,ID
W7I/CU-338,CUSTER,ID
W7I/CU-339,CUSTER,ID
W7I/CU-340,CUSTER,ID
W7I/CU-341,CUSTER,ID
W7I/CU-342,CUSTER,ID
W7I/CU-343,CUSTER,ID
W7I/CU-344,CUSTER,ID
W7I/CU-345,CUSTER,ID
W7I/CU-346,CUSTER,ID
W7I/CU-347,CUSTER,ID
W7I/CU-348,CUSTER,ID
W7I/CU-349,CUSTER,ID
W7I/CU-350,CUSTER,ID
W7I/CU-351,CUSTER,ID
W7I/CU-352,CUSTER,ID
W7I/CU-353,CUSTER,ID
W7I/CU-354,CUSTER,ID
W7I/CU-355,CUSTER,ID
W7I/CU-356,CUSTER,ID
W7I/ER-001,CLARK,ID
W7I/ER-002,CLARK,ID
W7I/ER-004,CLARK,ID
W7I/ER-006,CLARK,ID
W7I/ER-010,FREMONT,ID
W7I/ER-011,BONNEVILLE,ID
W7I/ER-012,CLARK,ID
W7I/ER-013,BONNEVILLE,ID
W7I/ER-014,BONNEVILLE,ID
W7I/ER-017,FREMONT,ID
W7I/ER-018,CLARK,ID
W7I/ER-020,CLARK,ID
W7I/ER-021,BONNEVILLE,ID
W7I/ER-022,BONNEVILLE,ID
W7I/ER-023,BONNEVILLE,ID
W7I/ER-025,CLARK,ID
W7I/ER-027,FREMONT,ID
W7I/ER-028,CLARK,ID
W7I/ER-029,CLARK,ID
W7I/ER-030,BONNEVILLE,ID
W7I/ER-031,BONNEVILLE,ID
W7I/ER-032,BONNEVILLE,ID
W7I/ER-033,BONNEVILLE,ID
W7I/ER-034,CLARK,ID
W7I/ER-035,BONNEVILLE,ID
W7I/ER-036,CLARK,ID
W7I/ER-038,CLARK,ID
W7I/ER-040,CLARK,ID
W7I/ER-041,TETON,ID
W7I/ER-042,TETON,ID
W7I/ER-043,BONNEVILLE,ID
W7I/ER-044,BONNEVILLE,ID
W7I/ER-045,BONNEVILLE,ID
W7I/ER-046,CLARK,ID
W7I/ER-047,TETON,ID
W7I/ER-048,BONNEVILLE,ID
W7I/ER-050,BONNEVILLE,ID
W7I/ER-051,CLARK,ID
W7I/ER-053,FREMONT,ID
W7I/ER-054,TETON,ID
W7I/ER-056,BONNEVILLE,ID
W7I/ER-058,CLARK,ID
W7I/ER-059,BONNEVILLE,ID
W7I/ER-060,CLARK,ID
W7I/ER-061,BONNEVILLE,ID
W7I/ER-062,BONNEVILLE,ID
W7I/ER-063,BONNEVILLE,ID
W7I/ER-064,FREMONT,ID
W7I/ER-066,TETON,ID
W7I/ER-067,BONNEVILLE,ID
W7I/ER-070,BONNEVILLE,ID
W7I/ER-071,CLARK,ID
W7I/ER-072,MADISON,ID
W7I/ER-073,MADISON,ID
W7I/ER-074,BONNEVILLE,ID
W7I/ER-075,BONNEVILLE,ID
W7I/ER-076,BONNEVILLE,ID
W7I/ER-077,BONNEVILLE,ID
W7I/ER-078,CLARK,ID
W7I/ER-079,FREMONT,ID
W7I/ER-080,CLARK,ID
W7I/ER-081,MADISON,ID
W7I/ER-082,BONNEVILLE,ID
W7I/ER-083,BONNEVILLE,ID
W7I/ER-084,BONNEVILLE,ID
W7I/ER-085,CLARK,ID
W7I/ER-086,BONNEVILLE,ID
W7I/ER-087,BONNEVILLE,ID
W7I/ER-088,CLARK,ID
W7I/ER-089,BONNEVILLE,ID
W7I/ER-090,BONNEVILLE,ID
W7I/ER-091,BONNEVILLE,ID
W7I/ER-093,FREMONT,ID
W7I/ER-094,FREMONT,ID
W7I/ER-095,BONNEVILLE,ID
W7I/ER-096,FREMONT,ID
W7I/ER-097,FREMONT,ID
W7I/ER-100,CLARK,ID
W7I/ER-101,BONNEVILLE,ID
W7I/IC-001,IDAHO,ID
W7I/IC-002,IDAHO,ID
W7I/IC-003,IDAHO,ID
W7I/IC-004,IDAHO,ID
W7I/IC-005,IDAHO,ID
W7I/IC-006,IDAHO,ID
W7I/IC-007,IDAHO,ID
W7I/IC-009,IDAHO,ID
W7I/IC-010,IDAHO,ID
W7I/IC-011,IDAHO,ID
W7I/IC-012,IDAHO,ID
W7I/IC-013,IDAHO,ID
W7I/IC-014,IDAHO,ID
W7I/IC-015,IDAHO,ID
W7I/IC-016,IDAHO,ID
W7I/IC-017,IDAHO,ID
W7I/IC-018,IDAHO,ID
W7I/IC-021,IDAHO,ID
W7I/IC-022,IDAHO,ID
W7I/IC-025,IDAHO,ID
W7I/IC-026,IDAHO,ID
W7I/IC-028,IDAHO,ID
W7I/IC-029,IDAHO,ID
W7I/IC-031,IDAHO,ID
W7I/IC-032,IDAHO,ID
W7I/IC-035,IDAHO,ID
W7I/IC-036,IDAHO,ID
W7I/IC-038,IDAHO,ID
W7I/IC-040,IDAHO,ID
W7I/IC-041,IDAHO,ID
W7I/IC-042,IDAHO,ID
W7I/IC-043,IDAHO,ID
W7I/IC-044,IDAHO,ID
W7I/IC-045,IDAHO,ID
W7I/IC-046,IDAHO,ID
W7I/IC-047,IDAHO,ID
W7I/IC-048,IDAHO,ID
W7I/IC-049,IDAHO,ID
W7I/IC-050,IDAHO,ID
W7I/IC-052,IDAHO,ID
W7I/IC-053,IDAHO,ID
W7I/IC-055,IDAHO,ID
W7I/IC-056,IDAHO,ID
W7I/IC-057,IDAHO,ID
W7I/IC-058,IDAHO,ID
W7I/IC-059,IDAHO,ID
W7I/IC-060,IDAHO,ID
W7I/IC-061,IDAHO,ID
W7I/IC-063,IDAHO,ID
W7I/IC-064,IDAHO,ID
W7I/IC-067,IDAHO,ID
W7I/IC-068,IDAHO,ID
W7I/IC-069,IDAHO,ID
W7I/IC-071,IDAHO,ID
W7I/IC-072,IDAHO,ID
W7I/IC-073,IDAHO,ID
W7I/IC-074,IDAHO,ID
W7I/IC-075,IDAHO,ID
W7I/IC-076,IDAHO,ID
W7I/IC-077,IDAHO,ID
W7I/IC-078,IDAHO,ID
W7I/IC-079,IDAHO,ID
W7I/IC-080,IDAHO,ID
W7I/IC-081,IDAHO,ID
W7I/IC-082,IDAHO,ID
W7I/IC-083,IDAHO,ID
W7I/IC-084,IDAHO,ID
W7I/IC-085,IDAHO,ID
W7I/IC-086,IDAHO,ID
W7I/IC-087,IDAHO,ID
W7I/IC-088,IDAHO,ID
W7I/IC-089,IDAHO,ID
W7I/IC-090,IDAHO,ID
W7I/IC-091,IDAHO,ID
W7I/IC-092,IDAHO,ID
W7I/IC-093,IDAHO,ID
W7I/IC-094,IDAHO,ID
W7I/IC-095,IDAHO,ID
W7I/IC-096,IDAHO,ID
W7I/IC-097,IDAHO,ID
W7I/IC-099,IDAHO,ID
W7I/IC-100,IDAHO,ID
W7I/IC-101,IDAHO,ID
W7I/IC-102,IDAHO,ID
W7I/IC-103,IDAHO,ID
W7I/IC-104,IDAHO,ID
W7I/IC-105,IDAHO,ID
W7I/IC-106,IDAHO,ID
W7I/IC-107,IDAHO,ID
W7I/IC-108,IDAHO,ID
W7I/IC-109,IDAHO,ID
W7I/IC-110,IDAHO,ID
W7I/IC-111,IDAHO,ID
W7I/IC-112,IDAHO,ID
W7I/IC-113,IDAHO,ID
W7I/IC-114,IDAHO,ID
W7I/IC-115,IDAHO,ID
W7I/IC-116,IDAHO,ID
W7I/IC-117,IDAHO,ID
W7I/IC-118,IDAHO,ID
W7I/IC-119,IDAHO,ID
W7I/IC-120,IDAHO,ID
W7I/IC-121,IDAHO,ID
W7I/IC-122,IDAHO,ID
W7I/IC-123,IDAHO,ID
W7I/IC-124,IDAHO,ID
W7I/IC-125,IDAHO,ID
W7I/IC-126,IDAHO,ID
W7I/IC-127,IDAHO,ID
W7I/IC-128,IDAHO,ID
W7I/IC-129,IDAHO,ID
W7I/IC-130,IDAHO,ID
W7I/IC-131,IDAHO,ID
W7I/IC-132,IDAHO,ID
W7I/IC-133,IDAHO,ID
W7I/IC-134,IDAHO,ID
W7I/IC-135,IDAHO,ID
W7I/IC-136,IDAHO,ID
W7I/IC-137,IDAHO,ID
W7I/IC-138,IDAHO,ID
W7I/IC-139,IDAHO,ID
W7I/IC-140,IDAHO,ID
W7I/IC-141,IDAHO,ID
W7I/IC-142,IDAHO,ID
W7I/IC-143,IDAHO,ID
W7I/IC-144,IDAHO,ID
W7I/IC-145,IDAHO,ID
W7I/IC-146,IDAHO,ID
W7I/IC-147,IDAHO,ID
W7I/IC-148,IDAHO,ID
W7I/IC-149,IDAHO,ID
W7I/IC-150,IDAHO,ID
W7I/IC-151,IDAHO,ID
W7I/IC-152,IDAHO,ID
W7I/IC-153,IDAHO,ID
W7I/IC-154,IDAHO,ID
W7I/IC-155,IDAHO,ID
W7I/IC-156,IDAHO,ID
W7I/IC-157,IDAHO,ID
W7I/IC-158,IDAHO,ID
W7I/IC-159,IDAHO,ID
W7I/IC-160,IDAHO,ID
W7I/IC-161,IDAHO,ID
W7I/IC-162,IDAHO,ID
W7I/IC-163,IDAHO,ID
W7I/IC-164,IDAHO,ID
W7I/IC-165,IDAHO,ID
W7I/IC-166,IDAHO,ID
W7I/IC-167,IDAHO,ID
W7I/IC-168,IDAHO,ID
W7I/IC-169,IDAHO,ID
W7I/IC-170,IDAHO,ID
W7I/IC-171,IDAHO,ID
W7I/IC-172,IDAHO,ID
W7I/IC-173,IDAHO,ID
W7I/IC-174,IDAHO,ID
W7I/IC-176,IDAHO,ID
W7I/IC-177,IDAHO,ID
W7I/IC-178,IDAHO,ID
W7I/IC-179,IDAHO,ID
W7I/IC-180,IDAHO,ID
W7I/IC-181,IDAHO,ID
W7I/IC-182,IDAHO,ID
W7I/IC-183,IDAHO,ID
W7I/IC-184,IDAHO,ID
W7I/IC-185,IDAHO,ID
W7I/IC-186,IDAHO,ID
W7I/IC-187,IDAHO,ID
W7I/IC-188,IDAHO,ID
W7I/IC-189,IDAHO,ID
W7I/IC-190,IDAHO,ID
W7I/IC-191,IDAHO,ID
W7I/IC-192,IDAHO,ID
W7I/IC-193,IDAHO,ID
W7I/IC-194,IDAHO,ID
W7I/IC-196,IDAHO,ID
W7I/IC-197,IDAHO,ID
W7I/IC-198,IDAHO,ID
W7I/IC-199,IDAHO,ID
W7I/IC-200,IDAHO,ID
W7I/IC-201,IDAHO,ID
W7I/IC-202,IDAHO,ID
W7I/IC-203,IDAHO,ID
W7I/IC-204,IDAHO,ID
W7I/IC-205,IDAHO,ID
W7I/IC-206,IDAHO,ID
W7I/IC-207,IDAHO,ID
W7I/IC-208,IDAHO,ID
W7I/IC-210,IDAHO,ID
W7I/IC-211,IDAHO,ID
W7I/IC-212,IDAHO,ID
W7I/IC-213,IDAHO,ID
W7I/IC-214,IDAHO,ID
W7I/IC-215,IDAHO,ID
W7I/IC-216,IDAHO,ID
W7I/IC-217,IDAHO,ID
W7I/IC-218,IDAHO,ID
W7I/IC-220,IDAHO,ID
W7I/IC-221,IDAHO,ID
W7I/IC-222,IDAHO,ID
W7I/IC-223,IDAHO,ID
W7I/IC-224,IDAHO,ID
W7I/IC-225,IDAHO,ID
W7I/IC-226,IDAHO,ID
W7I/IC-227,IDAHO,ID
W7I/IC-228,IDAHO,ID
W7I/IC-229,IDAHO,ID
W7I/IC-230,IDAHO,ID
W7I/IC-231,IDAHO,ID
W7I/IC-232,IDAHO,ID
W7I/IC-233,IDAHO,ID
W7I/IC-234,IDAHO,ID
W7I/IC-235,IDAHO,ID
W7I/IC-236,IDAHO,ID
W7I/IC-237,IDAHO,ID
W7I/IC-238,IDAHO,ID
W7I/IC-239,IDAHO,ID
W7I/IC-240,IDAHO,ID
W7I/IC-241,IDAHO,ID
W7I/IC-242,IDAHO,ID
W7I/IC-243,IDAHO,ID
W7I/IC-244,IDAHO,ID
W7I/IC-245,IDAHO,ID
W7I/IC-246,IDAHO,ID
W7I/IC-247,IDAHO,ID
W7I/IC-248,IDAHO,ID
W7I/IC-249,IDAHO,ID
W7I/IC-250,IDAHO,ID
W7I/IC-251,IDAHO,ID
W7I/IC-252,IDAHO,ID
W7I/IC-253,IDAHO,ID
W7I/IC-254,IDAHO,ID
W7I/IC-255,IDAHO,ID
W7I/IC-256,IDAHO,ID
W7I/IC-257,IDAHO,ID
W7I/IC-258,IDAHO,ID
W7I/IC-259,IDAHO,ID
W7I/IC-260,IDAHO,ID
W7I/IC-261,IDAHO,ID
W7I/IC-262,IDAHO,ID
W7I/IC-263,IDAHO,ID
W7I/IC-264,IDAHO,ID
W7I/IC-265,IDAHO,ID
W7I/IC-266,IDAHO,ID
W7I/IC-267,IDAHO,ID
W7I/IC-268,IDAHO,ID
W7I/IC-269,IDAHO,ID
W7I/IC-270,IDAHO,ID
W7I/IC-271,IDAHO,ID
W7I/IC-272,IDAHO,ID
W7I/IC-273,IDAHO,ID
W7I/IC-274,IDAHO,ID
W7I/IC-275,IDAHO,ID
W7I/IC-276,IDAHO,ID
W7I/IC-277,IDAHO,ID
W7I/IC-278,IDAHO,ID
W7I/IC-279,IDAHO,ID
W7I/IC-280,IDAHO,ID
W7I/IC-281,IDAHO,ID
W7I/IC-282,IDAHO,ID
W7I/IC-283,IDAHO,ID
W7I/IC-284,IDAHO,ID
W7I/IC-285,IDAHO,ID
W7I/IC-286,IDAHO,ID
W7I/IC-287,IDAHO,ID
W7I/IC-288,IDAHO,ID
W7I/IC-289,IDAHO,ID
W7I/IC-290,IDAHO,ID
W7I/IC-291,IDAHO,ID
W7I/IC-292,IDAHO,ID
W7I/IC-293,IDAHO,ID
W7I/IC-294,IDAHO,ID
W7I/IC-295,IDAHO,ID
W7I/IC-297,IDAHO,ID
W7I/IC-298,IDAHO,ID
W7I/IC-299,IDAHO,ID
W7I/IC-300,IDAHO,ID
W7I/IC-301,IDAHO,ID
W7I/IC-302,IDAHO,ID
W7I/IC-303,IDAHO,ID
W7I/IC-304,IDAHO,ID
W7I/IC-305,IDAHO,ID
W7I/IC-306,IDAHO,ID
W7I/IC-307,IDAHO,ID
W7I/IC-308,IDAHO,ID
W7I/IC-309,IDAHO,ID
W7I/IC-310,IDAHO,ID
W7I/IC-311,IDAHO,ID
W7I/IC-312,IDAHO,ID
W7I/IC-313,IDAHO,ID
W7I/IC-314,IDAHO,ID
W7I/IC-315,IDAHO,ID
W7I/IC-316,IDAHO,ID
W7I/IC-317,IDAHO,ID
W7I/IC-318,IDAHO,ID
W7I/IC-319,IDAHO,ID
W7I/IC-320,IDAHO,ID
W7I/IC-321,IDAHO,ID
W7I/IC-322,IDAHO,ID
W7I/IC-323,IDAHO,ID
W7I/IC-324,IDAHO,ID
W7I/IC-325,IDAHO,ID
W7I/IC-326,IDAHO,ID
W7I/IC-328,IDAHO,ID
W7I/IC-329,IDAHO,ID
W7I/IC-330,IDAHO,ID
W7I/IC-331,IDAHO,ID
W7I/IC-332,IDAHO,ID
W7I/IC-333,IDAHO,ID
W7I/IC-334,IDAHO,ID
W7I/IC-335,IDAHO,ID
W7I/IC-336,IDAHO,ID
W7I/IC-337,IDAHO,ID
W7I/IC-338,IDAHO,ID
W7I/IC-339,IDAHO,ID
W7I/IC-340,IDAHO,ID
W7I/IC-341,IDAHO,ID
W7I/LE-001,LEMHI,ID
W7I/LE-003,LEMHI,ID
W7I/LE-005,LEMHI,ID
W7I/LE-006,LEMHI,ID
W7I/LE-007,LEMHI,ID
W7I/LE-008,LEMHI,ID
W7I/LE-009,LEMHI,ID
W7I/LE-010,LEMHI,ID
W7I/LE-011,LEMHI,ID
W7I/LE-012,LEMHI,ID
W7I/LE-013,LEMHI,ID
W7I/LE-014,LEMHI,ID
W7I/LE-016,LEMHI,ID
W7I/LE-017,LEMHI,ID
W7I/LE-018,LEMHI,ID
W7I/LE-019,LEMHI,ID
W7I/LE-020,LEMHI,ID
W7I/LE-021,LEMHI,ID
W7I/LE-022,LEMHI,ID
W7I/LE-023,LEMHI,ID
W7I/LE-024,LEMHI,ID
W7I/LE-025,LEMHI,ID
W7I/LE-026,LEMHI,ID
W7I/LE-027,LEMHI,ID
W7I/LE-028,LEMHI,ID
W7I/LE-029,LEMHI,ID
W7I/LE-030,LEMHI,ID
W7I/LE-031,LEMHI,ID
W7I/LE-032,LEMHI,ID
W7I/LE-033,LEMHI,ID
W7I/LE-034,LEMHI,ID
W7I/LE-035,LEMHI,ID
W7I/LE-036,LEMHI,ID
W7I/LE-037,LEMHI,ID
W7I/LE-038,LEMHI,ID
W7I/LE-039,LEMHI,ID
W7I/LE-040,LEMHI,ID
W7I/LE-041,LEMHI,ID
W7I/LE-042,LEMHI,ID
W7I/LE-043,LEMHI,ID
W7I/LE-046,LEMHI,ID
W7I/LE-048,LEMHI,ID
W7I/LE-049,LEMHI,ID
W7I/LE-050,LEMHI,ID
W7I/LE-051,LEMHI,ID
W7I/LE-052,LEMHI,ID
W7I/LE-053,LEMHI,ID
W7I/LE-054,LEMHI,ID
W7I/LE-055,LEMHI,ID
W7I/LE-056,LEMHI,ID
W7I/LE-057,LEMHI,ID
W7I/LE-058,LEMHI,ID
W7I/LE-059,LEMHI,ID
W7I/LE-060,LEMHI,ID
W7I/LE-061,LEMHI,ID
W7I/LE-066,LEMHI,ID
W7I/LE-067,LEMHI,ID
W7I/LE-068,LEMHI,ID
W7I/LE-069,LEMHI,ID
W7I/LE-070,LEMHI,ID
W7I/LE-071,LEMHI,ID
W7I/LE-073,LEMHI,ID
W7I/LE-074,LEMHI,ID
W7I/LE-075,LEMHI,ID
W7I/LE-077,LEMHI,ID
W7I/LE-079,LEMHI,ID
W7I/LE-080,LEMHI,ID
W7I/LE-081,LEMHI,ID
W7I/LE-083,LEMHI,ID
W7I/LE-084,LEMHI,ID
W7I/LE-085,LEMHI,ID
W7I/LE-086,LEMHI,ID
W7I/LE-087,LEMHI,ID
W7I/LE-088,LEMHI,ID
W7I/LE-089,LEMHI,ID
W7I/LE-090,LEMHI,ID
W7I/LE-091,LEMHI,ID
W7I/LE-092,LEMHI,ID
W7I/LE-093,LEMHI,ID
W7I/LE-094,LEMHI,ID
W7I/LE-095,LEMHI,ID
W7I/LE-096,LEMHI,ID
W7I/LE-097,LEMHI,ID
W7I/LE-098,LEMHI,ID
W7I/LE-099,LEMHI,ID
W7I/LE-100,LEMHI,ID
W7I/LE-101,LEMHI,ID
W7I/LE-102,LEMHI,ID
W7I/LE-104,LEMHI,ID
W7I/LE-105,LEMHI,ID
W7I/LE-106,LEMHI,ID
W7I/LE-107,LEMHI,ID
W7I/LE-108,LEMHI,ID
W7I/LE-109,LEMHI,ID
W7I/LE-110,LEMHI,ID
W7I/LE-111,LEMHI,ID
W7I/LE-112,LEMHI,ID
W7I/LE-113,LEMHI,ID
W7I/LE-114,LEMHI,ID
W7I/LE-115,LEMHI,ID
W7I/LE-116,LEMHI,ID
W7I/LE-118,LEMHI,ID
W7I/LE-119,LEMHI,ID
W7I/LE-120,LEMHI,ID
W7I/LE-121,LEMHI,ID
W7I/LE-122,LEMHI,ID
W7I/LE-124,LEMHI,ID
W7I/LE-125,LEMHI,ID
W7I/LE-126,LEMHI,ID
W7I/LE-127,LEMHI,ID
W7I/LE-128,LEMHI,ID
W7I/LE-129,LEMHI,ID
W7I/LE-130,LEMHI,ID
W7I/LE-131,LEMHI,ID
W7I/LE-132,LEMHI,ID
W7I/LE-133,LEMHI,ID
W7I/LE-134,LEMHI,ID
W7I/LE-135,LEMHI,ID
W7I/LE-136,LEMHI,ID
W7I/LE-137,LEMHI,ID
W7I/LE-138,LEMHI,ID
W7I/LE-139,LEMHI,ID
W7I/LE-140,LEMHI,ID
W7I/LE-141,LEMHI,ID
W7I/LE-142,LEMHI,ID
W7I/LE-143,LEMHI,ID
W7I/LE-144,LEMHI,ID
W7I/LE-145,LEMHI,ID
W7I/LE-146,LEMHI,ID
W7I/LE-147,LEMHI,ID
W7I/LE-148,LEMHI,ID
W7I/LE-151,LEMHI,ID
W7I/LE-153,LEMHI,ID
W7I/LE-154,LEMHI,ID
W7I/LE-155,LEMHI,ID
W7I/LE-156,LEMHI,ID
W7I/LE-157,LEMHI,ID
W7I/LE-158,LEMHI,ID
W7I/LE-159,LEMHI,ID
W7I/LE-160,LEMHI,ID
W7I/LE-161,LEMHI,ID
W7I/LE-162,LEMHI,ID
W7I/LE-163,LEMHI,ID
W7I/LE-164,LEMHI,ID
W7I/LE-166,LEMHI,ID
W7I/LE-167,LEMHI,ID
W7I/LE-168,LEMHI,ID
W7I/LE-169,LEMHI,ID
W7I/LE-170,LEMHI,ID
W7I/LE-171,LEMHI,ID
W7I/LE-172,LEMHI,ID
W7I/LE-173,LEMHI,ID
W7I/LE-174,LEMHI,ID
W7I/LE-175,LEMHI,ID
W7I/LE-176,LEMHI,ID
W7I/LE-177,LEMHI,ID
W7I/LE-179,LEMHI,ID
W7I/LE-180,LEMHI,ID
W7I/LE-181,LEMHI,ID
W7I/LE-183,LEMHI,ID
W7I/LE-185,LEMHI,ID
W7I/LE-186,LEMHI,ID
W7I/LE-187,LEMHI,ID
W7I/LE-189,LEMHI,ID
W7I/LE-190,LEMHI,ID
W7I/LE-191,LEMHI,ID
W7I/LE-192,LEMHI,ID
W7I/LE-193,LEMHI,ID
W7I/LE-194,LEMHI,ID
W7I/LE-195,LEMHI,ID
W7I/LE-196,LEMHI,ID
W7I/LE-197,LEMHI,ID
W7I/LE-198,LEMHI,ID
W7I/LE-199,LEMHI,ID
W7I/LE-200,LEMHI,ID
W7I/LE-201,LEMHI,ID
W7I/LE-202,LEMHI,ID
W7I/LE-203,LEMHI,ID
W7I/LE-204,LEMHI,ID
W7I/LE-205,LEMHI,ID
W7I/LE-206,LEMHI,ID
W7I/LE-207,LEMHI,ID
W7I/LE-208,LEMHI,ID
W7I/LE-209,LEMHI,ID
W7I/LE-210,LEMHI,ID
W7I/LE-211,LEMHI,ID
W7I/LE-212,LEMHI,ID
W7I/LE-213,LEMHI,ID
W7I/LE-214,LEMHI,ID
W7I/LE-215,LEMHI,ID
W7I/LE-216,LEMHI,ID
W7I/LE-217,LEMHI,ID
W7I/LE-218,LEMHI,ID
W7I/NP-001,BOUNDARY,ID
W7I/NP-002,BOUNDARY,ID
W7I/NP-003,BOUNDARY,ID
W7I/NP-004,BOUNDARY,ID
W7I/NP-005,BOUNDARY,ID
W7I/NP-006,BOUNDARY,ID
W7I/NP-007,BOUNDARY,ID
W7I/NP-008,BOUNDARY,ID
W7I/NP-009,BOUNDARY,ID
W7I/NP-010,BOUNDARY,ID
W7I/NP-011,BOUNDARY,ID
W7I/NP-012,BOUNDARY,ID
W7I/NP-013,BOUNDARY,ID
W7I/NP-014,BOUNDARY,ID
W7I/NP-015,BOUNDARY,ID
W7I/NP-016,BOUNDARY,ID
W7I/NP-017,BOUNDARY,ID
W7I/NP-018,BOUNDARY,ID
W7I/NP-019,BOUNDARY,ID
W7I/NP-020,BONNER,ID
W7I/NP-021,BOUNDARY,ID
W7I/NP-023,BOUNDARY,ID
W7I/NP-024,BOUNDARY,ID
W7I/NP-025,BOUNDARY,ID
W7I/NP-026,BOUNDARY,ID
W7I/NP-027,BOUNDARY,ID
W7I/NP-029,BOUNDARY,ID
W7I/NP-030,BONNER,ID
W7I/NP-031,BOUNDARY,ID
W7I/NP-032,BOUNDARY,ID
W7I/NP-033,BOUNDARY,ID
W7I/NP-034,BONNER,ID
W7I/NP-035,BONNER,ID
W7I/NP-036,BONNER,ID
W7I/NP-037,BOUNDARY,ID
W7I/NP-038,BONNER,ID
W7I/NP-039,BOUNDARY,ID
W7I/NP-040,BOUNDARY,ID
W7I/NP-041,BONNER,ID
W7I/NP-042,BONNER,ID
W7I/NP-043,BONNER,ID
W7I/NP-044,BOUNDARY,ID
W7I/NP-045,BONNER,ID
W7I/NP-046,BOUNDARY,ID
W7I/NP-047,KOOTENAI,ID
W7I/NP-048,BONNER,ID
W7I/NP-049,BOUNDARY,ID
W7I/NP-050,BOUNDARY,ID
W7I/NP-051,BONNER,ID
W7I/NP-052,BONNER,ID
W7I/NP-053,BONNER,ID
W7I/NP-054,BOUNDARY,ID
W7I/NP-055,BOUNDARY,ID
W7I/NP-056,BONNER,ID
W7I/NP-057,BOUNDARY,ID
W7I/NP-058,BONNER,ID
W7I/NP-059,KOOTENAI,ID
W7I/NP-060,BONNER,ID
W7I/NP-061,BOUNDARY,ID
W7I/NP-062,BOUNDARY,ID
W7I/NP-063,BONNER,ID
W7I/NP-064,BONNER,ID
W7I/NP-065,BONNER,ID
W7I/NP-066,BOUNDARY,ID
W7I/NP-067,BOUNDARY,ID
W7I/NP-068,BOUNDARY,ID
W7I/NP-069,BOUNDARY,ID
W7I/NP-070,BONNER,ID
W7I/NP-071,BOUNDARY,ID
W7I/NP-072,BOUNDARY,ID
W7I/NP-073,BOUNDARY,ID
W7I/NP-074,BONNER,ID
W7I/NP-075,BOUNDARY,ID
W7I/NP-076,BOUNDARY,ID
W7I/NP-077,BOUNDARY,ID
W7I/NP-078,BONNER,ID
W7I/NP-079,BONNER,ID
W7I/NP-080,BONNER,ID
W7I/NP-081,BONNER,ID
W7I/NP-082,KOOTENAI,ID
W7I/NP-083,BONNER,ID
W7I/NP-084,KOOTENAI,ID
W7I/NP-086,BOUNDARY,ID
W7I/NP-087,BONNER,ID
W7I/NP-088,BOUNDARY,ID
W7I/NP-089,BONNER,ID
W7I/NP-090,KOOTENAI,ID
W7I/NP-091,KOOTENAI,ID
W7I/NP-092,BONNER,ID
W7I/NP-093,BONNER,ID
W7I/NP-095,KOOTENAI,ID
W7I/NP-096,KOOTENAI,ID
W7I/NP-097,BONNER,ID
W7I/NP-098,BONNER,ID
W7I/NP-099,KOOTENAI,ID
W7I/NP-100,BONNER,ID
W7I/NP-101,BONNER,ID
W7I/NP-102,BONNER,ID
W7I/NP-103,KOOTENAI,ID
W7I/NP-104,KOOTENAI,ID
W7I/NP-105,KOOTENAI,ID
W7I/NP-106,BOUNDARY,ID
W7I/NP-107,KOOTENAI,ID
W7I/NP-108,KOOTENAI,ID
W7I/NP-109,BOUNDARY,ID
W7I/NP-110,KOOTENAI,ID
W7I/NP-111,BONNER,ID
W7I/NP-112,KOOTENAI,ID
W7I/NP-113,KOOTENAI,ID
W7I/NP-114,BONNER,ID
W7I/NP-115,BONNER,ID
W7I/NP-116,KOOTENAI,ID
W7I/NP-117,BONNER,ID
W7I/NP-118,BONNER,ID
W7I/NP-119,KOOTENAI,ID
W7I/NP-120,KOOTENAI,ID
W7I/NP-121,BONNER,ID
W7I/NP-122,KOOTENAI,ID
W7I/NP-123,BONNER,ID
W7I/NP-124,KOOTENAI,ID
W7I/NP-125,BONNER,ID
W7I/NP-126,BONNER,ID
W7I/NP-127,BONNER,ID
W7I/NP-128,KOOTENAI,ID
W7I/NP-129,KOOTENAI,ID
W7I/NP-130,BONNER,ID
W7I/NP-131,BOUNDARY,ID
W7I/NP-132,KOOTENAI,ID
W7I/NP-133,BONNER,ID
W7I/NP-134,BONNER,ID
W7I/NP-135,BONNER,ID
W7I/NP-136,BONNER,ID
W7I/NP-137,BOUNDARY,ID
W7I/NP-138,BONNER,ID
W7I/NP-139,BOUNDARY,ID
W7I/NP-140,BONNER,ID
W7I/NP-141,KOOTENAI,ID
W7I/NP-142,KOOTENAI,ID
W7I/NP-143,BONNER,ID
W7I/NP-144,BONNER,ID
W7I/NP-145,BOUNDARY,ID
W7I/NP-146,BOUNDARY,ID
W7I/NP-147,KOOTENAI,ID
W7I/NP-148,KOOTENAI,ID
W7I/NP-149,KOOTENAI,ID
W7I/NP-150,KOOTENAI,ID
W7I/NP-151,BONNER,ID
W7I/NP-152,BONNER,ID
W7I/NP-153,KOOTENAI,ID
W7I/NP-154,BONNER,ID
W7I/NP-155,BOUNDARY,ID
W7I/NP-156,BONNER,ID
W7I/NP-157,KOOTENAI,ID
W7I/NP-158,KOOTENAI,ID
W7I/NP-159,KOOTENAI,ID
W7I/NP-160,BONNER,ID
W7I/NP-161,BONNER,ID
W7I/NP-162,BONNER,ID
W7I/NP-163,KOOTENAI,ID
W7I/NP-164,KOOTENAI,ID
W7I/NP-165,BONNER,ID
W7I/NP-166,KOOTENAI,ID
W7I/NP-167,BONNER,ID
W7I/NP-168,BONNER,ID
W7I/NP-169,BONNER,ID
W7I/NP-170,BONNER,ID
W7I/NP-171,BONNER,ID
W7I/NP-172,BOUNDARY,ID
W7I/NP-173,BONNER,ID
W7I/NP-174,KOOTENAI,ID
W7I/NP-175,BONNER,ID
W7I/NP-176,BONNER,ID
W7I/NP-177,KOOTENAI,ID
W7I/NP-178,KOOTENAI,ID
W7I/NP-179,KOOTENAI,ID
W7I/NP-180,BONNER,ID
W7I/NP-181,BONNER,ID
W7I/NP-182,BONNER,ID
W7I/NP-183,KOOTENAI,ID
W7I/NP-184,BONNER,ID
W7I/NP-185,KOOTENAI,ID
W7I/NP-186,KOOTENAI,ID
W7I/NP-187,BONNER,ID
W7I/NP-188,KOOTENAI,ID
W7I/NP-189,KOOTENAI,ID
W7I/NP-190,KOOTENAI,ID
W7I/NP-191,KOOTENAI,ID
W7I/NP-192,KOOTENAI,ID
W7I/NP-193,BONNER,ID
W7I/NP-194,BOUNDARY,ID
W7I/NP-195,BOUNDARY,ID
W7I/NP-196,BONNER,ID
W7I/NP-197,BOUNDARY,ID
W7I/NP-198,BONNER,ID
W7I/NP-199,BOUNDARY,ID
W7I/NP-200,BONNER,ID
W7I/NP-201,BONNER,ID
W7I/NP-202,BONNER,ID
W7I/NP-203,BONNER,ID
W7I/NP-204,BONNER,ID
W7I/NP-205,KOOTENAI,ID
W7I/NP-206,BONNER,ID
W7I/NP-207,BONNER,ID
W7I/NP-208,BONNER,ID
W7I/NP-209,BOUNDARY,ID
W7I/NP-210,KOOTENAI,ID
W7I/NP-211,BONNER,ID
W7I/NP-212,BOUNDARY,ID
W7I/NP-213,BOUNDARY,ID
W7I/NP-214,BONNER,ID
W7I/NP-215,BOUNDARY,ID
W7I/NP-216,BOUNDARY,ID
W7I/NI-001,CLEARWATER,ID
W7I/NI-003,CLEARWATER,ID
W7I/NI-004,CLEARWATER,ID
W7I/NI-005,CLEARWATER,ID
W7I/NI-008,CLEARWATER,ID
W7I/NI-009,CLEARWATER,ID
W7I/NI-010,CLEARWATER,ID
W7I/NI-017,CLEARWATER,ID
W7I/NI-018,CLEARWATER,ID
W7I/NI-021,CLEARWATER,ID
W7I/NI-022,CLEARWATER,ID
W7I/NI-023,CLEARWATER,ID
W7I/NI-024,CLEARWATER,ID
W7I/NI-025,SHOSHONE,ID
W7I/NI-026,CLEARWATER,ID
W7I/NI-027,CLEARWATER,ID
W7I/NI-028,CLEARWATER,ID
W7I/NI-029,CLEARWATER,ID
W7I/NI-030,CLEARWATER,ID
W7I/NI-031,SHOSHONE,ID
W7I/NI-032,SHOSHONE,ID
W7I/NI-033,CLEARWATER,ID
W7I/NI-034,SHOSHONE,ID
W7I/NI-035,SHOSHONE,ID
W7I/NI-037,SHOSHONE,ID
W7I/NI-038,SHOSHONE,ID
W7I/NI-039,SHOSHONE,ID
W7I/NI-040,SHOSHONE,ID
W7I/NI-041,SHOSHONE,ID
W7I/NI-042,SHOSHONE,ID
W7I/NI-043,CLEARWATER,ID
W7I/NI-044,SHOSHONE,ID
W7I/NI-045,SHOSHONE,ID
W7I/NI-046,CLEARWATER,ID
W7I/NI-047,CLEARWATER,ID
W7I/NI-048,CLEARWATER,ID
W7I/NI-049,SHOSHONE,ID
W7I/NI-050,SHOSHONE,ID
W7I/NI-051,SHOSHONE,ID
W7I/NI-053,SHOSHONE,ID
W7I/NI-054,SHOSHONE,ID
W7I/NI-055,CLEARWATER,ID
W7I/NI-056,SHOSHONE,ID
W7I/NI-057,SHOSHONE,ID
W7I/NI-058,SHOSHONE,ID
W7I/NI-059,CLEARWATER,ID
W7I/NI-060,SHOSHONE,ID
W7I/NI-064,SHOSHONE,ID
W7I/NI-065,CLEARWATER,ID
W7I/NI-066,SHOSHONE,ID
W7I/NI-068,CLEARWATER,ID
W7I/NI-069,SHOSHONE,ID
W7I/NI-071,CLEARWATER,ID
W7I/NI-072,SHOSHONE,ID
W7I/NI-073,CLEARWATER,ID
W7I/NI-074,CLEARWATER,ID
W7I/NI-075,SHOSHONE,ID
W7I/NI-076,CLEARWATER,ID
W7I/NI-077,SHOSHONE,ID
W7I/NI-078,CLEARWATER,ID
W7I/NI-081,CLEARWATER,ID
W7I/NI-082,SHOSHONE,ID
W7I/NI-083,SHOSHONE,ID
W7I/NI-084,SHOSHONE,ID
W7I/NI-085,SHOSHONE,ID
W7I/NI-086,CLEARWATER,ID
W7I/NI-087,SHOSHONE,ID
W7I/NI-088,SHOSHONE,ID
W7I/NI-089,SHOSHONE,ID
W7I/NI-091,SHOSHONE,ID
W7I/NI-092,SHOSHONE,ID
W7I/NI-094,CLEARWATER,ID
W7I/NI-095,SHOSHONE,ID
W7I/NI-096,SHOSHONE,ID
W7I/NI-097,CLEARWATER,ID
W7I/NI-098,SHOSHONE,ID
W7I/NI-100,SHOSHONE,ID
W7I/NI-101,CLEARWATER,ID
W7I/NI-102,SHOSHONE,ID
W7I/NI-103,SHOSHONE,ID
W7I/NI-104,CLEARWATER,ID
W7I/NI-105,CLEARWATER,ID
W7I/NI-107,CLEARWATER,ID
W7I/NI-108,CLEARWATER,ID
W7I/NI-109,SHOSHONE,ID
W7I/NI-111,SHOSHONE,ID
W7I/NI-112,SHOSHONE,ID
W7I/NI-113,CLEARWATER,ID
W7I/NI-114,SHOSHONE,ID
W7I/NI-115,SHOSHONE,ID
W7I/NI-116,SHOSHONE,ID
W7I/NI-117,SHOSHONE,ID
W7I/NI-119,SHOSHONE,ID
W7I/NI-120,SHOSHONE,ID
W7I/NI-121,SHOSHONE,ID
W7I/NI-122,CLEARWATER,ID
W7I/NI-123,SHOSHONE,ID
W7I/NI-124,CLEARWATER,ID
W7I/NI-125,CLEARWATER,ID
W7I/NI-126,SHOSHONE,ID
W7I/NI-127,CLEARWATER,ID
W7I/NI-128,SHOSHONE,ID
W7I/NI-129,CLEARWATER,ID
W7I/NI-130,SHOSHONE,ID
W7I/NI-131,SHOSHONE,ID
W7I/NI-132,SHOSHONE,ID
W7I/NI-133,SHOSHONE,ID
W7I/NI-134,CLEARWATER,ID
W7I/NI-135,SHOSHONE,ID
W7I/NI-136,SHOSHONE,ID
W7I/NI-137,CLEARWATER,ID
W7I/NI-138,CLEARWATER,ID
W7I/NI-139,SHOSHONE,ID
W7I/NI-140,SHOSHONE,ID
W7I/NI-141,SHOSHONE,ID
W7I/NI-142,SHOSHONE,ID
W7I/NI-143,CLEARWATER,ID
W7I/NI-144,SHOSHONE,ID
W7I/NI-145,SHOSHONE,ID
W7I/NI-146,SHOSHONE,ID
W7I/NI-147,CLEARWATER,ID
W7I/NI-148,SHOSHONE,ID
W7I/NI-149,SHOSHONE,ID
W7I/NI-150,SHOSHONE,ID
W7I/NI-151,SHOSHONE,ID
W7I/NI-152,BENEWAH,ID
W7I/NI-153,SHOSHONE,ID
W7I/NI-154,SHOSHONE,ID
W7I/NI-155,SHOSHONE,ID
W7I/NI-156,CLEARWATER,ID
W7I/NI-158,SHOSHONE,ID
W7I/NI-159,CLEARWATER,ID
W7I/NI-160,CLEARWATER,ID
W7I/NI-161,SHOSHONE,ID
W7I/NI-162,SHOSHONE,ID
W7I/NI-163,SHOSHONE,ID
W7I/NI-164,CLEARWATER,ID
W7I/NI-165,SHOSHONE,ID
W7I/NI-166,BENEWAH,ID
W7I/NI-167,CLEARWATER,ID
W7I/NI-168,SHOSHONE,ID
W7I/NI-169,CLEARWATER,ID
W7I/NI-170,SHOSHONE,ID
W7I/NI-171,CLEARWATER,ID
W7I/NI-172,CLEARWATER,ID
W7I/NI-173,SHOSHONE,ID
W7I/NI-174,NEZ PERCE,ID
W7I/NI-175,SHOSHONE,ID
W7I/NI-176,SHOSHONE,ID
W7I/NI-178,CLEARWATER,ID
W7I/NI-179,CLEARWATER,ID
W7I/NI-180,SHOSHONE,ID
W7I/NI-181,SHOSHONE,ID
W7I/NI-182,SHOSHONE,ID
W7I/NI-183,SHOSHONE,ID
W7I/NI-184,CLEARWATER,ID
W7I/NI-185,CLEARWATER,ID
W7I/NI-186,SHOSHONE,ID
W7I/NI-187,SHOSHONE,ID
W7I/NI-188,SHOSHONE,ID
W7I/NI-189,SHOSHONE,ID
W7I/NI-190,CLEARWATER,ID
W7I/NI-191,BENEWAH,ID
W7I/NI-192,CLEARWATER,ID
W7I/NI-193,CLEARWATER,ID
W7I/NI-194,SHOSHONE,ID
W7I/NI-195,CLEARWATER,ID
W7I/NI-196,SHOSHONE,ID
W7I/NI-197,LATAH,ID
W7I/NI-198,CLEARWATER,ID
W7I/NI-199,CLEARWATER,ID
W7I/NI-200,SHOSHONE,ID
W7I/NI-201,CLEARWATER,ID
W7I/NI-202,BENEWAH,ID
W7I/NI-203,LATAH,ID
W7I/NI-204,LATAH,ID
W7I/NI-205,SHOSHONE,ID
W7I/NI-206,CLEARWATER,ID
W7I/NI-207,BENEWAH,ID
W7I/NI-208,BENEWAH,ID
W7I/NI-209,CLEARWATER,ID
W7I/NI-210,SHOSHONE,ID
W7I/NI-211,SHOSHONE,ID
W7I/NI-212,SHOSHONE,ID
W7I/NI-213,SHOSHONE,ID
W7I/NI-214,CLEARWATER,ID
W7I/NI-215,CLEARWATER,ID
W7I/NI-216,SHOSHONE,ID
W7I/NI-217,CLEARWATER,ID
W7I/NI-219,CLEARWATER,ID
W7I/NI-220,BENEWAH,ID
W7I/NI-221,BENEWAH,ID
W7I/NI-222,SHOSHONE,ID
W7I/NI-223,BENEWAH,ID
W7I/NI-224,CLEARWATER,ID
W7I/NI-225,SHOSHONE,ID
W7I/NI-226,BENEWAH,ID
W7I/NI-227,LATAH,ID
W7I/NI-228,CLEARWATER,ID
W7I/NI-229,CLEARWATER,ID
W7I/NI-230,BENEWAH,ID
W7I/NI-231,SHOSHONE,ID
W7I/NI-232,LATAH,ID
W7I/NI-233,CLEARWATER,ID
W7I/NI-234,SHOSHONE,ID
W7I/NI-235,LATAH,ID
W7I/NI-236,CLEARWATER,ID
W7I/NI-237,SHOSHONE,ID
W7I/NI-238,SHOSHONE,ID
W7I/NI-239,SHOSHONE,ID
W7I/NI-241,SHOSHONE,ID
W7I/NI-242,CLEARWATER,ID
W7I/NI-243,SHOSHONE,ID
W7I/NI-244,CLEARWATER,ID
W7I/NI-245,CLEARWATER,ID
W7I/NI-246,LATAH,ID
W7I/NI-247,LATAH,ID
W7I/NI-248,SHOSHONE,ID
W7I/NI-249,SHOSHONE,ID
W7I/NI-250,CLEARWATER,ID
W7I/NI-251,CLEARWATER,ID
W7I/NI-252,CLEARWATER,ID
W7I/NI-253,CLEARWATER,ID
W7I/NI-255,CLEARWATER,ID
W7I/NI-256,LATAH,ID
W7I/NI-258,CLEARWATER,ID
W7I/NI-259,CLEARWATER,ID
W7I/NI-260,SHOSHONE,ID
W7I/NI-261,LATAH,ID
W7I/NI-262,CLEARWATER,ID
W7I/NI-263,LATAH,ID
W7I/NI-264,BENEWAH,ID
W7I/NI-265,LATAH,ID
W7I/NI-266,BENEWAH,ID
W7I/NI-267,CLEARWATER,ID
W7I/NI-268,BENEWAH,ID
W7I/NI-269,BENEWAH,ID
W7I/NI-270,BENEWAH,ID
W7I/NI-271,LATAH,ID
W7I/NI-272,CLEARWATER,ID
W7I/NI-273,BENEWAH,ID
W7I/NI-274,CLEARWATER,ID
W7I/NI-275,SHOSHONE,ID
W7I/NI-276,BENEWAH,ID
W7I/NI-277,LATAH,ID
W7I/NI-278,LATAH,ID
W7I/NI-279,LATAH,ID
W7I/NI-280,LATAH,ID
W7I/NI-281,BENEWAH,ID
W7I/NI-282,CLEARWATER,ID
W7I/NI-283,LATAH,ID
W7I/NI-284,BENEWAH,ID
W7I/NI-285,CLEARWATER,ID
W7I/NI-286,CLEARWATER,ID
W7I/NI-287,CLEARWATER,ID
W7I/NI-288,SHOSHONE,ID
W7I/NI-289,SHOSHONE,ID
W7I/NI-290,CLEARWATER,ID
W7I/NI-291,NEZ PERCE,ID
W7I/NI-292,SHOSHONE,ID
W7I/NI-293,SHOSHONE,ID
W7I/NI-294,SHOSHONE,ID
W7I/NI-298,CLEARWATER,ID
W7I/NI-299,CLEARWATER,ID
W7I/CI-001,BUTTE,ID
W7I/CI-002,BUTTE,ID
W7I/CI-003,BUTTE,ID
W7I/CI-004,BUTTE,ID
W7I/CI-005,BUTTE,ID
W7I/CI-006,BUTTE,ID
W7I/CI-007,BUTTE,ID
W7I/CI-008,BUTTE,ID
W7I/CI-009,BUTTE,ID
W7I/CI-010,BUTTE,ID
W7I/CI-011,BUTTE,ID
W7I/CI-012,BUTTE,ID
W7I/CI-013,BUTTE,ID
W7I/CI-014,BUTTE,ID
W7I/CI-015,BUTTE,ID
W7I/CI-016,BUTTE,ID
W7I/CI-017,BUTTE,ID
W7I/CI-018,BUTTE,ID
W7I/CI-019,BUTTE,ID
W7I/CI-020,BUTTE,ID
W7I/CI-021,BUTTE,ID
W7I/CI-022,CASSIA,ID
W7I/CI-023,CAMAS,ID
W7I/CI-024,CAMAS,ID
W7I/CI-025,CAMAS,ID
W7I/CI-026,BUTTE,ID
W7I/CI-027,CAMAS,ID
W7I/CI-028,CAMAS,ID
W7I/CI-029,CAMAS,ID
W7I/CI-030,CAMAS,ID
W7I/CI-031,CAMAS,ID
W7I/CI-032,BUTTE,ID
W7I/CI-033,BUTTE,ID
W7I/CI-034,CAMAS,ID
W7I/CI-035,CAMAS,ID
W7I/CI-036,CAMAS,ID
W7I/CI-037,BUTTE,ID
W7I/CI-039,CAMAS,ID
W7I/CI-040,CAMAS,ID
W7I/CI-043,CAMAS,ID
W7I/CI-044,CASSIA,ID
W7I/CI-045,CAMAS,ID
W7I/CI-046,CAMAS,ID
W7I/CI-047,CAMAS,ID
W7I/CI-048,BUTTE,ID
W7I/CI-049,CASSIA,ID
W7I/CI-050,BUTTE,ID
W7I/CI-051,CAMAS,ID
W7I/CI-052,BUTTE,ID
W7I/CI-053,BUTTE,ID
W7I/CI-054,BUTTE,ID
W7I/CI-055,BUTTE,ID
W7I/CI-056,CAMAS,ID
W7I/CI-057,CAMAS,ID
W7I/CI-058,CAMAS,ID
W7I/CI-059,CASSIA,ID
W7I/CI-060,CASSIA,ID
W7I/CI-061,CASSIA,ID
W7I/CI-062,BUTTE,ID
W7I/CI-063,BUTTE,ID
W7I/CI-064,BUTTE,ID
W7I/CI-065,BUTTE,ID
W7I/CI-066,CAMAS,ID
W7I/CI-067,BUTTE,ID
W7I/CI-068,CASSIA,ID
W7I/CI-069,BUTTE,ID
W7I/CI-070,CAMAS,ID
W7I/CI-071,CASSIA,ID
W7I/CI-072,CAMAS,ID
W7I/CI-073,CAMAS,ID
W7I/CI-074,BUTTE,ID
W7I/CI-075,BUTTE,ID
W7I/CI-076,CASSIA,ID
W7I/CI-077,CASSIA,ID
W7I/CI-078,CASSIA,ID
W7I/CI-079,CASSIA,ID
W7I/CI-080,CASSIA,ID
W7I/CI-081,BUTTE,ID
W7I/CI-082,TWIN FALLS,ID
W7I/CI-083,CASSIA,ID
W7I/CI-084,BUTTE,ID
W7I/CI-085,CASSIA,ID
W7I/CI-087,BUTTE,ID
W7I/CI-088,CASSIA,ID
W7I/CI-089,TWIN FALLS,ID
W7I/CI-090,CASSIA,ID
W7I/CI-091,BUTTE,ID
W7I/CI-092,BUTTE,ID
W7I/CI-093,BUTTE,ID
W7I/CI-094,TWIN FALLS,ID
W7I/CI-095,CAMAS,ID
W7I/CI-096,CASSIA,ID
W7I/CI-097,CASSIA,ID
W7I/CI-098,CASSIA,ID
W7I/CI-099,CASSIA,ID
W7I/CI-100,CASSIA,ID
W7I/CI-101,BUTTE,ID
W7I/CI-102,CAMAS,ID
W7I/CI-103,CAMAS,ID
W7I/CI-104,BUTTE,ID
W7I/CI-105,CAMAS,ID
W7I/CI-106,CAMAS,ID
W7I/CI-107,BUTTE,ID
W7I/CI-108,CAMAS,ID
W7I/CI-109,CASSIA,ID
W7I/CI-110,CASSIA,ID
W7I/CI-111,CAMAS,ID
W7I/CI-112,CASSIA,ID
W7I/CI-113,CAMAS,ID
W7I/CI-114,CASSIA,ID
W7I/CI-115,CAMAS,ID
W7I/CI-116,CAMAS,ID
W7I/CI-117,CAMAS,ID
W7I/CI-118,TWIN FALLS,ID
W7I/CI-119,CASSIA,ID
W7I/CI-120,CASSIA,ID
W7I/CI-121,CASSIA,ID
W7I/CI-122,CAMAS,ID
W7I/CI-123,BUTTE,ID
W7I/CI-124,CAMAS,ID
W7I/CI-125,CAMAS,ID
W7I/CI-126,BUTTE,ID
W7I/CI-127,CAMAS,ID
W7I/CI-128,CASSIA,ID
W7I/CI-129,CASSIA,ID
W7I/CI-130,CAMAS,ID
W7I/CI-131,CASSIA,ID
W7I/CI-132,CAMAS,ID
W7I/CI-133,BUTTE,ID
W7I/CI-134,CASSIA,ID
W7I/CI-135,CASSIA,ID
W7I/CI-136,BUTTE,ID
W7I/CI-137,CAMAS,ID
W7I/CI-138,CASSIA,ID
W7I/CI-139,MINIDOKA,ID
W7I/CI-140,BUTTE,ID
W7I/CI-141,BUTTE,ID
W7I/CI-144,CASSIA,ID
W7I/CI-145,CASSIA,ID
W7I/CI-146,BUTTE,ID
W7I/CI-147,CASSIA,ID
W7I/SI-001,BEAR LAKE,ID
W7I/SI-002,BEAR LAKE,ID
W7I/SI-003,BEAR LAKE,ID
W7I/SI-004,BEAR LAKE,ID
W7I/SI-005,BEAR LAKE,ID
W7I/SI-006,BEAR LAKE,ID
W7I/SI-008,BEAR LAKE,ID
W7I/SI-010,BEAR LAKE,ID
W7I/SI-011,BEAR LAKE,ID
W7I/SI-012,BANNOCK,ID
W7I/SI-013,BEAR LAKE,ID
W7I/SI-014,FRANKLIN,ID
W7I/SI-015,BANNOCK,ID
W7I/SI-016,CARIBOU,ID
W7I/SI-018,BEAR LAKE,ID
W7I/SI-019,BANNOCK,ID
W7I/SI-021,CARIBOU,ID
W7I/SI-022,BEAR LAKE,ID
W7I/SI-024,BEAR LAKE,ID
W7I/SI-026,CARIBOU,ID
W7I/SI-027,BANNOCK,ID
W7I/SI-028,BEAR LAKE,ID
W7I/SI-030,BEAR LAKE,ID
W7I/SI-031,CARIBOU,ID
W7I/SI-033,POWER,ID
W7I/SI-034,BANNOCK,ID
W7I/SI-035,CARIBOU,ID
W7I/SI-036,CARIBOU,ID
W7I/SI-037,BANNOCK,ID
W7I/SI-038,CARIBOU,ID
W7I/SI-039,CARIBOU,ID
W7I/SI-040,CARIBOU,ID
W7I/SI-041,CARIBOU,ID
W7I/SI-042,CARIBOU,ID
W7I/SI-043,BEAR LAKE,ID
W7I/SI-046,BEAR LAKE,ID
W7I/SI-047,POWER,ID
W7I/SI-048,FRANKLIN,ID
W7I/SI-049,CARIBOU,ID
W7I/SI-050,CARIBOU,ID
W7I/SI-051,CARIBOU,ID
W7I/SI-052,CARIBOU,ID
W7I/SI-053,CARIBOU,ID
W7I/SI-054,POWER,ID
W7I/SI-055,CARIBOU,ID
W7I/SI-056,CARIBOU,ID
W7I/SI-057,CARIBOU,ID
W7I/SI-058,FRANKLIN,ID
W7I/SI-059,CARIBOU,ID
W7I/SI-061,BANNOCK,ID
W7I/SI-062,CARIBOU,ID
W7I/SI-063,BANNOCK,ID
W7I/SI-064,CARIBOU,ID
W7I/SI-065,CARIBOU,ID
W7I/SI-066,BEAR LAKE,ID
W7I/SI-067,BANNOCK,ID
W7I/SI-068,FRANKLIN,ID
W7I/SI-069,FRANKLIN,ID
W7I/SI-070,BANNOCK,ID
W7I/SI-071,POWER,ID
W7I/SI-072,FRANKLIN,ID
W7I/SI-073,CARIBOU,ID
W7I/SI-074,BEAR LAKE,ID
W7I/SI-075,BEAR LAKE,ID
W7I/SI-076,POWER,ID
W7I/SI-077,POWER,ID
W7I/SI-078,FRANKLIN,ID
W7I/SI-079,CARIBOU,ID
W7I/SI-080,BEAR LAKE,ID
W7I/SI-081,CARIBOU,ID
W7I/SI-082,FRANKLIN,ID
W7I/SI-083,CARIBOU,ID
W7I/SI-084,ONEIDA,ID
W7I/SI-085,CARIBOU,ID
W7I/SI-086,BANNOCK,ID
W7I/SI-087,CARIBOU,ID
W7I/SI-088,BEAR LAKE,ID
W7I/SI-089,POWER,ID
W7I/SI-090,BEAR LAKE,ID
W7I/SI-091,CARIBOU,ID
W7I/SI-092,CARIBOU,ID
W7I/SI-093,ONEIDA,ID
W7I/SI-094,FRANKLIN,ID
W7I/SI-095,BANNOCK,ID
W7I/SI-096,CARIBOU,ID
W7I/SI-097,BANNOCK,ID
W7I/SI-098,CARIBOU,ID
W7I/SI-099,CARIBOU,ID
W7I/SI-100,FRANKLIN,ID
W7I/SI-101,BEAR LAKE,ID
W7I/SI-102,CARIBOU,ID
W7I/SI-103,CARIBOU,ID
W7I/SI-104,BEAR LAKE,ID
W7I/SI-105,CARIBOU,ID
W7I/SI-106,BINGHAM,ID
W7I/SI-107,CARIBOU,ID
W7I/SI-108,CARIBOU,ID
W7I/SI-109,POWER,ID
W7I/SI-110,POWER,ID
W7I/SI-111,CARIBOU,ID
W7I/SI-112,CARIBOU,ID
W7I/SI-113,CARIBOU,ID
W7I/SI-114,BEAR LAKE,ID
W7I/SI-115,POWER,ID
W7I/SI-116,BINGHAM,ID
W7I/SI-117,BINGHAM,ID
W7I/SI-118,BANNOCK,ID
W7I/SI-119,FRANKLIN,ID
W7I/SI-120,POWER,ID
W7I/SI-121,POWER,ID
W7I/SI-122,ONEIDA,ID
W7I/SI-123,BINGHAM,ID
W7I/SI-124,BEAR LAKE,ID
W7I/SI-125,CARIBOU,ID
W7I/SI-126,BANNOCK,ID
W7I/SI-127,BINGHAM,ID
W7I/SI-128,CARIBOU,ID
W7I/SI-129,POWER,ID
W7I/SI-130,CARIBOU,ID
W7I/SI-131,BANNOCK,ID
W7I/SI-132,CARIBOU,ID
W7I/SI-133,POWER,ID
W7I/SI-134,BINGHAM,ID
W7I/SI-135,ONEIDA,ID
W7I/SI-137,POWER,ID
W7I/SI-138,POWER,ID
W7I/SI-139,ONEIDA,ID
W7I/SI-140,BANNOCK,ID
W7I/SI-141,CARIBOU,ID
W7I/SI-142,BANNOCK,ID
W7I/SI-143,ONEIDA,ID
W7I/SI-144,CARIBOU,ID
W7I/SI-145,POWER,ID
W7I/SI-146,CARIBOU,ID
W7I/SI-147,BINGHAM,ID
W7I/SI-148,CARIBOU,ID
W7I/SI-149,CARIBOU,ID
W7I/SI-150,POWER,ID
W7I/SI-151,BANNOCK,ID
W7I/SI-152,ONEIDA,ID
W7I/SI-153,BANNOCK,ID
W7I/SI-155,BANNOCK,ID
W7I/SI-156,ONEIDA,ID
W7I/SI-157,CARIBOU,ID
W7I/SI-158,ONEIDA,ID
W7I/SI-159,ONEIDA,ID
W7I/SI-160,CARIBOU,ID
W7I/SI-161,ONEIDA,ID
W7I/SI-162,POWER,ID
W7I/SI-163,ONEIDA,ID
W7I/SI-164,POWER,ID
W7I/SI-165,CARIBOU,ID
W7I/SI-166,BANNOCK,ID
W7I/SI-167,CARIBOU,ID
W7I/SI-168,CARIBOU,ID
W7I/SI-169,ONEIDA,ID
W7I/SI-170,BANNOCK,ID
W7I/SI-171,CARIBOU,ID
W7I/SI-172,ONEIDA,ID
W7I/SI-173,ONEIDA,ID
W7I/SI-174,CARIBOU,ID
W7I/SI-176,ONEIDA,ID
W7I/SI-177,BANNOCK,ID
W7I/SI-178,ONEIDA,ID
W7I/SI-179,FRANKLIN,ID
W7I/SI-180,CARIBOU,ID
W7I/SI-181,CARIBOU,ID
W7I/SI-182,FRANKLIN,ID
W7I/SI-183,FRANKLIN,ID
W7I/SI-184,BINGHAM,ID
W7I/SI-185,CARIBOU,ID
W7I/SI-186,BANNOCK,ID
W7I/SI-187,FRANKLIN,ID
W7I/SI-188,BANNOCK,ID
W7I/SI-189,BEAR LAKE,ID
W7I/SI-190,BANNOCK,ID
W7I/SI-191,BINGHAM,ID
W7I/SI-192,POWER,ID
W7I/SI-193,CARIBOU,ID
W7I/SI-194,POWER,ID
W7I/SI-195,FRANKLIN,ID
W7I/SI-196,FRANKLIN,ID
W7I/SI-197,CARIBOU,ID
W7I/SI-198,BINGHAM,ID
W7I/SI-199,ONEIDA,ID
W7I/SI-200,BANNOCK,ID
W7I/SI-201,BINGHAM,ID
W7I/SI-202,BINGHAM,ID
W7I/SI-203,BANNOCK,ID
W7I/SI-204,FRANKLIN,ID
W7I/SI-205,FRANKLIN,ID
W7I/SI-206,POWER,ID
W7I/SI-207,FRANKLIN,ID
W7I/SI-208,BANNOCK,ID
W7I/SI-209,ONEIDA,ID
W7I/SI-210,FRANKLIN,ID
W7I/SI-211,ONEIDA,ID
W7I/SI-212,FRANKLIN,ID
W7I/SI-213,FRANKLIN,ID
W7I/SI-214,ONEIDA,ID
W7I/SI-215,POWER,ID
W7I/SI-216,BINGHAM,ID
W7I/SI-217,BANNOCK,ID
W7I/SI-218,FRANKLIN,ID
W7I/SI-219,ONEIDA,ID
W7I/SI-220,POWER,ID
W7I/SI-221,FRANKLIN,ID
W7I/SI-222,FRANKLIN,ID
W7I/SI-223,CARIBOU,ID
W7I/SI-224,BANNOCK,ID
W7I/SI-231,ONEIDA,ID
W7I/SR-002,ELMORE,ID
W7I/SR-003,ELMORE,ID
W7I/SR-004,ELMORE,ID
W7I/SR-005,ELMORE,ID
W7I/SR-006,ELMORE,ID
W7I/SR-007,ELMORE,ID
W7I/SR-008,ELMORE,ID
W7I/SR-009,ELMORE,ID
W7I/SR-010,ELMORE,ID
W7I/SR-011,ELMORE,ID
W7I/SR-012,ELMORE,ID
W7I/SR-013,ELMORE,ID
W7I/SR-014,ELMORE,ID
W7I/SR-015,ELMORE,ID
W7I/SR-016,ELMORE,ID
W7I/SR-017,ELMORE,ID
W7I/SR-018,ELMORE,ID
W7I/SR-019,ELMORE,ID
W7I/SR-020,ELMORE,ID
W7I/SR-021,ELMORE,ID
W7I/SR-022,ELMORE,ID
W7I/SR-023,ELMORE,ID
W7I/SR-024,ELMORE,ID
W7I/SR-025,ELMORE,ID
W7I/SR-026,ADAMS,ID
W7I/SR-027,ELMORE,ID
W7I/SR-028,ELMORE,ID
W7I/SR-029,ELMORE,ID
W7I/SR-030,ELMORE,ID
W7I/SR-031,ELMORE,ID
W7I/SR-032,ADAMS,ID
W7I/SR-033,ADAMS,ID
W7I/SR-034,ELMORE,ID
W7I/SR-035,ELMORE,ID
W7I/SR-036,ELMORE,ID
W7I/SR-037,ADAMS,ID
W7I/SR-038,ADAMS,ID
W7I/SR-039,OWYHEE,ID
W7I/SR-040,ELMORE,ID
W7I/SR-041,ADAMS,ID
W7I/SR-042,ADAMS,ID
W7I/SR-043,ELMORE,ID
W7I/SR-044,ELMORE,ID
W7I/SR-045,ELMORE,ID
W7I/SR-046,ADAMS,ID
W7I/SR-047,ELMORE,ID
W7I/SR-048,ADAMS,ID
W7I/SR-049,ADAMS,ID
W7I/SR-050,OWYHEE,ID
W7I/SR-051,ELMORE,ID
W7I/SR-052,ELMORE,ID
W7I/SR-053,ADAMS,ID
W7I/SR-054,ELMORE,ID
W7I/SR-055,WASHINGTON,ID
W7I/SR-056,ADAMS,ID
W7I/SR-057,OWYHEE,ID
W7I/SR-058,ADAMS,ID
W7I/SR-059,ELMORE,ID
W7I/SR-061,ELMORE,ID
W7I/SR-062,ADAMS,ID
W7I/SR-063,WASHINGTON,ID
W7I/SR-064,ELMORE,ID
W7I/SR-065,ELMORE,ID
W7I/SR-066,ELMORE,ID
W7I/SR-067,ELMORE,ID
W7I/SR-068,OWYHEE,ID
W7I/SR-069,ADAMS,ID
W7I/SR-070,WASHINGTON,ID
W7I/SR-071,ELMORE,ID
W7I/SR-073,OWYHEE,ID
W7I/SR-074,ADAMS,ID
W7I/SR-075,OWYHEE,ID
W7I/SR-076,ELMORE,ID
W7I/SR-077,ELMORE,ID
W7I/SR-078,ELMORE,ID
W7I/SR-079,OWYHEE,ID
W7I/SR-080,ADAMS,ID
W7I/SR-081,ELMORE,ID
W7I/SR-082,OWYHEE,ID
W7I/SR-083,ELMORE,ID
W7I/SR-084,OWYHEE,ID
W7I/SR-085,ELMORE,ID
W7I/SR-086,ELMORE,ID
W7I/SR-087,OWYHEE,ID
W7I/SR-088,ELMORE,ID
W7I/SR-089,OWYHEE,ID
W7I/SR-090,OWYHEE,ID
W7I/SR-091,ELMORE,ID
W7I/SR-092,ELMORE,ID
W7I/SR-093,OWYHEE,ID
W7I/SR-094,ELMORE,ID
W7I/SR-095,ELMORE,ID
W7I/SR-096,OWYHEE,ID
W7I/SR-097,ELMORE,ID
W7I/SR-098,OWYHEE,ID
W7I/SR-099,ELMORE,ID
W7I/SR-100,OWYHEE,ID
W7I/SR-101,WASHINGTON,ID
W7I/SR-102,ELMORE,ID
W7I/SR-103,ELMORE,ID
W7I/SR-104,ELMORE,ID
W7I/SR-105,ELMORE,ID
W7I/SR-106,ELMORE,ID
W7I/SR-107,ELMORE,ID
W7I/SR-108,ELMORE,ID
W7I/SR-109,ELMORE,ID
W7I/SR-110,ELMORE,ID
W7I/SR-111,ELMORE,ID
W7I/SR-112,ELMORE,ID
W7I/SR-113,ADAMS,ID
W7I/SR-115,OWYHEE,ID
W7I/SR-116,ELMORE,ID
W7I/SR-117,OWYHEE,ID
W7I/SR-118,OWYHEE,ID
W7I/SR-119,OWYHEE,ID
W7I/SR-120,GEM,ID
W7I/SR-121,WASHINGTON,ID
W7I/SR-122,OWYHEE,ID
W7I/SR-123,ELMORE,ID
W7I/SR-124,ADA,ID
W7I/SR-125,ELMORE,ID
W7I/SR-126,GEM,ID
W7I/SR-127,ELMORE,ID
W7I/SR-128,OWYHEE,ID
W7I/SR-129,ELMORE,ID
W7I/SR-130,ELMORE,ID
W7I/SR-131,ADAMS,ID
W7I/SR-132,ELMORE,ID
W7I/SR-133,ELMORE,ID
W7I/SR-134,OWYHEE,ID
W7I/SR-135,ELMORE,ID
W7I/SR-136,ADAMS,ID
W7I/SR-137,ADAMS,ID
W7I/SR-138,ELMORE,ID
W7I/SR-139,ELMORE,ID
W7I/SR-140,ADAMS,ID
W7I/SR-141,OWYHEE,ID
W7I/SR-142,ELMORE,ID
W7I/SR-143,ELMORE,ID
W7I/SR-145,ELMORE,ID
W7I/SR-146,ELMORE,ID
W7I/SR-147,ELMORE,ID
W7I/SR-148,ADAMS,ID
W7I/SR-149,OWYHEE,ID
W7I/SR-150,WASHINGTON,ID
W7I/SR-151,ELMORE,ID
W7I/SR-152,OWYHEE,ID
W7I/SR-153,ELMORE,ID
W7I/SR-154,GEM,ID
W7I/SR-155,WASHINGTON,ID
W7I/SR-156,ADAMS,ID
W7I/SR-157,OWYHEE,ID
W7I/SR-158,ELMORE,ID
W7I/SR-160,OWYHEE,ID
W7I/SR-162,OWYHEE,ID
W7I/SR-163,ELMORE,ID
W7I/SR-164,ADAMS,ID
W7I/SR-165,ELMORE,ID
W7I/SR-167,ADA,ID
W7I/SR-168,GEM,ID
W7I/SR-169,WASHINGTON,ID
W7I/SR-170,WASHINGTON,ID
W7I/SR-171,WASHINGTON,ID
W7I/SR-172,WASHINGTON,ID
W7I/SR-173,WASHINGTON,ID
W7I/SR-174,WASHINGTON,ID
W7I/SR-175,WASHINGTON,ID
W7I/SR-176,WASHINGTON,ID
W7I/SR-177,WASHINGTON,ID
W7I/SR-178,WASHINGTON,ID
W7I/SR-180,WASHINGTON,ID
W7I/SR-181,GEM,ID
W7I/SR-182,ELMORE,ID
W7I/SR-183,ELMORE,ID
W7I/SR-184,ADAMS,ID
W7I/SR-185,ELMORE,ID
W7I/SR-186,ELMORE,ID
W7I/SR-187,ELMORE,ID
W7I/SR-188,WASHINGTON,ID
W7I/SR-189,PAYETTE,ID
W7I/SR-190,PAYETTE,ID
W7I/VC-001,VALLEY,ID
W7I/VC-002,VALLEY,ID
W7I/VC-003,VALLEY,ID
W7I/VC-004,VALLEY,ID
W7I/VC-005,VALLEY,ID
W7I/VC-006,VALLEY,ID
W7I/VC-007,VALLEY,ID
W7I/VC-008,VALLEY,ID
W7I/VC-009,VALLEY,ID
W7I/VC-010,VALLEY,ID
W7I/VC-011,VALLEY,ID
W7I/VC-012,VALLEY,ID
W7I/VC-013,VALLEY,ID
W7I/VC-014,VALLEY,ID
W7I/VC-015,VALLEY,ID
W7I/VC-016,VALLEY,ID
W7I/VC-017,VALLEY,ID
W7I/VC-018,VALLEY,ID
W7I/VC-019,VALLEY,ID
W7I/VC-020,VALLEY,ID
W7I/VC-021,VALLEY,ID
W7I/VC-022,VALLEY,ID
W7I/VC-023,VALLEY,ID
W7I/VC-024,VALLEY,ID
W7I/VC-025,VALLEY,ID
W7I/VC-026,VALLEY,ID
W7I/VC-027,VALLEY,ID
W7I/VC-028,VALLEY,ID
W7I/VC-029,VALLEY,ID
W7I/VC-030,VALLEY,ID
W7I/VC-031,VALLEY,ID
W7I/VC-032,VALLEY,ID
W7I/VC-033,VALLEY,ID
W7I/VC-034,VALLEY,ID
W7I/VC-035,VALLEY,ID
W7I/VC-036,VALLEY,ID
W7I/VC-037,VALLEY,ID
W7I/VC-038,VALLEY,ID
W7I/VC-039,VALLEY,ID
W7I/VC-040,VALLEY,ID
W7I/VC-041,VALLEY,ID
W7I/VC-042,VALLEY,ID
W7I/VC-043,VALLEY,ID
W7I/VC-044,VALLEY,ID
W7I/VC-045,VALLEY,ID
W7I/VC-046,VALLEY,ID
W7I/VC-047,VALLEY,ID
W7I/VC-048,VALLEY,ID
W7I/VC-049,VALLEY,ID
W7I/VC-050,VALLEY,ID
W7I/VC-051,VALLEY,ID
W7I/VC-052,VALLEY,ID
W7I/VC-053,VALLEY,ID
W7I/VC-054,VALLEY,ID
W7I/VC-055,VALLEY,ID
W7I/VC-056,VALLEY,ID
W7I/VC-057,VALLEY,ID
W7I/VC-058,VALLEY,ID
W7I/VC-059,VALLEY,ID
W7I/VC-060,VALLEY,ID
W7I/VC-061,VALLEY,ID
W7I/VC-062,VALLEY,ID
W7I/VC-063,VALLEY,ID
W7I/VC-064,VALLEY,ID
W7I/VC-065,VALLEY,ID
W7I/VC-066,VALLEY,ID
W7I/VC-067,VALLEY,ID
W7I/VC-068,VALLEY,ID
W7I/VC-069,VALLEY,ID
W7I/VC-070,VALLEY,ID
W7I/VC-071,VALLEY,ID
W7I/VC-072,VALLEY,ID
W7I/VC-073,VALLEY,ID
W7I/VC-074,VALLEY,ID
W7I/VC-075,VALLEY,ID
W7I/VC-076,VALLEY,ID
W7I/VC-077,VALLEY,ID
W7I/VC-078,VALLEY,ID
W7I/VC-079,VALLEY,ID
W7I/VC-080,VALLEY,ID
W7I/VC-081,VALLEY,ID
W7I/VC-082,VALLEY,ID
W7I/VC-083,VALLEY,ID
W7I/VC-084,VALLEY,ID
W7I/VC-085,VALLEY,ID
W7I/VC-086,VALLEY,ID
W7I/VC-087,VALLEY,ID
W7I/VC-088,VALLEY,ID
W7I/VC-089,VALLEY,ID
W7I/VC-090,VALLEY,ID
W7I/VC-091,VALLEY,ID
W7I/VC-092,VALLEY,ID
W7I/VC-093,VALLEY,ID
W7I/VC-094,VALLEY,ID
W7I/VC-095,VALLEY,ID
W7I/VC-096,VALLEY,ID
W7I/VC-097,VALLEY,ID
W7I/VC-098,VALLEY,ID
W7I/VC-100,VALLEY,ID
W7I/VC-101,VALLEY,ID
W7I/VC-102,VALLEY,ID
W7I/VC-103,VALLEY,ID
W7I/VC-104,VALLEY,ID
W7I/VC-105,VALLEY,ID
W7I/VC-106,VALLEY,ID
W7I/VC-107,VALLEY,ID
W7I/VC-108,VALLEY,ID
W7I/VC-109,VALLEY,ID
W7I/VC-110,VALLEY,ID
W7I/VC-111,VALLEY,ID
W7I/VC-112,VALLEY,ID
W7I/VC-113,VALLEY,ID
W7I/VC-114,VALLEY,ID
W7I/VC-115,VALLEY,ID
W7I/VC-116,VALLEY,ID
W7I/VC-117,VALLEY,ID
W7I/VC-118,VALLEY,ID
W7I/VC-119,VALLEY,ID
W7I/VC-120,VALLEY,ID
W7I/VC-121,VALLEY,ID
W7I/VC-122,VALLEY,ID
W7I/VC-123,VALLEY,ID
W7I/VC-124,VALLEY,ID
W7I/VC-125,VALLEY,ID
W7I/VC-127,VALLEY,ID
W7I/VC-128,VALLEY,ID
W7I/VC-129,VALLEY,ID
W7I/VC-130,VALLEY,ID
W7I/VC-131,VALLEY,ID
W7I/VC-132,VALLEY,ID
W7I/VC-133,VALLEY,ID
W7I/VC-134,VALLEY,ID
W7I/VC-135,VALLEY,ID
W7I/VC-136,VALLEY,ID
W7I/VC-137,VALLEY,ID
W7I/VC-138,VALLEY,ID
W7I/VC-139,VALLEY,ID
W7I/VC-140,VALLEY,ID
W7I/VC-141,VALLEY,ID
W7I/VC-142,VALLEY,ID
W7I/VC-143,VALLEY,ID
W7I/VC-144,VALLEY,ID
W7I/VC-145,VALLEY,ID
W7I/VC-146,VALLEY,ID
W7I/VC-147,VALLEY,ID
W7I/VC-148,VALLEY,ID
W7I/VC-149,VALLEY,ID
W7I/VC-150,VALLEY,ID
W7I/VC-151,VALLEY,ID
W7I/VC-152,VALLEY,ID
W7I/VC-153,VALLEY,ID
W7I/VC-154,VALLEY,ID
W7I/VC-155,VALLEY,ID
W7I/VC-156,VALLEY,ID
W7I/VC-157,VALLEY,ID
W7I/VC-158,VALLEY,ID
W7I/VC-159,VALLEY,ID
W7I/VC-160,VALLEY,ID
W7I/VC-161,VALLEY,ID
W7I/VC-162,VALLEY,ID
W7I/VC-163,VALLEY,ID
W7I/VC-164,VALLEY,ID
W7I/VC-165,VALLEY,ID
W7I/VC-166,VALLEY,ID
W7I/VC-167,VALLEY,ID
W7I/VC-168,VALLEY,ID
W7I/VC-169,VALLEY,ID
W7I/VC-170,VALLEY,ID
W7I/VC-171,VALLEY,ID
W7I/VC-174,VALLEY,ID
W7I/VC-175,VALLEY,ID
W7I/VC-176,VALLEY,ID
W7I/VC-177,VALLEY,ID
W7I/VC-178,VALLEY,ID
W7I/VC-179,VALLEY,ID
W7I/VC-180,VALLEY,ID
W7I/VC-181,VALLEY,ID
W7I/VC-182,VALLEY,ID
W7I/VC-183,VALLEY,ID
W7I/VC-184,VALLEY,ID
W7I/VC-185,VALLEY,ID
W7I/VC-186,VALLEY,ID
W7I/VC-187,VALLEY,ID
W7I/VC-189,VALLEY,ID
W7I/VC-190,VALLEY,ID
W7I/VC-191,VALLEY,ID
W7I/VC-192,VALLEY,ID
W7I/VC-193,VALLEY,ID
W7I/VC-194,VALLEY,ID
W7M/BE-001,BEAVERHEAD,MT
W7M/BE-002,BEAVERHEAD,MT
W7M/BE-003,BEAVERHEAD,MT
W7M/BE-004,BEAVERHEAD,MT
W7M/BE-006,BEAVERHEAD,MT
W7M/BE-008,BEAVERHEAD,MT
W7M/BE-009,BEAVERHEAD,MT
W7M/BE-010,BEAVERHEAD,MT
W7M/BE-011,BEAVERHEAD,MT
W7M/BE-012,BEAVERHEAD,MT
W7M/BE-013,BEAVERHEAD,MT
W7M/BE-014,BEAVERHEAD,MT
W7M/BE-015,BEAVERHEAD,MT
W7M/BE-016,BEAVERHEAD,MT
W7M/BE-017,BEAVERHEAD,MT
W7M/BE-018,BEAVERHEAD,MT
W7M/BE-019,BEAVERHEAD,MT
W7M/BE-020,BEAVERHEAD,MT
W7M/BE-021,BEAVERHEAD,MT
W7M/BE-022,BEAVERHEAD,MT
W7M/BE-024,BEAVERHEAD,MT
W7M/BE-026,BEAVERHEAD,MT
W7M/BE-028,BEAVERHEAD,MT
W7M/BE-029,BEAVERHEAD,MT
W7M/BE-030,BEAVERHEAD,MT
W7M/BE-031,BEAVERHEAD,MT
W7M/BE-032,BEAVERHEAD,MT
W7M/BE-034,BEAVERHEAD,MT
W7M/BE-036,BEAVERHEAD,MT
W7M/BE-037,BEAVERHEAD,MT
W7M/BE-038,BEAVERHEAD,MT
W7M/BE-039,BEAVERHEAD,MT
W7M/BE-040,BEAVERHEAD,MT
W7M/BE-041,BEAVERHEAD,MT
W7M/BE-042,BEAVERHEAD,MT
W7M/BE-044,BEAVERHEAD,MT
W7M/BE-045,BEAVERHEAD,MT
W7M/BE-046,BEAVERHEAD,MT
W7M/BE-047,BEAVERHEAD,MT
W7M/BE-049,BEAVERHEAD,MT
W7M/BE-050,BEAVERHEAD,MT
W7M/BE-051,BEAVERHEAD,MT
W7M/BE-052,BEAVERHEAD,MT
W7M/BE-053,BEAVERHEAD,MT
W7M/BE-054,BEAVERHEAD,MT
W7M/BE-055,BEAVERHEAD,MT
W7M/BE-056,BEAVERHEAD,MT
W7M/BE-057,BEAVERHEAD,MT
W7M/BE-058,BEAVERHEAD,MT
W7M/BE-059,BEAVERHEAD,MT
W7M/BE-060,BEAVERHEAD,MT
W7M/BE-061,BEAVERHEAD,MT
W7M/BE-062,BEAVERHEAD,MT
W7M/BE-064,BEAVERHEAD,MT
W7M/BE-066,BEAVERHEAD,MT
W7M/BE-067,BEAVERHEAD,MT
W7M/BE-069,BEAVERHEAD,MT
W7M/BE-071,BEAVERHEAD,MT
W7M/BE-072,BEAVERHEAD,MT
W7M/BE-073,BEAVERHEAD,MT
W7M/BE-074,BEAVERHEAD,MT
W7M/BE-076,BEAVERHEAD,MT
W7M/BE-077,BEAVERHEAD,MT
W7M/BE-078,BEAVERHEAD,MT
W7M/BE-079,BEAVERHEAD,MT
W7M/BE-081,BEAVERHEAD,MT
W7M/BE-082,BEAVERHEAD,MT
W7M/BE-083,BEAVERHEAD,MT
W7M/BE-084,BEAVERHEAD,MT
W7M/BE-085,BEAVERHEAD,MT
W7M/BE-086,BEAVERHEAD,MT
W7M/BE-088,BEAVERHEAD,MT
W7M/BE-089,BEAVERHEAD,MT
W7M/BE-091,BEAVERHEAD,MT
W7M/BE-092,BEAVERHEAD,MT
W7M/BE-093,BEAVERHEAD,MT
W7M/BE-094,BEAVERHEAD,MT
W7M/BE-095,BEAVERHEAD,MT
W7M/BE-096,BEAVERHEAD,MT
W7M/BE-097,BEAVERHEAD,MT
W7M/BE-098,BEAVERHEAD,MT
W7M/BE-099,BEAVERHEAD,MT
W7M/BE-100,BEAVERHEAD,MT
W7M/BE-101,BEAVERHEAD,MT
W7M/BE-102,BEAVERHEAD,MT
W7M/BE-103,BEAVERHEAD,MT
W7M/BE-104,BEAVERHEAD,MT
W7M/BE-105,BEAVERHEAD,MT
W7M/BE-106,BEAVERHEAD,MT
W7M/BE-107,BEAVERHEAD,MT
W7M/BE-108,BEAVERHEAD,MT
W7M/BE-109,BEAVERHEAD,MT
W7M/BE-110,BEAVERHEAD,MT
W7M/BE-112,BEAVERHEAD,MT
W7M/BE-113,BEAVERHEAD,MT
W7M/BE-114,BEAVERHEAD,MT
W7M/BE-115,BEAVERHEAD,MT
W7M/BE-117,BEAVERHEAD,MT
W7M/BE-118,BEAVERHEAD,MT
W7M/BE-119,BEAVERHEAD,MT
W7M/BE-120,BEAVERHEAD,MT
W7M/BE-121,BEAVERHEAD,MT
W7M/BE-122,BEAVERHEAD,MT
W7M/BE-124,BEAVERHEAD,MT
W7M/BE-125,BEAVERHEAD,MT
W7M/BE-126,BEAVERHEAD,MT
W7M/BE-127,BEAVERHEAD,MT
W7M/BE-128,BEAVERHEAD,MT
W7M/BE-129,BEAVERHEAD,MT
W7M/BE-131,BEAVERHEAD,MT
W7M/BE-132,BEAVERHEAD,MT
W7M/BE-133,BEAVERHEAD,MT
W7M/BE-134,BEAVERHEAD,MT
W7M/BE-135,BEAVERHEAD,MT
W7M/BE-136,BEAVERHEAD,MT
W7M/BE-137,BEAVERHEAD,MT
W7M/BE-138,BEAVERHEAD,MT
W7M/BE-139,BEAVERHEAD,MT
W7M/BE-140,BEAVERHEAD,MT
W7M/BE-141,BEAVERHEAD,MT
W7M/BE-142,BEAVERHEAD,MT
W7M/BE-143,BEAVERHEAD,MT
W7M/BE-145,BEAVERHEAD,MT
W7M/BE-148,BEAVERHEAD,MT
W7M/BE-149,BEAVERHEAD,MT
W7M/BE-150,BEAVERHEAD,MT
W7M/BE-151,BEAVERHEAD,MT
W7M/BE-152,BEAVERHEAD,MT
W7M/BE-153,BEAVERHEAD,MT
W7M/BE-154,BEAVERHEAD,MT
W7M/BE-155,BEAVERHEAD,MT
W7M/BE-156,BEAVERHEAD,MT
W7M/BE-157,BEAVERHEAD,MT
W7M/BE-158,BEAVERHEAD,MT
W7M/BE-159,BEAVERHEAD,MT
W7M/BE-160,BEAVERHEAD,MT
W7M/BE-161,BEAVERHEAD,MT
W7M/BE-162,BEAVERHEAD,MT
W7M/BE-163,BEAVERHEAD,MT
W7M/BE-164,BEAVERHEAD,MT
W7M/BE-165,BEAVERHEAD,MT
W7M/BE-166,BEAVERHEAD,MT
W7M/BE-167,BEAVERHEAD,MT
W7M/BE-168,BEAVERHEAD,MT
W7M/BE-169,BEAVERHEAD,MT
W7M/BE-170,BEAVERHEAD,MT
W7M/BE-171,BEAVERHEAD,MT
W7M/BE-172,BEAVERHEAD,MT
W7M/BE-173,BEAVERHEAD,MT
W7M/BE-174,BEAVERHEAD,MT
W7M/BE-175,BEAVERHEAD,MT
W7M/BE-176,BEAVERHEAD,MT
W7M/BE-177,BEAVERHEAD,MT
W7M/BE-178,BEAVERHEAD,MT
W7M/BE-179,BEAVERHEAD,MT
W7M/BE-180,BEAVERHEAD,MT
W7M/BE-181,BEAVERHEAD,MT
W7M/BE-182,BEAVERHEAD,MT
W7M/BE-183,BEAVERHEAD,MT
W7M/BE-184,BEAVERHEAD,MT
W7M/BE-185,BEAVERHEAD,MT
W7M/BE-186,BEAVERHEAD,MT
W7M/BE-187,BEAVERHEAD,MT
W7M/BE-188,BEAVERHEAD,MT
W7M/BE-189,BEAVERHEAD,MT
W7M/BE-190,BEAVERHEAD,MT
W7M/BE-191,BEAVERHEAD,MT
W7M/BE-192,BEAVERHEAD,MT
W7M/BE-193,BEAVERHEAD,MT
W7M/BE-194,BEAVERHEAD,MT
W7M/BE-195,BEAVERHEAD,MT
W7M/BE-196,BEAVERHEAD,MT
W7M/BE-197,BEAVERHEAD,MT
W7M/BE-198,BEAVERHEAD,MT
W7M/BE-199,BEAVERHEAD,MT
W7M/BR-001,MADISON,MT
W7M/BR-002,MADISON,MT
W7M/BR-003,MADISON,MT
W7M/BR-004,MADISON,MT
W7M/BR-005,MADISON,MT
W7M/BR-006,MADISON,MT
W7M/BR-007,MADISON,MT
W7M/BR-008,MADISON,MT
W7M/BR-009,MADISON,MT
W7M/BR-010,MADISON,MT
W7M/BR-011,MADISON,MT
W7M/BR-012,MADISON,MT
W7M/BR-013,MADISON,MT
W7M/BR-014,DEER LODGE,MT
W7M/BR-015,MADISON,MT
W7M/BR-016,MADISON,MT
W7M/BR-017,MADISON,MT
W7M/BR-018,MADISON,MT
W7M/BR-019,MADISON,MT
W7M/BR-020,DEER LODGE,MT
W7M/BR-021,DEER LODGE,MT
W7M/BR-022,MADISON,MT
W7M/BR-023,MADISON,MT
W7M/BR-024,MADISON,MT
W7M/BR-025,MADISON,MT
W7M/BR-026,MADISON,MT
W7M/BR-027,MADISON,MT
W7M/BR-028,MADISON,MT
W7M/BR-029,MADISON,MT
W7M/BR-030,MADISON,MT
W7M/BR-031,MADISON,MT
W7M/BR-032,DEER LODGE,MT
W7M/BR-033,MADISON,MT
W7M/BR-034,MADISON,MT
W7M/BR-035,MADISON,MT
W7M/BR-036,MADISON,MT
W7M/BR-037,MADISON,MT
W7M/BR-038,MADISON,MT
W7M/BR-039,MADISON,MT
W7M/BR-040,MADISON,MT
W7M/BR-041,DEER LODGE,MT
W7M/BR-042,MADISON,MT
W7M/BR-043,DEER LODGE,MT
W7M/BR-044,MADISON,MT
W7M/BR-045,MADISON,MT
W7M/BR-046,MADISON,MT
W7M/BR-047,DEER LODGE,MT
W7M/BR-048,MADISON,MT
W7M/BR-050,MADISON,MT
W7M/BR-054,MADISON,MT
W7M/BR-055,MADISON,MT
W7M/BR-056,MADISON,MT
W7M/BR-057,MADISON,MT
W7M/BR-058,MADISON,MT
W7M/BR-059,MADISON,MT
W7M/BR-062,MADISON,MT
W7M/BR-063,MADISON,MT
W7M/BR-064,MADISON,MT
W7M/BR-066,MADISON,MT
W7M/BR-067,MADISON,MT
W7M/BR-068,MADISON,MT
W7M/BR-069,MADISON,MT
W7M/BR-070,MADISON,MT
W7M/BR-071,DEER LODGE,MT
W7M/BR-072,MADISON,MT
W7M/BR-073,MADISON,MT
W7M/BR-074,MADISON,MT
W7M/BR-075,MADISON,MT
W7M/BR-076,MADISON,MT
W7M/BR-077,DEER LODGE,MT
W7M/BR-078,MADISON,MT
W7M/BR-080,DEER LODGE,MT
W7M/BR-081,MADISON,MT
W7M/BR-082,MADISON,MT
W7M/BR-083,MADISON,MT
W7M/BR-084,MADISON,MT
W7M/BR-085,MADISON,MT
W7M/BR-086,DEER LODGE,MT
W7M/BR-087,MADISON,MT
W7M/BR-088,MADISON,MT
W7M/BR-089,MADISON,MT
W7M/BR-090,DEER LODGE,MT
W7M/BR-091,MADISON,MT
W7M/BR-092,MADISON,MT
W7M/BR-093,MADISON,MT
W7M/BR-095,SILVER BOW,MT
W7M/BR-096,MADISON,MT
W7M/BR-097,MADISON,MT
W7M/BR-098,MADISON,MT
W7M/BR-099,MADISON,MT
W7M/BR-100,MADISON,MT
W7M/BR-101,SILVER BOW,MT
W7M/BR-103,MADISON,MT
W7M/BR-104,DEER LODGE,MT
W7M/BR-105,MADISON,MT
W7M/BR-106,DEER LODGE,MT
W7M/BR-107,MADISON,MT
W7M/BR-108,MADISON,MT
W7M/BR-109,MADISON,MT
W7M/BR-110,MADISON,MT
W7M/BR-111,MADISON,MT
W7M/BR-112,MADISON,MT
W7M/BR-113,MADISON,MT
W7M/BR-114,MADISON,MT
W7M/BR-115,SILVER BOW,MT
W7M/BR-116,SILVER BOW,MT
W7M/BR-117,MADISON,MT
W7M/BR-118,MADISON,MT
W7M/BR-119,MADISON,MT
W7M/BR-120,SILVER BOW,MT
W7M/BR-121,MADISON,MT
W7M/BR-122,MADISON,MT
W7M/BR-123,MADISON,MT
W7M/BR-124,SILVER BOW,MT
W7M/BR-125,DEER LODGE,MT
W7M/BR-127,MADISON,MT
W7M/BR-128,DEER LODGE,MT
W7M/BR-129,DEER LODGE,MT
W7M/BR-130,DEER LODGE,MT
W7M/BR-131,MADISON,MT
W7M/BR-132,MADISON,MT
W7M/BR-133,MADISON,MT
W7M/BR-134,SILVER BOW,MT
W7M/BR-136,SILVER BOW,MT
W7M/BR-137,SILVER BOW,MT
W7M/BR-138,MADISON,MT
W7M/BR-139,MADISON,MT
W7M/BR-140,SILVER BOW,MT
W7M/BR-141,DEER LODGE,MT
W7M/BR-142,DEER LODGE,MT
W7M/BR-143,DEER LODGE,MT
W7M/BR-144,SILVER BOW,MT
W7M/BR-145,DEER LODGE,MT
W7M/BR-146,SILVER BOW,MT
W7M/BR-147,MADISON,MT
W7M/BR-148,DEER LODGE,MT
W7M/BR-149,DEER LODGE,MT
W7M/BR-150,SILVER BOW,MT
W7M/BR-151,SILVER BOW,MT
W7M/BR-152,MADISON,MT
W7M/BR-153,MADISON,MT
W7M/BR-154,MADISON,MT
W7M/BR-155,SILVER BOW,MT
W7M/BR-156,MADISON,MT
W7M/BR-157,SILVER BOW,MT
W7M/BR-159,MADISON,MT
W7M/BR-160,MADISON,MT
W7M/BR-161,SILVER BOW,MT
W7M/BR-162,MADISON,MT
W7M/BR-163,MADISON,MT
W7M/BR-164,MADISON,MT
W7M/BR-165,SILVER BOW,MT
W7M/BR-166,MADISON,MT
W7M/BR-167,MADISON,MT
W7M/BR-168,MADISON,MT
W7M/BR-169,MADISON,MT
W7M/BR-170,MADISON,MT
W7M/BR-171,MADISON,MT
W7M/BR-173,SILVER BOW,MT
W7M/BR-174,DEER LODGE,MT
W7M/CL-012,LEWIS AND CLARK,MT
W7M/CL-073,LEWIS AND CLARK,MT
W7M/CL-075,LEWIS AND CLARK,MT
W7M/CL-123,LEWIS AND CLARK,MT
W7M/CL-169,LEWIS AND CLARK,MT
W7M/FN-001,FLATHEAD,MT
W7M/FN-002,FLATHEAD,MT
W7M/FN-004,FLATHEAD,MT
W7M/FN-005,FLATHEAD,MT
W7M/FN-006,FLATHEAD,MT
W7M/FN-007,FLATHEAD,MT
W7M/FN-008,FLATHEAD,MT
W7M/FN-009,FLATHEAD,MT
W7M/FN-011,FLATHEAD,MT
W7M/FN-012,FLATHEAD,MT
W7M/FN-014,FLATHEAD,MT
W7M/FN-015,FLATHEAD,MT
W7M/FN-017,FLATHEAD,MT
W7M/FN-019,FLATHEAD,MT
W7M/FN-022,FLATHEAD,MT
W7M/FN-024,FLATHEAD,MT
W7M/FN-026,FLATHEAD,MT
W7M/FN-028,FLATHEAD,MT
W7M/FN-030,FLATHEAD,MT
W7M/FN-031,FLATHEAD,MT
W7M/FN-032,FLATHEAD,MT
W7M/FN-033,FLATHEAD,MT
W7M/FN-034,FLATHEAD,MT
W7M/FN-035,FLATHEAD,MT
W7M/FN-036,FLATHEAD,MT
W7M/FN-037,FLATHEAD,MT
W7M/FN-041,FLATHEAD,MT
W7M/FN-042,FLATHEAD,MT
W7M/FN-044,FLATHEAD,MT
W7M/FN-045,FLATHEAD,MT
W7M/FN-046,FLATHEAD,MT
W7M/FN-047,FLATHEAD,MT
W7M/FN-048,FLATHEAD,MT
W7M/FN-049,FLATHEAD,MT
W7M/FN-051,FLATHEAD,MT
W7M/FN-052,FLATHEAD,MT
W7M/FN-053,FLATHEAD,MT
W7M/FN-054,FLATHEAD,MT
W7M/FN-055,FLATHEAD,MT
W7M/FN-056,FLATHEAD,MT
W7M/FN-057,FLATHEAD,MT
W7M/FN-060,FLATHEAD,MT
W7M/FN-062,FLATHEAD,MT
W7M/FN-063,FLATHEAD,MT
W7M/FN-064,FLATHEAD,MT
W7M/FN-065,FLATHEAD,MT
W7M/FN-067,FLATHEAD,MT
W7M/FN-068,FLATHEAD,MT
W7M/FN-069,FLATHEAD,MT
W7M/FN-071,FLATHEAD,MT
W7M/FN-072,FLATHEAD,MT
W7M/FN-077,FLATHEAD,MT
W7M/FN-078,FLATHEAD,MT
W7M/FN-079,FLATHEAD,MT
W7M/FN-081,FLATHEAD,MT
W7M/FN-083,FLATHEAD,MT
W7M/FN-084,FLATHEAD,MT
W7M/FN-085,FLATHEAD,MT
W7M/FN-086,FLATHEAD,MT
W7M/FN-087,FLATHEAD,MT
W7M/FN-088,FLATHEAD,MT
W7M/FN-089,FLATHEAD,MT
W7M/FN-090,FLATHEAD,MT
W7M/FN-092,FLATHEAD,MT
W7M/FN-093,FLATHEAD,MT
W7M/FN-095,FLATHEAD,MT
W7M/FN-096,FLATHEAD,MT
W7M/FN-097,FLATHEAD,MT
W7M/FN-098,FLATHEAD,MT
W7M/FN-099,FLATHEAD,MT
W7M/FN-100,FLATHEAD,MT
W7M/FN-101,FLATHEAD,MT
W7M/FN-103,FLATHEAD,MT
W7M/FN-105,FLATHEAD,MT
W7M/FN-106,FLATHEAD,MT
W7M/FN-107,FLATHEAD,MT
W7M/FN-108,FLATHEAD,MT
W7M/FN-109,FLATHEAD,MT
W7M/FN-110,FLATHEAD,MT
W7M/FN-111,FLATHEAD,MT
W7M/FN-112,FLATHEAD,MT
W7M/FN-113,FLATHEAD,MT
W7M/FN-114,FLATHEAD,MT
W7M/FN-115,FLATHEAD,MT
W7M/FN-116,FLATHEAD,MT
W7M/FN-117,FLATHEAD,MT
W7M/FN-118,FLATHEAD,MT
W7M/FN-119,FLATHEAD,MT
W7M/FN-120,FLATHEAD,MT
W7M/FN-121,FLATHEAD,MT
W7M/FN-122,FLATHEAD,MT
W7M/FN-124,FLATHEAD,MT
W7M/FN-125,FLATHEAD,MT
W7M/FN-126,FLATHEAD,MT
W7M/FN-127,FLATHEAD,MT
W7M/FN-128,FLATHEAD,MT
W7M/FN-129,FLATHEAD,MT
W7M/FN-130,FLATHEAD,MT
W7M/FN-131,FLATHEAD,MT
W7M/FN-132,FLATHEAD,MT
W7M/FN-133,FLATHEAD,MT
W7M/FN-134,FLATHEAD,MT
W7M/FN-135,FLATHEAD,MT
W7M/FN-136,FLATHEAD,MT
W7M/FN-137,FLATHEAD,MT
W7M/FN-138,FLATHEAD,MT
W7M/FN-139,FLATHEAD,MT
W7M/FN-141,FLATHEAD,MT
W7M/FN-142,FLATHEAD,MT
W7M/FN-143,FLATHEAD,MT
W7M/FN-144,FLATHEAD,MT
W7M/FN-145,FLATHEAD,MT
W7M/FN-147,FLATHEAD,MT
W7M/FN-148,FLATHEAD,MT
W7M/FN-149,FLATHEAD,MT
W7M/FN-150,FLATHEAD,MT
W7M/FN-151,FLATHEAD,MT
W7M/FN-153,FLATHEAD,MT
W7M/FN-154,FLATHEAD,MT
W7M/FN-155,FLATHEAD,MT
W7M/FN-156,FLATHEAD,MT
W7M/FN-157,FLATHEAD,MT
W7M/FN-158,FLATHEAD,MT
W7M/FN-159,FLATHEAD,MT
W7M/FN-160,FLATHEAD,MT
W7M/FN-161,FLATHEAD,MT
W7M/FN-162,FLATHEAD,MT
W7M/FN-163,FLATHEAD,MT
W7M/FN-164,FLATHEAD,MT
W7M/FN-165,FLATHEAD,MT
W7M/FN-167,FLATHEAD,MT
W7M/FN-168,FLATHEAD,MT
W7M/FN-169,FLATHEAD,MT
W7M/FN-170,FLATHEAD,MT
W7M/FN-171,FLATHEAD,MT
W7M/FN-172,FLATHEAD,MT
W7M/FN-173,FLATHEAD,MT
W7M/FN-174,FLATHEAD,MT
W7M/FN-176,FLATHEAD,MT
W7M/FN-177,FLATHEAD,MT
W7M/FN-178,FLATHEAD,MT
W7M/FN-179,FLATHEAD,MT
W7M/FN-180,FLATHEAD,MT
W7M/FN-181,FLATHEAD,MT
W7M/FN-182,FLATHEAD,MT
W7M/FN-183,FLATHEAD,MT
W7M/FN-184,FLATHEAD,MT
W7M/FN-185,FLATHEAD,MT
W7M/FN-186,FLATHEAD,MT
W7M/FN-187,FLATHEAD,MT
W7M/FN-188,FLATHEAD,MT
W7M/FN-189,FLATHEAD,MT
W7M/FN-190,FLATHEAD,MT
W7M/FN-191,FLATHEAD,MT
W7M/FN-192,FLATHEAD,MT
W7M/FN-193,FLATHEAD,MT
W7M/FN-194,FLATHEAD,MT
W7M/FN-195,FLATHEAD,MT
W7M/FN-196,FLATHEAD,MT
W7M/FN-197,FLATHEAD,MT
W7M/FN-198,FLATHEAD,MT
W7M/FN-199,FLATHEAD,MT
W7M/FN-200,FLATHEAD,MT
W7M/FN-201,FLATHEAD,MT
W7M/FN-202,FLATHEAD,MT
W7M/FN-203,FLATHEAD,MT
W7M/FN-204,FLATHEAD,MT
W7M/FN-205,FLATHEAD,MT
W7M/FN-206,FLATHEAD,MT
W7M/FN-207,FLATHEAD,MT
W7M/FN-208,FLATHEAD,MT
W7M/FN-209,FLATHEAD,MT
W7M/FN-210,FLATHEAD,MT
W7M/FN-211,FLATHEAD,MT
W7M/FN-212,FLATHEAD,MT
W7M/FN-213,FLATHEAD,MT
W7M/FN-214,FLATHEAD,MT
W7M/FN-215,FLATHEAD,MT
W7M/FN-216,FLATHEAD,MT
W7M/FN-217,FLATHEAD,MT
W7M/FN-218,FLATHEAD,MT
W7M/FN-219,FLATHEAD,MT
W7M/FN-220,FLATHEAD,MT
W7M/FN-221,FLATHEAD,MT
W7M/FN-222,FLATHEAD,MT
W7M/FN-223,FLATHEAD,MT
W7M/FN-224,FLATHEAD,MT
W7M/FN-225,FLATHEAD,MT
W7M/FN-226,FLATHEAD,MT
W7M/FN-227,FLATHEAD,MT
W7M/FN-228,FLATHEAD,MT
W7M/FN-229,FLATHEAD,MT
W7M/FN-230,FLATHEAD,MT
W7M/FN-231,FLATHEAD,MT
W7M/FN-232,FLATHEAD,MT
W7M/FN-233,FLATHEAD,MT
W7M/FN-234,FLATHEAD,MT
W7M/FN-235,FLATHEAD,MT
W7M/FN-236,FLATHEAD,MT
W7M/FN-237,FLATHEAD,MT
W7M/FN-238,FLATHEAD,MT
W7M/FN-239,FLATHEAD,MT
W7M/FN-240,FLATHEAD,MT
W7M/FN-241,FLATHEAD,MT
W7M/FN-242,FLATHEAD,MT
W7M/FN-243,FLATHEAD,MT
W7M/FN-244,FLATHEAD,MT
W7M/FN-245,FLATHEAD,MT
W7M/FN-246,FLATHEAD,MT
W7M/FN-247,FLATHEAD,MT
W7M/FN-248,FLATHEAD,MT
W7M/FS-001,FLATHEAD,MT
W7M/FS-002,FLATHEAD,MT
W7M/FS-003,FLATHEAD,MT
W7M/FS-004,FLATHEAD,MT
W7M/FS-011,FLATHEAD,MT
W7M/FS-013,FLATHEAD,MT
W7M/FS-014,FLATHEAD,MT
W7M/FS-016,FLATHEAD,MT
W7M/FS-017,FLATHEAD,MT
W7M/FS-018,FLATHEAD,MT
W7M/FS-019,FLATHEAD,MT
W7M/FS-020,FLATHEAD,MT
W7M/FS-021,FLATHEAD,MT
W7M/FS-023,FLATHEAD,MT
W7M/FS-026,FLATHEAD,MT
W7M/FS-028,FLATHEAD,MT
W7M/FS-029,FLATHEAD,MT
W7M/FS-030,FLATHEAD,MT
W7M/FS-031,FLATHEAD,MT
W7M/FS-032,FLATHEAD,MT
W7M/FS-033,FLATHEAD,MT
W7M/FS-034,FLATHEAD,MT
W7M/FS-035,FLATHEAD,MT
W7M/FS-036,FLATHEAD,MT
W7M/FS-037,FLATHEAD,MT
W7M/FS-040,FLATHEAD,MT
W7M/FS-041,FLATHEAD,MT
W7M/FS-042,FLATHEAD,MT
W7M/FS-043,FLATHEAD,MT
W7M/FS-044,FLATHEAD,MT
W7M/FS-046,FLATHEAD,MT
W7M/FS-047,FLATHEAD,MT
W7M/FS-049,FLATHEAD,MT
W7M/FS-050,FLATHEAD,MT
W7M/FS-051,FLATHEAD,MT
W7M/FS-052,FLATHEAD,MT
W7M/FS-053,FLATHEAD,MT
W7M/FS-054,FLATHEAD,MT
W7M/FS-055,FLATHEAD,MT
W7M/FS-056,FLATHEAD,MT
W7M/FS-058,FLATHEAD,MT
W7M/FS-059,FLATHEAD,MT
W7M/FS-060,FLATHEAD,MT
W7M/FS-061,FLATHEAD,MT
W7M/FS-062,FLATHEAD,MT
W7M/FS-064,FLATHEAD,MT
W7M/FS-065,FLATHEAD,MT
W7M/FS-066,FLATHEAD,MT
W7M/FS-067,FLATHEAD,MT
W7M/FS-069,FLATHEAD,MT
W7M/FS-070,FLATHEAD,MT
W7M/FS-071,FLATHEAD,MT
W7M/FS-072,FLATHEAD,MT
W7M/FS-073,FLATHEAD,MT
W7M/FS-074,FLATHEAD,MT
W7M/FS-076,FLATHEAD,MT
W7M/FS-077,FLATHEAD,MT
W7M/FS-078,FLATHEAD,MT
W7M/FS-079,FLATHEAD,MT
W7M/FS-080,FLATHEAD,MT
W7M/FS-081,FLATHEAD,MT
W7M/FS-082,FLATHEAD,MT
W7M/FS-083,FLATHEAD,MT
W7M/FS-084,FLATHEAD,MT
W7M/FS-085,FLATHEAD,MT
W7M/FS-086,FLATHEAD,MT
W7M/FS-087,FLATHEAD,MT
W7M/FS-088,FLATHEAD,MT
W7M/FS-089,FLATHEAD,MT
W7M/FS-090,FLATHEAD,MT
W7M/FS-091,FLATHEAD,MT
W7M/FS-092,FLATHEAD,MT
W7M/FS-093,FLATHEAD,MT
W7M/FS-094,FLATHEAD,MT
W7M/FS-095,FLATHEAD,MT
W7M/FS-097,FLATHEAD,MT
W7M/FS-098,FLATHEAD,MT
W7M/FS-100,FLATHEAD,MT
W7M/FS-101,FLATHEAD,MT
W7M/FS-102,FLATHEAD,MT
W7M/FS-103,FLATHEAD,MT
W7M/FS-104,FLATHEAD,MT
W7M/FS-105,FLATHEAD,MT
W7M/FS-106,FLATHEAD,MT
W7M/FS-107,FLATHEAD,MT
W7M/FS-108,FLATHEAD,MT
W7M/FS-109,FLATHEAD,MT
W7M/FS-110,FLATHEAD,MT
W7M/FS-111,FLATHEAD,MT
W7M/FS-112,FLATHEAD,MT
W7M/FS-113,FLATHEAD,MT
W7M/FS-114,FLATHEAD,MT
W7M/FS-115,FLATHEAD,MT
W7M/FS-116,FLATHEAD,MT
W7M/FS-117,FLATHEAD,MT
W7M/FS-118,FLATHEAD,MT
W7M/FS-119,FLATHEAD,MT
W7M/FS-120,FLATHEAD,MT
W7M/FS-121,FLATHEAD,MT
W7M/FS-122,FLATHEAD,MT
W7M/FS-123,FLATHEAD,MT
W7M/FS-124,FLATHEAD,MT
W7M/FS-127,FLATHEAD,MT
W7M/FS-128,FLATHEAD,MT
W7M/FS-129,FLATHEAD,MT
W7M/FS-130,FLATHEAD,MT
W7M/FS-131,FLATHEAD,MT
W7M/FS-132,FLATHEAD,MT
W7M/FS-133,FLATHEAD,MT
W7M/FS-134,FLATHEAD,MT
W7M/FS-135,FLATHEAD,MT
W7M/FS-136,FLATHEAD,MT
W7M/FS-137,FLATHEAD,MT
W7M/FS-138,FLATHEAD,MT
W7M/FS-139,FLATHEAD,MT
W7M/FS-140,FLATHEAD,MT
W7M/FS-141,FLATHEAD,MT
W7M/FS-142,FLATHEAD,MT
W7M/FS-143,FLATHEAD,MT
W7M/FS-144,FLATHEAD,MT
W7M/FS-145,FLATHEAD,MT
W7M/FS-146,FLATHEAD,MT
W7M/FS-147,FLATHEAD,MT
W7M/FS-148,FLATHEAD,MT
W7M/FS-149,FLATHEAD,MT
W7M/FS-150,FLATHEAD,MT
W7M/FS-151,FLATHEAD,MT
W7M/FS-152,FLATHEAD,MT
W7M/FS-153,FLATHEAD,MT
W7M/FS-154,FLATHEAD,MT
W7M/FS-155,FLATHEAD,MT
W7M/FS-156,FLATHEAD,MT
W7M/FS-157,FLATHEAD,MT
W7M/FS-158,FLATHEAD,MT
W7M/FS-159,FLATHEAD,MT
W7M/FS-160,FLATHEAD,MT
W7M/FS-161,FLATHEAD,MT
W7M/FS-162,FLATHEAD,MT
W7M/FS-163,FLATHEAD,MT
W7M/FS-164,FLATHEAD,MT
W7M/FS-165,FLATHEAD,MT
W7M/FS-166,FLATHEAD,MT
W7M/FS-167,FLATHEAD,MT
W7M/FS-168,FLATHEAD,MT
W7M/FS-169,FLATHEAD,MT
W7M/FS-170,FLATHEAD,MT
W7M/FS-171,FLATHEAD,MT
W7M/FS-172,FLATHEAD,MT
W7M/FS-173,FLATHEAD,MT
W7M/FS-174,FLATHEAD,MT
W7M/FS-175,FLATHEAD,MT
W7M/FS-176,FLATHEAD,MT
W7M/FS-177,FLATHEAD,MT
W7M/FS-178,FLATHEAD,MT
W7M/FS-179,FLATHEAD,MT
W7M/FS-180,FLATHEAD,MT
W7M/FS-181,FLATHEAD,MT
W7M/FS-182,FLATHEAD,MT
W7M/FS-183,FLATHEAD,MT
W7M/FS-184,FLATHEAD,MT
W7M/FS-185,FLATHEAD,MT
W7M/FS-186,FLATHEAD,MT
W7M/FS-187,FLATHEAD,MT
W7M/FS-188,FLATHEAD,MT
W7M/FS-189,FLATHEAD,MT
W7M/FS-190,FLATHEAD,MT
W7M/FS-191,FLATHEAD,MT
W7M/FS-193,FLATHEAD,MT
W7M/FS-194,FLATHEAD,MT
W7M/FS-195,FLATHEAD,MT
W7M/FS-196,FLATHEAD,MT
W7M/FS-197,FLATHEAD,MT
W7M/FS-198,FLATHEAD,MT
W7M/FS-199,FLATHEAD,MT
W7M/FS-200,FLATHEAD,MT
W7M/FS-201,FLATHEAD,MT
W7M/FS-202,FLATHEAD,MT
W7M/FS-203,FLATHEAD,MT
W7M/GA-001,GRANITE,MT
W7M/GA-002,POWELL,MT
W7M/GA-003,POWELL,MT
W7M/GA-004,GRANITE,MT
W7M/GA-005,GRANITE,MT
W7M/GA-006,POWELL,MT
W7M/GA-007,GRANITE,MT
W7M/GA-008,POWELL,MT
W7M/GA-009,GRANITE,MT
W7M/GA-010,GRANITE,MT
W7M/GA-013,POWELL,MT
W7M/GA-014,GRANITE,MT
W7M/GA-015,GRANITE,MT
W7M/GA-016,GRANITE,MT
W7M/GA-017,GRANITE,MT
W7M/GA-018,GRANITE,MT
W7M/GA-019,GRANITE,MT
W7M/GA-020,POWELL,MT
W7M/GA-021,POWELL,MT
W7M/GA-023,GRANITE,MT
W7M/GA-024,GRANITE,MT
W7M/GA-025,POWELL,MT
W7M/GA-026,POWELL,MT
W7M/GA-027,POWELL,MT
W7M/GA-028,POWELL,MT
W7M/GA-029,POWELL,MT
W7M/GA-030,POWELL,MT
W7M/GA-031,POWELL,MT
W7M/GA-032,POWELL,MT
W7M/GA-033,POWELL,MT
W7M/GA-034,POWELL,MT
W7M/GA-035,POWELL,MT
W7M/GA-036,GRANITE,MT
W7M/GA-037,GRANITE,MT
W7M/GA-038,GRANITE,MT
W7M/GA-039,POWELL,MT
W7M/GA-040,GRANITE,MT
W7M/GA-041,POWELL,MT
W7M/GA-042,POWELL,MT
W7M/GA-043,POWELL,MT
W7M/GA-044,POWELL,MT
W7M/GA-045,POWELL,MT
W7M/GA-046,POWELL,MT
W7M/GA-048,POWELL,MT
W7M/GA-049,POWELL,MT
W7M/GA-050,POWELL,MT
W7M/GA-051,GRANITE,MT
W7M/GA-052,POWELL,MT
W7M/GA-053,POWELL,MT
W7M/GA-054,GRANITE,MT
W7M/GA-055,POWELL,MT
W7M/GA-056,POWELL,MT
W7M/GA-057,GRANITE,MT
W7M/GA-058,POWELL,MT
W7M/GA-059,POWELL,MT
W7M/GA-060,GRANITE,MT
W7M/GA-061,POWELL,MT
W7M/GA-063,POWELL,MT
W7M/GA-064,POWELL,MT
W7M/GA-065,POWELL,MT
W7M/GA-066,POWELL,MT
W7M/GA-068,POWELL,MT
W7M/GA-069,GRANITE,MT
W7M/GA-070,POWELL,MT
W7M/GA-071,POWELL,MT
W7M/GA-072,POWELL,MT
W7M/GA-073,GRANITE,MT
W7M/GA-074,GRANITE,MT
W7M/GA-075,POWELL,MT
W7M/GA-076,GRANITE,MT
W7M/GA-077,POWELL,MT
W7M/GA-078,POWELL,MT
W7M/GA-079,POWELL,MT
W7M/GA-080,POWELL,MT
W7M/GA-081,POWELL,MT
W7M/GA-082,GRANITE,MT
W7M/GA-083,POWELL,MT
W7M/GA-084,POWELL,MT
W7M/GA-085,POWELL,MT
W7M/GA-086,POWELL,MT
W7M/GA-087,POWELL,MT
W7M/GA-088,POWELL,MT
W7M/GA-089,GRANITE,MT
W7M/GA-090,GRANITE,MT
W7M/GA-091,POWELL,MT
W7M/GA-093,GRANITE,MT
W7M/GA-094,POWELL,MT
W7M/GA-095,POWELL,MT
W7M/GA-096,POWELL,MT
W7M/GA-097,GRANITE,MT
W7M/GA-098,GRANITE,MT
W7M/GA-099,POWELL,MT
W7M/GA-100,GRANITE,MT
W7M/GA-101,POWELL,MT
W7M/GA-102,POWELL,MT
W7M/GA-103,POWELL,MT
W7M/GA-104,POWELL,MT
W7M/GA-105,POWELL,MT
W7M/GA-106,POWELL,MT
W7M/GA-107,POWELL,MT
W7M/GA-108,POWELL,MT
W7M/GA-109,POWELL,MT
W7M/GA-111,POWELL,MT
W7M/GA-112,GRANITE,MT
W7M/GA-113,POWELL,MT
W7M/GA-114,GRANITE,MT
W7M/GA-115,GRANITE,MT
W7M/GA-116,GRANITE,MT
W7M/GA-117,GRANITE,MT
W7M/GA-118,POWELL,MT
W7M/GA-119,POWELL,MT
W7M/GA-120,POWELL,MT
W7M/GA-121,POWELL,MT
W7M/GA-122,POWELL,MT
W7M/GA-123,GRANITE,MT
W7M/GA-124,POWELL,MT
W7M/GA-125,POWELL,MT
W7M/GA-126,GRANITE,MT
W7M/GA-127,GRANITE,MT
W7M/GA-128,POWELL,MT
W7M/GA-129,GRANITE,MT
W7M/GA-130,GRANITE,MT
W7M/GA-131,POWELL,MT
W7M/GA-132,POWELL,MT
W7M/GA-133,POWELL,MT
W7M/GA-134,GRANITE,MT
W7M/GA-135,POWELL,MT
W7M/GA-136,GRANITE,MT
W7M/GA-137,POWELL,MT
W7M/GA-139,GRANITE,MT
W7M/GA-140,GRANITE,MT
W7M/GA-141,GRANITE,MT
W7M/GA-142,POWELL,MT
W7M/GA-143,POWELL,MT
W7M/GA-144,POWELL,MT
W7M/GA-145,GRANITE,MT
W7M/GA-146,GRANITE,MT
W7M/GA-147,GRANITE,MT
W7M/GA-148,GRANITE,MT
W7M/GA-149,GRANITE,MT
W7M/GA-150,POWELL,MT
W7M/GA-151,POWELL,MT
W7M/GA-152,POWELL,MT
W7M/GA-153,POWELL,MT
W7M/GA-154,GRANITE,MT
W7M/GA-155,POWELL,MT
W7M/GA-156,POWELL,MT
W7M/GA-157,GRANITE,MT
W7M/GA-158,POWELL,MT
W7M/GA-159,POWELL,MT
W7M/GA-160,GRANITE,MT
W7M/GA-161,POWELL,MT
W7M/GA-162,GRANITE,MT
W7M/GA-163,POWELL,MT
W7M/GA-164,POWELL,MT
W7M/GA-165,POWELL,MT
W7M/GA-166,POWELL,MT
W7M/GA-167,POWELL,MT
W7M/GA-168,GRANITE,MT
W7M/GA-169,POWELL,MT
W7M/GR-001,GLACIER,MT
W7M/GR-002,GLACIER,MT
W7M/GR-003,GLACIER,MT
W7M/GR-004,GLACIER,MT
W7M/GR-005,GLACIER,MT
W7M/GR-006,GLACIER,MT
W7M/GR-007,GLACIER,MT
W7M/GR-008,GLACIER,MT
W7M/GR-009,GLACIER,MT
W7M/GR-010,GLACIER,MT
W7M/GR-011,TETON,MT
W7M/GR-012,GLACIER,MT
W7M/GR-013,GLACIER,MT
W7M/GR-014,GLACIER,MT
W7M/GR-015,GLACIER,MT
W7M/GR-016,GLACIER,MT
W7M/GR-017,GLACIER,MT
W7M/GR-018,GLACIER,MT
W7M/GR-019,GLACIER,MT
W7M/GR-020,TETON,MT
W7M/GR-021,GLACIER,MT
W7M/GR-022,GLACIER,MT
W7M/GR-023,GLACIER,MT
W7M/GR-024,GLACIER,MT
W7M/GR-025,GLACIER,MT
W7M/GR-026,GLACIER,MT
W7M/GR-027,GLACIER,MT
W7M/GR-028,GLACIER,MT
W7M/GR-029,GLACIER,MT
W7M/GR-030,GLACIER,MT
W7M/GR-031,GLACIER,MT
W7M/GR-032,GLACIER,MT
W7M/GR-033,TETON,MT
W7M/GR-034,GLACIER,MT
W7M/GR-035,GLACIER,MT
W7M/GR-036,GLACIER,MT
W7M/GR-037,GLACIER,MT
W7M/GR-038,GLACIER,MT
W7M/GR-039,GLACIER,MT
W7M/GR-040,GLACIER,MT
W7M/GR-041,TETON,MT
W7M/GR-042,GLACIER,MT
W7M/GR-043,GLACIER,MT
W7M/GR-044,GLACIER,MT
W7M/GR-045,TETON,MT
W7M/GR-046,GLACIER,MT
W7M/GR-047,GLACIER,MT
W7M/GR-048,TETON,MT
W7M/GR-049,GLACIER,MT
W7M/GR-050,TETON,MT
W7M/GR-051,TETON,MT
W7M/GR-052,GLACIER,MT
W7M/GR-053,TETON,MT
W7M/GR-054,TETON,MT
W7M/GR-055,GLACIER,MT
W7M/GR-056,GLACIER,MT
W7M/GR-057,GLACIER,MT
W7M/GR-058,GLACIER,MT
W7M/GR-059,GLACIER,MT
W7M/GR-060,TETON,MT
W7M/GR-061,GLACIER,MT
W7M/GR-062,TETON,MT
W7M/GR-063,GLACIER,MT
W7M/GR-064,GLACIER,MT
W7M/GR-065,TETON,MT
W7M/GR-066,GLACIER,MT
W7M/GR-067,TETON,MT
W7M/GR-068,TETON,MT
W7M/GR-069,TETON,MT
W7M/GR-070,PONDERA,MT
W7M/GR-071,TETON,MT
W7M/GR-072,TETON,MT
W7M/GR-073,GLACIER,MT
W7M/GR-074,GLACIER,MT
W7M/GR-075,TETON,MT
W7M/GR-076,TETON,MT
W7M/GR-077,GLACIER,MT
W7M/GR-078,TETON,MT
W7M/GR-079,PONDERA,MT
W7M/GR-080,GLACIER,MT
W7M/GR-081,TETON,MT
W7M/GR-082,TETON,MT
W7M/GR-083,GLACIER,MT
W7M/GR-084,TETON,MT
W7M/GR-085,TETON,MT
W7M/GR-086,GLACIER,MT
W7M/GR-087,GLACIER,MT
W7M/GR-088,PONDERA,MT
W7M/GR-089,TETON,MT
W7M/GR-090,PONDERA,MT
W7M/GR-091,GLACIER,MT
W7M/GR-092,TETON,MT
W7M/GR-093,GLACIER,MT
W7M/GR-094,GLACIER,MT
W7M/GR-095,GLACIER,MT
W7M/GR-096,TETON,MT
W7M/GR-097,TETON,MT
W7M/GR-098,TETON,MT
W7M/GR-099,TETON,MT
W7M/GR-100,GLACIER,MT
W7M/GR-101,GLACIER,MT
W7M/GR-102,PONDERA,MT
W7M/GR-103,TETON,MT
W7M/GR-104,GLACIER,MT
W7M/GR-105,TETON,MT
W7M/GR-106,PONDERA,MT
W7M/GR-107,TETON,MT
W7M/GR-108,TETON,MT
W7M/GR-109,TETON,MT
W7M/GR-110,TETON,MT
W7M/GR-111,TETON,MT
W7M/GR-112,PONDERA,MT
W7M/GR-113,TETON,MT
W7M/GR-114,PONDERA,MT
W7M/GR-115,TETON,MT
W7M/GR-116,TETON,MT
W7M/GR-117,PONDERA,MT
W7M/GR-118,GLACIER,MT
W7M/GR-119,TETON,MT
W7M/GR-120,TETON,MT
W7M/GR-121,GLACIER,MT
W7M/GR-122,TETON,MT
W7M/GR-123,TETON,MT
W7M/GR-124,GLACIER,MT
W7M/GR-125,GLACIER,MT
W7M/GR-126,TETON,MT
W7M/GR-127,GLACIER,MT
W7M/GR-128,PONDERA,MT
W7M/GR-129,TETON,MT
W7M/GR-130,GLACIER,MT
W7M/GR-131,PONDERA,MT
W7M/GR-132,PONDERA,MT
W7M/GR-133,TETON,MT
W7M/GR-134,GLACIER,MT
W7M/GR-135,TETON,MT
W7M/GR-136,TETON,MT
W7M/GR-137,TETON,MT
W7M/GR-138,TETON,MT
W7M/GR-139,PONDERA,MT
W7M/GR-140,TETON,MT
W7M/GR-141,TETON,MT
W7M/GR-142,PONDERA,MT
W7M/GR-144,GLACIER,MT
W7M/GR-145,TETON,MT
W7M/GR-146,TETON,MT
W7M/GR-147,TETON,MT
W7M/GR-148,GLACIER,MT
W7M/GR-149,TETON,MT
W7M/GR-150,TETON,MT
W7M/GR-152,PONDERA,MT
W7M/GR-153,TETON,MT
W7M/GR-154,PONDERA,MT
W7M/GR-155,PONDERA,MT
W7M/GR-156,GLACIER,MT
W7M/GR-157,PONDERA,MT
W7M/GR-158,TETON,MT
W7M/GR-159,TETON,MT
W7M/GR-160,TETON,MT
W7M/GR-161,TETON,MT
W7M/GR-162,PONDERA,MT
W7M/GR-163,TETON,MT
W7M/GR-164,TETON,MT
W7M/GR-165,GLACIER,MT
W7M/GR-166,GLACIER,MT
W7M/GR-167,TETON,MT
W7M/GR-168,TETON,MT
W7M/GR-169,TETON,MT
W7M/GR-170,TETON,MT
W7M/GR-171,TETON,MT
W7M/GR-172,GLACIER,MT
W7M/GR-173,GLACIER,MT
W7M/GR-174,GLACIER,MT
W7M/GR-175,TETON,MT
W7M/GR-176,GLACIER,MT
W7M/HB-001,GALLATIN,MT
W7M/HB-002,GALLATIN,MT
W7M/HB-003,GALLATIN,MT
W7M/HB-004,GALLATIN,MT
W7M/HB-005,GALLATIN,MT
W7M/HB-006,GALLATIN,MT
W7M/HB-007,GALLATIN,MT
W7M/HB-008,GALLATIN,MT
W7M/HB-009,GALLATIN,MT
W7M/HB-010,GALLATIN,MT
W7M/HB-011,GALLATIN,MT
W7M/HB-012,GALLATIN,MT
W7M/HB-013,GALLATIN,MT
W7M/HB-016,GALLATIN,MT
W7M/HB-017,GALLATIN,MT
W7M/HB-018,GALLATIN,MT
W7M/HB-019,GALLATIN,MT
W7M/HB-020,GALLATIN,MT
W7M/HB-021,GALLATIN,MT
W7M/HB-022,GALLATIN,MT
W7M/HB-023,GALLATIN,MT
W7M/HB-024,GALLATIN,MT
W7M/HB-025,GALLATIN,MT
W7M/HB-026,BROADWATER,MT
W7M/HB-028,GALLATIN,MT
W7M/HB-029,JEFFERSON,MT
W7M/HB-030,GALLATIN,MT
W7M/HB-031,GALLATIN,MT
W7M/HB-032,GALLATIN,MT
W7M/HB-033,GALLATIN,MT
W7M/HB-034,GALLATIN,MT
W7M/HB-035,GALLATIN,MT
W7M/HB-037,JEFFERSON,MT
W7M/HB-038,JEFFERSON,MT
W7M/HB-039,BROADWATER,MT
W7M/HB-040,JEFFERSON,MT
W7M/HB-041,GALLATIN,MT
W7M/HB-042,GALLATIN,MT
W7M/HB-043,GALLATIN,MT
W7M/HB-044,JEFFERSON,MT
W7M/HB-045,JEFFERSON,MT
W7M/HB-046,JEFFERSON,MT
W7M/HB-047,JEFFERSON,MT
W7M/HB-048,JEFFERSON,MT
W7M/HB-049,JEFFERSON,MT
W7M/HB-050,JEFFERSON,MT
W7M/HB-051,GALLATIN,MT
W7M/HB-052,GALLATIN,MT
W7M/HB-054,GALLATIN,MT
W7M/HB-055,JEFFERSON,MT
W7M/HB-057,GALLATIN,MT
W7M/HB-058,JEFFERSON,MT
W7M/HB-061,GALLATIN,MT
W7M/HB-063,JEFFERSON,MT
W7M/HB-064,JEFFERSON,MT
W7M/HB-065,JEFFERSON,MT
W7M/HB-067,GALLATIN,MT
W7M/HB-068,GALLATIN,MT
W7M/HB-069,JEFFERSON,MT
W7M/HB-070,JEFFERSON,MT
W7M/HB-071,JEFFERSON,MT
W7M/HB-072,JEFFERSON,MT
W7M/HB-073,JEFFERSON,MT
W7M/HB-075,JEFFERSON,MT
W7M/HB-078,JEFFERSON,MT
W7M/HB-080,GALLATIN,MT
W7M/HB-081,BROADWATER,MT
W7M/HB-082,BROADWATER,MT
W7M/HB-083,GALLATIN,MT
W7M/HB-084,GALLATIN,MT
W7M/HB-085,JEFFERSON,MT
W7M/HB-086,JEFFERSON,MT
W7M/HB-087,GALLATIN,MT
W7M/HB-089,GALLATIN,MT
W7M/HB-091,BROADWATER,MT
W7M/HB-092,JEFFERSON,MT
W7M/HB-093,JEFFERSON,MT
W7M/HB-094,GALLATIN,MT
W7M/HB-095,GALLATIN,MT
W7M/HB-096,GALLATIN,MT
W7M/HB-097,JEFFERSON,MT
W7M/HB-098,GALLATIN,MT
W7M/HB-100,JEFFERSON,MT
W7M/HB-102,GALLATIN,MT
W7M/HB-103,GALLATIN,MT
W7M/HB-104,GALLATIN,MT
W7M/HB-105,JEFFERSON,MT
W7M/HB-106,JEFFERSON,MT
W7M/HB-107,BROADWATER,MT
W7M/HB-108,BROADWATER,MT
W7M/HB-109,GALLATIN,MT
W7M/HB-111,GALLATIN,MT
W7M/HB-112,JEFFERSON,MT
W7M/HB-113,GALLATIN,MT
W7M/HB-115,BROADWATER,MT
W7M/HB-116,GALLATIN,MT
W7M/HB-118,BROADWATER,MT
W7M/HB-119,GALLATIN,MT
W7M/HB-120,JEFFERSON,MT
W7M/HB-121,BROADWATER,MT
W7M/HB-122,JEFFERSON,MT
W7M/HB-123,JEFFERSON,MT
W7M/HB-124,JEFFERSON,MT
W7M/HB-125,JEFFERSON,MT
W7M/HB-126,GALLATIN,MT
W7M/HB-127,JEFFERSON,MT
W7M/HB-128,JEFFERSON,MT
W7M/HB-129,JEFFERSON,MT
W7M/HB-130,BROADWATER,MT
W7M/HB-131,BROADWATER,MT
W7M/HB-132,JEFFERSON,MT
W7M/HB-133,BROADWATER,MT
W7M/HB-134,BROADWATER,MT
W7M/HB-135,BROADWATER,MT
W7M/HB-136,BROADWATER,MT
W7M/HB-137,BROADWATER,MT
W7M/HB-138,JEFFERSON,MT
W7M/HB-139,BROADWATER,MT
W7M/HB-140,JEFFERSON,MT
W7M/HB-141,BROADWATER,MT
W7M/HB-142,BROADWATER,MT
W7M/HB-143,GALLATIN,MT
W7M/HB-144,JEFFERSON,MT
W7M/HB-146,JEFFERSON,MT
W7M/HB-147,GALLATIN,MT
W7M/HB-148,GALLATIN,MT
W7M/HB-149,JEFFERSON,MT
W7M/LI-001,LINCOLN,MT
W7M/LI-002,LINCOLN,MT
W7M/LI-003,LINCOLN,MT
W7M/LI-004,LINCOLN,MT
W7M/LI-005,LINCOLN,MT
W7M/LI-006,LINCOLN,MT
W7M/LI-008,LINCOLN,MT
W7M/LI-009,LINCOLN,MT
W7M/LI-010,LINCOLN,MT
W7M/LI-011,LINCOLN,MT
W7M/LI-012,LINCOLN,MT
W7M/LI-013,LINCOLN,MT
W7M/LI-014,LINCOLN,MT
W7M/LI-015,LINCOLN,MT
W7M/LI-016,LINCOLN,MT
W7M/LI-017,LINCOLN,MT
W7M/LI-018,LINCOLN,MT
W7M/LI-019,LINCOLN,MT
W7M/LI-020,LINCOLN,MT
W7M/LI-021,LINCOLN,MT
W7M/LI-022,LINCOLN,MT
W7M/LI-023,LINCOLN,MT
W7M/LI-024,LINCOLN,MT
W7M/LI-025,LINCOLN,MT
W7M/LI-026,LINCOLN,MT
W7M/LI-027,LINCOLN,MT
W7M/LI-028,LINCOLN,MT
W7M/LI-029,LINCOLN,MT
W7M/LI-030,LINCOLN,MT
W7M/LI-031,LINCOLN,MT
W7M/LI-032,LINCOLN,MT
W7M/LI-033,LINCOLN,MT
W7M/LI-034,LINCOLN,MT
W7M/LI-035,LINCOLN,MT
W7M/LI-036,LINCOLN,MT
W7M/LI-037,LINCOLN,MT
W7M/LI-038,LINCOLN,MT
W7M/LI-039,LINCOLN,MT
W7M/LI-040,LINCOLN,MT
W7M/LI-041,LINCOLN,MT
W7M/LI-042,LINCOLN,MT
W7M/LI-043,LINCOLN,MT
W7M/LI-044,LINCOLN,MT
W7M/LI-045,LINCOLN,MT
W7M/LI-046,LINCOLN,MT
W7M/LI-047,LINCOLN,MT
W7M/LI-049,LINCOLN,MT
W7M/LI-051,LINCOLN,MT
W7M/LI-052,LINCOLN,MT
W7M/LI-053,LINCOLN,MT
W7M/LI-055,LINCOLN,MT
W7M/LI-056,LINCOLN,MT
W7M/LI-058,LINCOLN,MT
W7M/LI-059,LINCOLN,MT
W7M/LI-060,LINCOLN,MT
W7M/LI-061,LINCOLN,MT
W7M/LI-062,LINCOLN,MT
W7M/LI-063,LINCOLN,MT
W7M/LI-064,LINCOLN,MT
W7M/LI-065,LINCOLN,MT
W7M/LI-066,LINCOLN,MT
W7M/LI-067,LINCOLN,MT
W7M/LI-068,LINCOLN,MT
W7M/LI-069,LINCOLN,MT
W7M/LI-070,LINCOLN,MT
W7M/LI-071,LINCOLN,MT
W7M/LI-072,LINCOLN,MT
W7M/LI-073,LINCOLN,MT
W7M/LI-074,LINCOLN,MT
W7M/LI-075,LINCOLN,MT
W7M/LI-076,LINCOLN,MT
W7M/LI-077,LINCOLN,MT
W7M/LI-078,LINCOLN,MT
W7M/LI-079,LINCOLN,MT
W7M/LI-080,LINCOLN,MT
W7M/LI-081,LINCOLN,MT
W7M/LI-082,LINCOLN,MT
W7M/LI-083,LINCOLN,MT
W7M/LI-084,LINCOLN,MT
W7M/LI-085,LINCOLN,MT
W7M/LI-086,LINCOLN,MT
W7M/LI-087,LINCOLN,MT
W7M/LI-088,LINCOLN,MT
W7M/LI-089,LINCOLN,MT
W7M/LI-090,LINCOLN,MT
W7M/LI-092,LINCOLN,MT
W7M/LI-094,LINCOLN,MT
W7M/LI-096,LINCOLN,MT
W7M/LI-097,LINCOLN,MT
W7M/LI-098,LINCOLN,MT
W7M/LI-099,LINCOLN,MT
W7M/LI-100,LINCOLN,MT
W7M/LI-101,LINCOLN,MT
W7M/LI-102,LINCOLN,MT
W7M/LI-103,LINCOLN,MT
W7M/LI-104,LINCOLN,MT
W7M/LI-105,LINCOLN,MT
W7M/LI-106,LINCOLN,MT
W7M/LI-107,LINCOLN,MT
W7M/LI-108,LINCOLN,MT
W7M/LI-109,LINCOLN,MT
W7M/LI-110,LINCOLN,MT
W7M/LI-111,LINCOLN,MT
W7M/LI-112,LINCOLN,MT
W7M/LI-113,LINCOLN,MT
W7M/LI-114,LINCOLN,MT
W7M/LI-115,LINCOLN,MT
W7M/LI-116,LINCOLN,MT
W7M/LI-117,LINCOLN,MT
W7M/LI-118,LINCOLN,MT
W7M/LI-119,LINCOLN,MT
W7M/LI-120,LINCOLN,MT
W7M/LI-121,LINCOLN,MT
W7M/LI-122,LINCOLN,MT
W7M/LI-123,LINCOLN,MT
W7M/LI-124,LINCOLN,MT
W7M/LI-125,LINCOLN,MT
W7M/LI-126,LINCOLN,MT
W7M/LI-127,LINCOLN,MT
W7M/LI-128,LINCOLN,MT
W7M/LI-129,LINCOLN,MT
W7M/LI-130,LINCOLN,MT
W7M/LI-131,LINCOLN,MT
W7M/LI-132,LINCOLN,MT
W7M/LI-133,LINCOLN,MT
W7M/LI-134,LINCOLN,MT
W7M/LI-135,LINCOLN,MT
W7M/LI-136,LINCOLN,MT
W7M/LI-137,LINCOLN,MT
W7M/LI-138,LINCOLN,MT
W7M/LI-139,LINCOLN,MT
W7M/LI-140,LINCOLN,MT
W7M/LI-141,LINCOLN,MT
W7M/LI-142,LINCOLN,MT
W7M/LI-143,LINCOLN,MT
W7M/LI-144,LINCOLN,MT
W7M/LI-145,LINCOLN,MT
W7M/LI-146,LINCOLN,MT
W7M/LI-147,LINCOLN,MT
W7M/LI-148,LINCOLN,MT
W7M/LI-149,LINCOLN,MT
W7M/LI-150,LINCOLN,MT
W7M/LI-151,LINCOLN,MT
W7M/LI-152,LINCOLN,MT
W7M/LI-153,LINCOLN,MT
W7M/LI-154,LINCOLN,MT
W7M/LI-155,LINCOLN,MT
W7M/LI-156,LINCOLN,MT
W7M/LI-157,LINCOLN,MT
W7M/LI-158,LINCOLN,MT
W7M/LI-159,LINCOLN,MT
W7M/LI-160,LINCOLN,MT
W7M/LI-161,LINCOLN,MT
W7M/LI-162,LINCOLN,MT
W7M/LI-163,LINCOLN,MT
W7M/LI-164,LINCOLN,MT
W7M/LI-165,LINCOLN,MT
W7M/LI-166,LINCOLN,MT
W7M/LI-167,LINCOLN,MT
W7M/LI-168,LINCOLN,MT
W7M/LI-169,LINCOLN,MT
W7M/LI-170,LINCOLN,MT
W7M/LI-171,LINCOLN,MT
W7M/LI-172,LINCOLN,MT
W7M/LI-173,LINCOLN,MT
W7M/LI-174,LINCOLN,MT
W7M/LI-175,LINCOLN,MT
W7M/LI-176,LINCOLN,MT
W7M/LI-177,LINCOLN,MT
W7M/LI-178,LINCOLN,MT
W7M/LI-179,LINCOLN,MT
W7M/LI-180,LINCOLN,MT
W7M/LI-181,LINCOLN,MT
W7M/LI-182,LINCOLN,MT
W7M/LI-183,LINCOLN,MT
W7M/LI-184,LINCOLN,MT
W7M/LI-185,LINCOLN,MT
W7M/LI-186,LINCOLN,MT
W7M/LI-187,LINCOLN,MT
W7M/LI-188,LINCOLN,MT
W7M/LI-189,LINCOLN,MT
W7M/LI-190,LINCOLN,MT
W7M/LI-191,LINCOLN,MT
W7M/LI-192,LINCOLN,MT
W7M/LI-193,LINCOLN,MT
W7M/LI-194,LINCOLN,MT
W7M/LI-195,LINCOLN,MT
W7M/LI-196,LINCOLN,MT
W7M/LI-197,LINCOLN,MT
W7M/LI-198,LINCOLN,MT
W7M/LI-199,LINCOLN,MT
W7M/LI-200,LINCOLN,MT
W7M/LI-201,LINCOLN,MT
W7M/LI-202,LINCOLN,MT
W7M/LI-203,LINCOLN,MT
W7M/LI-204,LINCOLN,MT
W7M/LI-205,LINCOLN,MT
W7M/LI-206,LINCOLN,MT
W7M/LI-207,LINCOLN,MT
W7M/LI-208,LINCOLN,MT
W7M/LI-209,LINCOLN,MT
W7M/LI-210,LINCOLN,MT
W7M/LI-211,LINCOLN,MT
W7M/LM-001,LAKE,MT
W7M/LM-002,LAKE,MT
W7M/LM-003,LAKE,MT
W7M/LM-004,LAKE,MT
W7M/LM-005,LAKE,MT
W7M/LM-006,MISSOULA,MT
W7M/LM-007,LAKE,MT
W7M/LM-010,MISSOULA,MT
W7M/LM-011,MISSOULA,MT
W7M/LM-012,MISSOULA,MT
W7M/LM-013,LAKE,MT
W7M/LM-014,MISSOULA,MT
W7M/LM-016,MISSOULA,MT
W7M/LM-017,LAKE,MT
W7M/LM-018,MISSOULA,MT
W7M/LM-019,LAKE,MT
W7M/LM-020,MISSOULA,MT
W7M/LM-021,MISSOULA,MT
W7M/LM-022,MISSOULA,MT
W7M/LM-023,LAKE,MT
W7M/LM-024,LAKE,MT
W7M/LM-025,LAKE,MT
W7M/LM-026,MISSOULA,MT
W7M/LM-027,MISSOULA,MT
W7M/LM-028,MISSOULA,MT
W7M/LM-030,MISSOULA,MT
W7M/LM-031,MISSOULA,MT
W7M/LM-032,LAKE,MT
W7M/LM-033,MISSOULA,MT
W7M/LM-035,MISSOULA,MT
W7M/LM-037,MISSOULA,MT
W7M/LM-038,MISSOULA,MT
W7M/LM-039,MISSOULA,MT
W7M/LM-041,LAKE,MT
W7M/LM-042,LAKE,MT
W7M/LM-043,MISSOULA,MT
W7M/LM-045,MISSOULA,MT
W7M/LM-046,LAKE,MT
W7M/LM-047,LAKE,MT
W7M/LM-049,MISSOULA,MT
W7M/LM-050,MISSOULA,MT
W7M/LM-051,LAKE,MT
W7M/LM-052,MISSOULA,MT
W7M/LM-053,MISSOULA,MT
W7M/LM-054,LAKE,MT
W7M/LM-055,MISSOULA,MT
W7M/LM-056,MISSOULA,MT
W7M/LM-057,LAKE,MT
W7M/LM-059,LAKE,MT
W7M/LM-060,MISSOULA,MT
W7M/LM-061,LAKE,MT
W7M/LM-063,MISSOULA,MT
W7M/LM-065,MISSOULA,MT
W7M/LM-066,MISSOULA,MT
W7M/LM-067,LAKE,MT
W7M/LM-068,MISSOULA,MT
W7M/LM-069,MISSOULA,MT
W7M/LM-070,LAKE,MT
W7M/LM-071,MISSOULA,MT
W7M/LM-072,MISSOULA,MT
W7M/LM-074,MISSOULA,MT
W7M/LM-075,LAKE,MT
W7M/LM-076,LAKE,MT
W7M/LM-077,MISSOULA,MT
W7M/LM-078,LAKE,MT
W7M/LM-079,LAKE,MT
W7M/LM-080,MISSOULA,MT
W7M/LM-081,MISSOULA,MT
W7M/LM-082,MISSOULA,MT
W7M/LM-083,LAKE,MT
W7M/LM-084,MISSOULA,MT
W7M/LM-086,MISSOULA,MT
W7M/LM-087,MISSOULA,MT
W7M/LM-089,LAKE,MT
W7M/LM-090,LAKE,MT
W7M/LM-091,MISSOULA,MT
W7M/LM-092,MISSOULA,MT
W7M/LM-093,MISSOULA,MT
W7M/LM-094,MISSOULA,MT
W7M/LM-095,LAKE,MT
W7M/LM-097,LAKE,MT
W7M/LM-099,MISSOULA,MT
W7M/LM-100,MISSOULA,MT
W7M/LM-101,MISSOULA,MT
W7M/LM-102,MISSOULA,MT
W7M/LM-104,MISSOULA,MT
W7M/LM-105,LAKE,MT
W7M/LM-107,MISSOULA,MT
W7M/LM-108,MISSOULA,MT
W7M/LM-109,MISSOULA,MT
W7M/LM-110,MISSOULA,MT
W7M/LM-111,MISSOULA,MT
W7M/LM-112,MISSOULA,MT
W7M/LM-113,MISSOULA,MT
W7M/LM-114,MISSOULA,MT
W7M/LM-115,MISSOULA,MT
W7M/LM-116,MISSOULA,MT
W7M/LM-117,MISSOULA,MT
W7M/LM-118,MISSOULA,MT
W7M/LM-119,LAKE,MT
W7M/LM-120,MISSOULA,MT
W7M/LM-121,MISSOULA,MT
W7M/LM-122,MISSOULA,MT
W7M/LM-123,MISSOULA,MT
W7M/LM-124,MISSOULA,MT
W7M/LM-125,MISSOULA,MT
W7M/LM-126,MISSOULA,MT
W7M/LM-128,MISSOULA,MT
W7M/LM-129,MISSOULA,MT
W7M/LM-130,MISSOULA,MT
W7M/LM-131,MISSOULA,MT
W7M/LM-132,MISSOULA,MT
W7M/LM-133,LAKE,MT
W7M/LM-134,MISSOULA,MT
W7M/LM-135,MISSOULA,MT
W7M/LM-136,MISSOULA,MT
W7M/LM-137,MISSOULA,MT
W7M/LM-138,MISSOULA,MT
W7M/LM-139,MISSOULA,MT
W7M/LM-141,MISSOULA,MT
W7M/LM-142,MISSOULA,MT
W7M/LM-143,LAKE,MT
W7M/LM-144,MISSOULA,MT
W7M/LM-145,MISSOULA,MT
W7M/LM-146,MISSOULA,MT
W7M/LM-147,MISSOULA,MT
W7M/LM-148,MISSOULA,MT
W7M/LM-149,MISSOULA,MT
W7M/LM-150,MISSOULA,MT
W7M/LM-151,MISSOULA,MT
W7M/LM-152,MISSOULA,MT
W7M/LM-153,LAKE,MT
W7M/LM-154,LAKE,MT
W7M/LM-155,MISSOULA,MT
W7M/LM-156,MISSOULA,MT
W7M/LM-157,LAKE,MT
W7M/LM-158,LAKE,MT
W7M/LM-159,MISSOULA,MT
W7M/LM-160,MISSOULA,MT
W7M/LM-161,MISSOULA,MT
W7M/LM-162,LAKE,MT
W7M/LM-163,MISSOULA,MT
W7M/LM-164,MISSOULA,MT
W7M/LM-165,LAKE,MT
W7M/LM-166,MISSOULA,MT
W7M/LM-168,LAKE,MT
W7M/LM-169,MISSOULA,MT
W7M/LM-170,LAKE,MT
W7M/LM-171,MISSOULA,MT
W7M/LM-172,MISSOULA,MT
W7M/LM-173,MISSOULA,MT
W7M/LM-175,MISSOULA,MT
W7M/LM-176,MISSOULA,MT
W7M/LM-178,LAKE,MT
W7M/LM-180,LAKE,MT
W7M/LM-181,LAKE,MT
W7M/LM-182,LAKE,MT
W7M/LM-183,LAKE,MT
W7M/LM-184,MISSOULA,MT
W7M/LM-185,MISSOULA,MT
W7M/LM-186,MISSOULA,MT
W7M/LM-187,MISSOULA,MT
W7M/LM-188,MISSOULA,MT
W7M/LM-189,MISSOULA,MT
W7M/LO-001,SANDERS,MT
W7M/LO-002,SANDERS,MT
W7M/LO-003,MINERAL,MT
W7M/LO-004,SANDERS,MT
W7M/LO-005,MINERAL,MT
W7M/LO-006,MINERAL,MT
W7M/LO-007,SANDERS,MT
W7M/LO-008,MINERAL,MT
W7M/LO-011,SANDERS,MT
W7M/LO-012,SANDERS,MT
W7M/LO-013,SANDERS,MT
W7M/LO-015,MINERAL,MT
W7M/LO-016,SANDERS,MT
W7M/LO-017,SANDERS,MT
W7M/LO-018,SANDERS,MT
W7M/LO-019,MINERAL,MT
W7M/LO-020,MINERAL,MT
W7M/LO-022,SANDERS,MT
W7M/LO-024,MINERAL,MT
W7M/LO-026,MINERAL,MT
W7M/LO-027,MINERAL,MT
W7M/LO-028,MINERAL,MT
W7M/LO-029,SANDERS,MT
W7M/LO-030,SANDERS,MT
W7M/LO-031,MINERAL,MT
W7M/LO-034,SANDERS,MT
W7M/LO-035,SANDERS,MT
W7M/LO-036,SANDERS,MT
W7M/LO-037,MINERAL,MT
W7M/LO-038,SANDERS,MT
W7M/LO-039,MINERAL,MT
W7M/LO-040,SANDERS,MT
W7M/LO-041,MINERAL,MT
W7M/LO-042,MINERAL,MT
W7M/LO-043,SANDERS,MT
W7M/LO-044,SANDERS,MT
W7M/LO-045,MINERAL,MT
W7M/LO-046,SANDERS,MT
W7M/LO-047,MINERAL,MT
W7M/LO-048,MINERAL,MT
W7M/LO-049,MINERAL,MT
W7M/LO-050,MINERAL,MT
W7M/LO-051,MINERAL,MT
W7M/LO-052,MINERAL,MT
W7M/LO-053,MINERAL,MT
W7M/LO-054,MINERAL,MT
W7M/LO-055,SANDERS,MT
W7M/LO-056,SANDERS,MT
W7M/LO-057,SANDERS,MT
W7M/LO-058,SANDERS,MT
W7M/LO-059,MINERAL,MT
W7M/LO-060,SANDERS,MT
W7M/LO-061,SANDERS,MT
W7M/LO-063,SANDERS,MT
W7M/LO-066,SANDERS,MT
W7M/LO-067,SANDERS,MT
W7M/LO-069,SANDERS,MT
W7M/LO-071,MINERAL,MT
W7M/LO-072,MINERAL,MT
W7M/LO-074,MINERAL,MT
W7M/LO-075,SANDERS,MT
W7M/LO-076,SANDERS,MT
W7M/LO-078,SANDERS,MT
W7M/LO-079,SANDERS,MT
W7M/LO-080,SANDERS,MT
W7M/LO-083,SANDERS,MT
W7M/LO-084,SANDERS,MT
W7M/LO-086,MINERAL,MT
W7M/LO-087,MINERAL,MT
W7M/LO-088,MINERAL,MT
W7M/LO-089,SANDERS,MT
W7M/LO-090,SANDERS,MT
W7M/LO-091,SANDERS,MT
W7M/LO-093,MINERAL,MT
W7M/LO-094,SANDERS,MT
W7M/LO-095,MINERAL,MT
W7M/LO-096,SANDERS,MT
W7M/LO-097,SANDERS,MT
W7M/LO-099,MINERAL,MT
W7M/LO-100,SANDERS,MT
W7M/LO-102,SANDERS,MT
W7M/LO-103,SANDERS,MT
W7M/LO-104,MINERAL,MT
W7M/LO-105,MINERAL,MT
W7M/LO-106,SANDERS,MT
W7M/LO-107,MINERAL,MT
W7M/LO-108,SANDERS,MT
W7M/LO-109,SANDERS,MT
W7M/LO-110,MINERAL,MT
W7M/LO-111,SANDERS,MT
W7M/LO-113,MINERAL,MT
W7M/LO-114,MINERAL,MT
W7M/LO-115,SANDERS,MT
W7M/LO-116,MINERAL,MT
W7M/LO-117,MINERAL,MT
W7M/LO-118,SANDERS,MT
W7M/LO-119,MINERAL,MT
W7M/LO-120,SANDERS,MT
W7M/LO-121,SANDERS,MT
W7M/LO-123,SANDERS,MT
W7M/LO-124,MINERAL,MT
W7M/LO-125,SANDERS,MT
W7M/LO-126,SANDERS,MT
W7M/LO-127,SANDERS,MT
W7M/LO-128,MINERAL,MT
W7M/LO-129,SANDERS,MT
W7M/LO-130,SANDERS,MT
W7M/LO-131,MINERAL,MT
W7M/LO-132,SANDERS,MT
W7M/LO-133,MINERAL,MT
W7M/LO-134,MINERAL,MT
W7M/LO-135,SANDERS,MT
W7M/LO-136,MINERAL,MT
W7M/LO-137,MINERAL,MT
W7M/LO-138,MINERAL,MT
W7M/LO-139,MINERAL,MT
W7M/LO-140,SANDERS,MT
W7M/LO-141,SANDERS,MT
W7M/LO-142,SANDERS,MT
W7M/LO-143,SANDERS,MT
W7M/LO-144,SANDERS,MT
W7M/LO-145,MINERAL,MT
W7M/LO-146,MINERAL,MT
W7M/LO-147,MINERAL,MT
W7M/LO-148,SANDERS,MT
W7M/LO-149,SANDERS,MT
W7M/LO-150,MINERAL,MT
W7M/LO-151,MINERAL,MT
W7M/LO-152,MINERAL,MT
W7M/LO-153,SANDERS,MT
W7M/LO-154,MINERAL,MT
W7M/LO-155,SANDERS,MT
W7M/LO-156,SANDERS,MT
W7M/LO-157,MINERAL,MT
W7M/LO-158,SANDERS,MT
W7M/LO-159,SANDERS,MT
W7M/LO-160,MINERAL,MT
W7M/LO-161,SANDERS,MT
W7M/LO-162,SANDERS,MT
W7M/LO-163,SANDERS,MT
W7M/LO-164,MINERAL,MT
W7M/LO-165,SANDERS,MT
W7M/LO-166,SANDERS,MT
W7M/LO-167,SANDERS,MT
W7M/LO-168,MINERAL,MT
W7M/LO-169,MINERAL,MT
W7M/LO-170,SANDERS,MT
W7M/LO-171,MINERAL,MT
W7M/LO-172,MINERAL,MT
W7M/LO-173,SANDERS,MT
W7M/LO-174,MINERAL,MT
W7M/LO-175,SANDERS,MT
W7M/LO-176,SANDERS,MT
W7M/LO-178,SANDERS,MT
W7M/LO-179,MINERAL,MT
W7M/LO-180,SANDERS,MT
W7M/LO-181,SANDERS,MT
W7M/LO-182,MINERAL,MT
W7M/LO-183,MINERAL,MT
W7M/LO-184,SANDERS,MT
W7M/LO-185,SANDERS,MT
W7M/NF-001,JUDITH BASIN,MT
W7M/NF-002,JUDITH BASIN,MT
W7M/NF-003,CASCADE,MT
W7M/NF-004,CASCADE,MT
W7M/NF-006,JUDITH BASIN,MT
W7M/NF-009,JUDITH BASIN,MT
W7M/NF-010,CASCADE,MT
W7M/NF-011,JUDITH BASIN,MT
W7M/NF-012,JUDITH BASIN,MT
W7M/NF-013,JUDITH BASIN,MT
W7M/NF-014,CASCADE,MT
W7M/NF-015,JUDITH BASIN,MT
W7M/NF-016,CASCADE,MT
W7M/NF-017,JUDITH BASIN,MT
W7M/NF-018,JUDITH BASIN,MT
W7M/NF-019,JUDITH BASIN,MT
W7M/NF-021,JUDITH BASIN,MT
W7M/NF-022,JUDITH BASIN,MT
W7M/NF-023,CHOUTEAU,MT
W7M/NF-024,JUDITH BASIN,MT
W7M/NF-025,JUDITH BASIN,MT
W7M/NF-026,CHOUTEAU,MT
W7M/NF-027,JUDITH BASIN,MT
W7M/NF-028,JUDITH BASIN,MT
W7M/NF-029,CASCADE,MT
W7M/NF-030,CASCADE,MT
W7M/NF-031,CASCADE,MT
W7M/NF-032,CASCADE,MT
W7M/NF-034,JUDITH BASIN,MT
W7M/NF-035,CASCADE,MT
W7M/NF-036,CHOUTEAU,MT
W7M/NF-037,CASCADE,MT
W7M/NF-038,TOOLE,MT
W7M/NF-039,LIBERTY,MT
W7M/NF-040,HILL,MT
W7M/NF-041,LIBERTY,MT
W7M/NF-042,JUDITH BASIN,MT
W7M/NF-043,CASCADE,MT
W7M/NF-044,CASCADE,MT
W7M/NF-045,CASCADE,MT
W7M/NF-046,JUDITH BASIN,MT
W7M/NF-048,CASCADE,MT
W7M/NF-049,CASCADE,MT
W7M/NF-050,CASCADE,MT
W7M/NF-051,CHOUTEAU,MT
W7M/NF-052,JUDITH BASIN,MT
W7M/NF-053,TOOLE,MT
W7M/NF-054,CASCADE,MT
W7M/NF-055,CASCADE,MT
W7M/NF-056,HILL,MT
W7M/NF-057,CASCADE,MT
W7M/NF-058,JUDITH BASIN,MT
W7M/NF-059,CASCADE,MT
W7M/NF-060,JUDITH BASIN,MT
W7M/NF-061,CHOUTEAU,MT
W7M/NF-062,CASCADE,MT
W7M/NF-063,HILL,MT
W7M/NF-064,CASCADE,MT
W7M/NF-065,JUDITH BASIN,MT
W7M/NF-066,CASCADE,MT
W7M/NF-067,CASCADE,MT
W7M/NF-068,CASCADE,MT
W7M/NF-069,CASCADE,MT
W7M/NF-070,JUDITH BASIN,MT
W7M/NF-071,HILL,MT
W7M/NF-072,JUDITH BASIN,MT
W7M/NF-073,CHOUTEAU,MT
W7M/NF-074,CASCADE,MT
W7M/NF-075,HILL,MT
W7M/NF-076,LIBERTY,MT
W7M/NF-077,CHOUTEAU,MT
W7M/NF-078,CHOUTEAU,MT
W7M/NF-079,CASCADE,MT
W7M/NF-080,CHOUTEAU,MT
W7M/NF-081,CASCADE,MT
W7M/NF-082,CASCADE,MT
W7M/NF-083,CHOUTEAU,MT
W7M/NF-084,TOOLE,MT
W7M/NF-085,JUDITH BASIN,MT
W7M/NF-086,CASCADE,MT
W7M/NF-087,CHOUTEAU,MT
W7M/NF-088,CASCADE,MT
W7M/NF-089,CHOUTEAU,MT
W7M/NF-090,CHOUTEAU,MT
W7M/NF-091,CASCADE,MT
W7M/NF-092,CASCADE,MT
W7M/NF-093,CASCADE,MT
W7M/NF-094,TOOLE,MT
W7M/NF-095,CHOUTEAU,MT
W7M/NF-096,CHOUTEAU,MT
W7M/NF-097,CASCADE,MT
W7M/NF-098,CASCADE,MT
W7M/NF-099,HILL,MT
W7M/NF-100,CHOUTEAU,MT
W7M/NF-101,CHOUTEAU,MT
W7M/NF-102,CASCADE,MT
W7M/NF-104,CASCADE,MT
W7M/NF-105,CASCADE,MT
W7M/NF-106,CHOUTEAU,MT
W7M/NF-107,CASCADE,MT
W7M/NF-108,CASCADE,MT
W7M/NF-109,CASCADE,MT
W7M/NF-110,HILL,MT
W7M/NF-111,CASCADE,MT
W7M/NF-112,CHOUTEAU,MT
W7M/NF-113,CHOUTEAU,MT
W7M/NF-114,CASCADE,MT
W7M/NF-115,HILL,MT
W7M/NF-116,HILL,MT
W7M/NF-117,LIBERTY,MT
W7M/NF-118,CHOUTEAU,MT
W7M/NF-119,CASCADE,MT
W7M/NF-120,CASCADE,MT
W7M/NF-121,CASCADE,MT
W7M/NF-122,CASCADE,MT
W7M/NF-123,CASCADE,MT
W7M/NF-124,TOOLE,MT
W7M/NF-125,CASCADE,MT
W7M/NF-126,CHOUTEAU,MT
W7M/NF-127,CHOUTEAU,MT
W7M/NF-128,CHOUTEAU,MT
W7M/NF-129,HILL,MT
W7M/NF-130,CHOUTEAU,MT
W7M/NF-131,CHOUTEAU,MT
W7M/NF-132,HILL,MT
W7M/NF-133,CASCADE,MT
W7M/NF-134,CHOUTEAU,MT
W7M/NF-135,CHOUTEAU,MT
W7M/PN-002,FERGUS,MT
W7M/PN-003,FERGUS,MT
W7M/PN-004,FERGUS,MT
W7M/PN-005,FERGUS,MT
W7M/PN-006,FERGUS,MT
W7M/PN-007,FERGUS,MT
W7M/PN-008,FERGUS,MT
W7M/PN-009,FERGUS,MT
W7M/PN-010,FERGUS,MT
W7M/PN-011,FERGUS,MT
W7M/PN-012,FERGUS,MT
W7M/PN-013,FERGUS,MT
W7M/PN-014,FERGUS,MT
W7M/PN-015,BLAINE,MT
W7M/PN-016,FERGUS,MT
W7M/PN-017,FERGUS,MT
W7M/PN-018,PHILLIPS,MT
W7M/PN-019,PHILLIPS,MT
W7M/PN-020,PHILLIPS,MT
W7M/PN-021,BLAINE,MT
W7M/PN-022,FERGUS,MT
W7M/PN-023,BLAINE,MT
W7M/PN-024,FERGUS,MT
W7M/PN-025,FERGUS,MT
W7M/PN-026,PHILLIPS,MT
W7M/PN-027,PHILLIPS,MT
W7M/PN-028,PHILLIPS,MT
W7M/PN-029,BLAINE,MT
W7M/PN-030,BLAINE,MT
W7M/PN-031,BLAINE,MT
W7M/PN-032,BLAINE,MT
W7M/PN-033,FERGUS,MT
W7M/PN-034,BLAINE,MT
W7M/PN-035,BLAINE,MT
W7M/PN-036,BLAINE,MT
W7M/PN-037,BLAINE,MT
W7M/PN-038,BLAINE,MT
W7M/PN-040,BLAINE,MT
W7M/PN-041,PHILLIPS,MT
W7M/PN-042,PHILLIPS,MT
W7M/PN-043,BLAINE,MT
W7M/PN-044,PHILLIPS,MT
W7M/PN-045,BLAINE,MT
W7M/PN-046,BLAINE,MT
W7M/PN-047,BLAINE,MT
W7M/PN-048,BLAINE,MT
W7M/PN-049,BLAINE,MT
W7M/PN-050,BLAINE,MT
W7M/PN-051,PHILLIPS,MT
W7M/PN-052,BLAINE,MT
W7M/PN-053,BLAINE,MT
W7M/PN-054,BLAINE,MT
W7M/PN-055,PHILLIPS,MT
W7M/PN-056,BLAINE,MT
W7M/PN-057,BLAINE,MT
W7M/PN-058,GARFIELD,MT
W7M/PN-059,PRAIRIE,MT
W7M/PN-060,BLAINE,MT
W7M/PN-061,FERGUS,MT
W7M/PN-062,PHILLIPS,MT
W7M/PN-063,VALLEY,MT
W7M/PN-064,PHILLIPS,MT
W7M/PN-065,ROOSEVELT,MT
W7M/PN-066,PHILLIPS,MT
W7M/PN-067,PHILLIPS,MT
W7M/PN-068,VALLEY,MT
W7M/PS-001,STILLWATER,MT
W7M/PS-002,CARBON,MT
W7M/PS-003,CARBON,MT
W7M/PS-004,CARBON,MT
W7M/PS-005,CARBON,MT
W7M/PS-006,CARBON,MT
W7M/PS-007,CARBON,MT
W7M/PS-008,CARBON,MT
W7M/PS-009,CARBON,MT
W7M/PS-010,STILLWATER,MT
W7M/PS-011,CARBON,MT
W7M/PS-012,CARBON,MT
W7M/PS-013,CARBON,MT
W7M/PS-014,CARBON,MT
W7M/PS-015,CARBON,MT
W7M/PS-016,CARBON,MT
W7M/PS-017,CARBON,MT
W7M/PS-018,STILLWATER,MT
W7M/PS-019,STILLWATER,MT
W7M/PS-020,CARBON,MT
W7M/PS-021,CARBON,MT
W7M/PS-022,STILLWATER,MT
W7M/PS-023,STILLWATER,MT
W7M/PS-024,CARBON,MT
W7M/PS-025,CARBON,MT
W7M/PS-026,STILLWATER,MT
W7M/PS-027,STILLWATER,MT
W7M/PS-028,STILLWATER,MT
W7M/PS-029,STILLWATER,MT
W7M/PS-030,STILLWATER,MT
W7M/PS-031,STILLWATER,MT
W7M/PS-032,CARBON,MT
W7M/PS-033,STILLWATER,MT
W7M/PS-034,STILLWATER,MT
W7M/PS-036,STILLWATER,MT
W7M/PS-037,CARBON,MT
W7M/PS-038,CARBON,MT
W7M/PS-039,CARBON,MT
W7M/PS-040,CARBON,MT
W7M/PS-041,CARBON,MT
W7M/PS-042,CARBON,MT
W7M/PS-043,CARBON,MT
W7M/PS-044,STILLWATER,MT
W7M/PS-045,BIG HORN,MT
W7M/PS-046,BIG HORN,MT
W7M/PS-047,BIG HORN,MT
W7M/PS-048,STILLWATER,MT
W7M/PS-049,BIG HORN,MT
W7M/PS-050,STILLWATER,MT
W7M/PS-051,STILLWATER,MT
W7M/PS-052,BIG HORN,MT
W7M/PS-053,BIG HORN,MT
W7M/PS-054,BIG HORN,MT
W7M/PS-055,BIG HORN,MT
W7M/PS-056,CARBON,MT
W7M/PS-057,CARBON,MT
W7M/PS-058,YELLOWSTONE,MT
W7M/PS-059,BIG HORN,MT
W7M/PS-061,YELLOWSTONE,MT
W7M/PS-062,BIG HORN,MT
W7M/PS-063,CARTER,MT
W7M/PS-064,YELLOWSTONE,MT
W7M/PS-065,POWDER RIVER,MT
W7M/PS-066,CARTER,MT
W7M/PS-067,YELLOWSTONE,MT
W7M/PS-068,CARTER,MT
W7M/PS-069,CARTER,MT
W7M/PS-070,CARTER,MT
W7M/PS-071,BIG HORN,MT
W7M/PS-072,STILLWATER,MT
W7M/PS-073,POWDER RIVER,MT
W7M/PS-074,POWDER RIVER,MT
W7M/RC-001,RAVALLI,MT
W7M/RC-002,RAVALLI,MT
W7M/RC-003,RAVALLI,MT
W7M/RC-004,RAVALLI,MT
W7M/RC-005,RAVALLI,MT
W7M/RC-006,RAVALLI,MT
W7M/RC-007,RAVALLI,MT
W7M/RC-008,RAVALLI,MT
W7M/RC-010,RAVALLI,MT
W7M/RC-011,RAVALLI,MT
W7M/RC-012,RAVALLI,MT
W7M/RC-013,RAVALLI,MT
W7M/RC-014,RAVALLI,MT
W7M/RC-015,RAVALLI,MT
W7M/RC-016,RAVALLI,MT
W7M/RC-017,RAVALLI,MT
W7M/RC-018,RAVALLI,MT
W7M/RC-019,RAVALLI,MT
W7M/RC-020,RAVALLI,MT
W7M/RC-021,RAVALLI,MT
W7M/RC-022,RAVALLI,MT
W7M/RC-024,RAVALLI,MT
W7M/RC-025,RAVALLI,MT
W7M/RC-027,RAVALLI,MT
W7M/RC-028,RAVALLI,MT
W7M/RC-029,RAVALLI,MT
W7M/RC-030,RAVALLI,MT
W7M/RC-031,RAVALLI,MT
W7M/RC-032,RAVALLI,MT
W7M/RC-033,RAVALLI,MT
W7M/RC-035,RAVALLI,MT
W7M/RC-036,RAVALLI,MT
W7M/RC-038,RAVALLI,MT
W7M/RC-040,RAVALLI,MT
W7M/RC-041,RAVALLI,MT
W7M/RC-042,RAVALLI,MT
W7M/RC-043,RAVALLI,MT
W7M/RC-046,RAVALLI,MT
W7M/RC-047,RAVALLI,MT
W7M/RC-049,RAVALLI,MT
W7M/RC-050,RAVALLI,MT
W7M/RC-051,RAVALLI,MT
W7M/RC-053,RAVALLI,MT
W7M/RC-054,RAVALLI,MT
W7M/RC-055,RAVALLI,MT
W7M/RC-056,RAVALLI,MT
W7M/RC-057,RAVALLI,MT
W7M/RC-058,RAVALLI,MT
W7M/RC-060,RAVALLI,MT
W7M/RC-061,RAVALLI,MT
W7M/RC-062,RAVALLI,MT
W7M/RC-063,RAVALLI,MT
W7M/RC-064,RAVALLI,MT
W7M/RC-065,RAVALLI,MT
W7M/RC-067,RAVALLI,MT
W7M/RC-068,RAVALLI,MT
W7M/RC-069,RAVALLI,MT
W7M/RC-070,RAVALLI,MT
W7M/RC-071,RAVALLI,MT
W7M/RC-072,RAVALLI,MT
W7M/RC-073,RAVALLI,MT
W7M/RC-076,RAVALLI,MT
W7M/RC-077,RAVALLI,MT
W7M/RC-079,RAVALLI,MT
W7M/RC-080,RAVALLI,MT
W7M/RC-082,RAVALLI,MT
W7M/RC-083,RAVALLI,MT
W7M/RC-084,RAVALLI,MT
W7M/RC-087,RAVALLI,MT
W7M/RC-088,RAVALLI,MT
W7M/RC-089,RAVALLI,MT
W7M/RC-090,RAVALLI,MT
W7M/RC-091,RAVALLI,MT
W7M/RC-093,RAVALLI,MT
W7M/RC-094,RAVALLI,MT
W7M/RC-095,RAVALLI,MT
W7M/RC-096,RAVALLI,MT
W7M/RC-097,RAVALLI,MT
W7M/RC-098,RAVALLI,MT
W7M/RC-099,RAVALLI,MT
W7M/RC-100,RAVALLI,MT
W7M/RC-101,RAVALLI,MT
W7M/RC-103,RAVALLI,MT
W7M/RC-104,RAVALLI,MT
W7M/RC-105,RAVALLI,MT
W7M/RC-109,RAVALLI,MT
W7M/RC-110,RAVALLI,MT
W7M/RC-111,RAVALLI,MT
W7M/RC-112,RAVALLI,MT
W7M/RC-113,RAVALLI,MT
W7M/RC-114,RAVALLI,MT
W7M/RC-115,RAVALLI,MT
W7M/RC-116,RAVALLI,MT
W7M/RC-117,RAVALLI,MT
W7M/RC-118,RAVALLI,MT
W7M/RC-119,RAVALLI,MT
W7M/RC-120,RAVALLI,MT
W7M/RC-121,RAVALLI,MT
W7M/RC-122,RAVALLI,MT
W7M/RC-123,RAVALLI,MT
W7M/RC-124,RAVALLI,MT
W7M/RC-125,RAVALLI,MT
W7M/RC-126,RAVALLI,MT
W7M/RC-127,RAVALLI,MT
W7M/RC-128,RAVALLI,MT
W7M/RC-129,RAVALLI,MT
W7M/RC-130,RAVALLI,MT
W7M/RC-131,RAVALLI,MT
W7M/RC-132,RAVALLI,MT
W7M/RC-133,RAVALLI,MT
W7M/RC-134,RAVALLI,MT
W7M/RC-135,RAVALLI,MT
W7M/RC-136,RAVALLI,MT
W7M/RC-137,RAVALLI,MT
W7M/RC-138,RAVALLI,MT
W7M/RC-139,RAVALLI,MT
W7M/RC-140,RAVALLI,MT
W7M/RC-141,RAVALLI,MT
W7M/RC-143,RAVALLI,MT
W7M/RC-144,RAVALLI,MT
W7M/SF-001,PARK,MT
W7M/SF-002,PARK,MT
W7M/SF-003,PARK,MT
W7M/SF-004,PARK,MT
W7M/SF-005,PARK,MT
W7M/SF-006,PARK,MT
W7M/SF-007,PARK,MT
W7M/SF-008,PARK,MT
W7M/SF-009,PARK,MT
W7M/SF-010,PARK,MT
W7M/SF-011,PARK,MT
W7M/SF-012,SWEET GRASS,MT
W7M/SF-013,PARK,MT
W7M/SF-014,PARK,MT
W7M/SF-015,SWEET GRASS,MT
W7M/SF-016,SWEET GRASS,MT
W7M/SF-018,PARK,MT
W7M/SF-019,PARK,MT
W7M/SF-020,PARK,MT
W7M/SF-021,PARK,MT
W7M/SF-022,PARK,MT
W7M/SF-023,PARK,MT
W7M/SF-025,PARK,MT
W7M/SF-026,PARK,MT
W7M/SF-027,PARK,MT
W7M/SF-028,SWEET GRASS,MT
W7M/SF-029,PARK,MT
W7M/SF-030,PARK,MT
W7M/SF-031,PARK,MT
W7M/SF-032,PARK,MT
W7M/SF-033,SWEET GRASS,MT
W7M/SF-034,SWEET GRASS,MT
W7M/SF-035,PARK,MT
W7M/SF-036,PARK,MT
W7M/SF-037,PARK,MT
W7M/SF-038,PARK,MT
W7M/SF-039,SWEET GRASS,MT
W7M/SF-040,PARK,MT
W7M/SF-041,PARK,MT
W7M/SF-042,PARK,MT
W7M/SF-043,PARK,MT
W7M/SF-044,PARK,MT
W7M/SF-045,PARK,MT
W7M/SF-046,PARK,MT
W7M/SF-047,PARK,MT
W7M/SF-048,SWEET GRASS,MT
W7M/SF-049,SWEET GRASS,MT
W7M/SF-050,PARK,MT
W7M/SF-052,SWEET GRASS,MT
W7M/SF-053,PARK,MT
W7M/SF-054,PARK,MT
W7M/SF-055,PARK,MT
W7M/SF-056,PARK,MT
W7M/SF-057,PARK,MT
W7M/SF-058,PARK,MT
W7M/SF-059,PARK,MT
W7M/SF-060,PARK,MT
W7M/SF-061,PARK,MT
W7M/SF-062,PARK,MT
W7M/SF-063,PARK,MT
W7M/SF-064,PARK,MT
W7M/SF-065,PARK,MT
W7M/SF-066,PARK,MT
W7M/SF-067,PARK,MT
W7M/SF-068,PARK,MT
W7M/SF-069,PARK,MT
W7M/SF-070,PARK,MT
W7M/SF-071,PARK,MT
W7M/SF-072,PARK,MT
W7M/SF-073,PARK,MT
W7M/SF-074,SWEET GRASS,MT
W7M/SF-075,PARK,MT
W7M/SF-076,PARK,MT
W7M/SF-077,PARK,MT
W7M/SF-078,PARK,MT
W7M/SF-079,PARK,MT
W7M/SF-080,PARK,MT
W7M/SF-081,PARK,MT
W7M/SF-082,SWEET GRASS,MT
W7M/SF-083,SWEET GRASS,MT
W7M/SF-084,SWEET GRASS,MT
W7M/SF-085,SWEET GRASS,MT
W7M/SF-086,PARK,MT
W7M/SF-087,SWEET GRASS,MT
W7M/SF-088,PARK,MT
W7M/SF-089,PARK,MT
W7M/SF-090,PARK,MT
W7M/SF-091,PARK,MT
W7M/SF-092,PARK,MT
W7M/SF-093,SWEET GRASS,MT
W7M/SF-094,PARK,MT
W7M/SF-095,PARK,MT
W7M/SF-096,PARK,MT
W7M/SF-097,PARK,MT
W7M/SF-098,SWEET GRASS,MT
W7M/SF-099,SWEET GRASS,MT
W7M/SF-100,PARK,MT
W7M/SF-101,PARK,MT
W7M/SF-102,PARK,MT
W7M/SF-103,PARK,MT
W7M/SF-104,PARK,MT
W7M/SF-105,PARK,MT
W7M/SF-106,PARK,MT
W7M/SF-107,PARK,MT
W7M/SF-108,PARK,MT
W7M/SF-109,PARK,MT
W7M/SF-110,PARK,MT
W7M/SF-111,PARK,MT
W7M/SF-112,PARK,MT
W7M/SF-113,PARK,MT
W7M/SF-114,PARK,MT
W7M/SF-115,PARK,MT
W7M/SF-116,PARK,MT
W7M/SF-117,PARK,MT
W7M/SF-118,PARK,MT
W7M/SF-119,PARK,MT
W7M/SF-120,PARK,MT
W7M/SF-121,SWEET GRASS,MT
W7M/SF-122,PARK,MT
W7M/SF-123,PARK,MT
W7M/SF-124,MEAGHER,MT
W7M/SF-125,PARK,MT
W7M/SF-126,PARK,MT
W7M/SF-127,PARK,MT
W7M/SF-128,PARK,MT
W7M/SF-130,PARK,MT
W7M/SF-131,PARK,MT
W7M/SF-132,PARK,MT
W7M/SF-133,SWEET GRASS,MT
W7M/SF-134,MEAGHER,MT
W7M/SF-135,PARK,MT
W7M/SF-136,PARK,MT
W7M/SF-137,PARK,MT
W7M/SF-138,PARK,MT
W7M/SF-139,MEAGHER,MT
W7M/SF-140,MEAGHER,MT
W7M/SF-141,SWEET GRASS,MT
W7M/SF-142,PARK,MT
W7M/SF-144,MEAGHER,MT
W7M/SF-145,PARK,MT
W7M/SF-146,MEAGHER,MT
W7M/SF-147,MEAGHER,MT
W7M/SF-148,PARK,MT
W7M/SF-149,PARK,MT
W7M/SF-150,SWEET GRASS,MT
W7M/SF-151,MEAGHER,MT
W7M/SF-152,MEAGHER,MT
W7M/SF-153,MEAGHER,MT
W7M/SF-154,MEAGHER,MT
W7M/SF-155,SWEET GRASS,MT
W7M/SF-156,PARK,MT
W7M/SF-157,SWEET GRASS,MT
W7M/SF-158,MEAGHER,MT
W7M/SF-159,WHEATLAND,MT
W7M/SF-160,SWEET GRASS,MT
W7M/SF-161,MEAGHER,MT
W7M/SF-162,SWEET GRASS,MT
W7M/SF-163,MEAGHER,MT
W7M/SF-164,MEAGHER,MT
W7M/SF-165,PARK,MT
W7M/SF-166,PARK,MT
W7M/SF-167,SWEET GRASS,MT
W7M/SF-168,MEAGHER,MT
W7M/SF-169,SWEET GRASS,MT
W7M/SF-170,PARK,MT
W7M/SF-171,MEAGHER,MT
W7M/SF-172,MEAGHER,MT
W7M/SF-173,MEAGHER,MT
W7M/SF-174,PARK,MT
W7M/SF-175,PARK,MT
W7M/SF-177,SWEET GRASS,MT
W7M/SF-178,PARK,MT
W7M/SF-179,SWEET GRASS,MT
W7M/SF-180,MEAGHER,MT
W7M/SF-181,SWEET GRASS,MT
W7M/SF-182,PARK,MT
W7M/SF-183,SWEET GRASS,MT
W7M/SF-184,MEAGHER,MT
W7M/SF-185,MEAGHER,MT
W7M/SF-186,MEAGHER,MT
W7M/SF-187,MEAGHER,MT
W7M/SF-188,PARK,MT
W7M/SF-189,MEAGHER,MT
W7M/SF-190,MEAGHER,MT
W7M/SF-191,PARK,MT
W7M/SF-192,MEAGHER,MT
W7M/SF-193,MEAGHER,MT
W7M/SF-194,MEAGHER,MT
W7M/SF-195,PARK,MT
W7M/SF-196,SWEET GRASS,MT
W7M/SF-197,MEAGHER,MT
W7M/SF-198,MEAGHER,MT
W7M/SF-199,WHEATLAND,MT
W7M/SF-200,MEAGHER,MT
W7M/SF-201,MEAGHER,MT
W7M/SF-202,PARK,MT
W7M/SF-203,MEAGHER,MT
W7M/SF-204,SWEET GRASS,MT
W7M/SF-205,MEAGHER,MT
W7M/SF-206,MEAGHER,MT
W7M/SF-207,MEAGHER,MT
W7M/SF-208,MEAGHER,MT
W7M/SF-209,MEAGHER,MT
W7M/SF-210,MEAGHER,MT
W7M/SF-211,MEAGHER,MT
W7M/SF-212,PARK,MT
W7M/SF-213,PARK,MT
W7M/SF-214,PARK,MT
W7M/SF-215,PARK,MT
W7M/SF-216,PARK,MT
W7M/SF-217,PARK,MT
W7M/SF-218,SWEET GRASS,MT
W7Y/NW-003,JOHNSON,WY
W7Y/NW-004,JOHNSON,WY
W7Y/NW-005,HOT SPRINGS,WY
W7Y/NW-006,BIG HORN,WY
W7Y/NW-007,HOT SPRINGS,WY
W7Y/NW-009,JOHNSON,WY
W7Y/NW-010,JOHNSON,WY
W7Y/NW-011,HOT SPRINGS,WY
W7Y/NW-012,JOHNSON,WY
W7Y/NW-013,JOHNSON,WY
W7Y/NW-014,BIG HORN,WY
W7Y/NW-015,BIG HORN,WY
W7Y/NW-016,BIG HORN,WY
W7Y/NW-017,JOHNSON,WY
W7Y/NW-020,JOHNSON,WY
W7Y/NW-022,BIG HORN,WY
W7Y/NW-023,JOHNSON,WY
W7Y/NW-024,JOHNSON,WY
W7Y/NW-025,JOHNSON,WY
W7Y/NW-026,SHERIDAN,WY
W7Y/NW-027,JOHNSON,WY
W7Y/NW-029,SHERIDAN,WY
W7Y/NW-031,BIG HORN,WY
W7Y/NW-032,SHERIDAN,WY
W7Y/NW-033,BIG HORN,WY
W7Y/NW-034,HOT SPRINGS,WY
W7Y/NW-035,BIG HORN,WY
W7Y/NW-036,BIG HORN,WY
W7Y/NW-039,HOT SPRINGS,WY
W7Y/NW-040,BIG HORN,WY
W7Y/NW-041,SHERIDAN,WY
W7Y/NW-042,SHERIDAN,WY
W7Y/NW-043,BIG HORN,WY
W7Y/NW-044,HOT SPRINGS,WY
W7Y/NW-045,JOHNSON,WY
W7Y/NW-046,BIG HORN,WY
W7Y/NW-047,BIG HORN,WY
W7Y/NW-048,BIG HORN,WY
W7Y/NW-049,BIG HORN,WY
W7Y/NW-050,NATRONA,WY
W7Y/NW-051,NATRONA,WY
W7Y/NW-052,HOT SPRINGS,WY
W7Y/NW-053,JOHNSON,WY
W7Y/NW-054,SHERIDAN,WY
W7Y/NW-055,WASHAKIE,WY
W7Y/NW-056,SHERIDAN,WY
W7Y/NW-057,SHERIDAN,WY
W7Y/NW-058,HOT SPRINGS,WY
W7Y/NW-059,SHERIDAN,WY
W7Y/NW-060,SHERIDAN,WY
W7Y/NW-061,WASHAKIE,WY
W7Y/NW-062,HOT SPRINGS,WY
W7Y/NW-063,NATRONA,WY
W7Y/NW-064,SHERIDAN,WY
W7Y/NW-065,HOT SPRINGS,WY
W7Y/NW-066,SHERIDAN,WY
W7Y/NW-067,NATRONA,WY
W7Y/NW-069,NATRONA,WY
W7Y/NW-070,NATRONA,WY
W7Y/NW-071,WASHAKIE,WY
W7Y/NW-072,NATRONA,WY
W7Y/NW-073,NATRONA,WY
W7Y/NW-074,NATRONA,WY
W7Y/NW-075,NATRONA,WY
W7Y/NW-076,HOT SPRINGS,WY
W7Y/NW-077,NATRONA,WY
W7Y/NW-078,JOHNSON,WY
W7Y/NW-079,SHERIDAN,WY
W7Y/NW-080,WASHAKIE,WY
W7Y/NW-081,SHERIDAN,WY
W7Y/NW-082,JOHNSON,WY
W7Y/NW-083,NATRONA,WY
W7Y/NW-084,NATRONA,WY
W7Y/NW-085,NATRONA,WY
W7Y/NW-086,NATRONA,WY
W7Y/NW-087,BIG HORN,WY
W7Y/NW-088,NATRONA,WY
W7Y/NW-089,HOT SPRINGS,WY
W7Y/NW-090,NATRONA,WY
W7Y/NW-092,JOHNSON,WY
W7Y/NW-093,HOT SPRINGS,WY
W7Y/NW-094,NATRONA,WY
W7Y/NW-095,NATRONA,WY
W7Y/NW-096,NATRONA,WY
W7Y/NW-097,NATRONA,WY
W7Y/NW-098,NATRONA,WY
W7Y/NW-099,NATRONA,WY
W7Y/NW-100,SHERIDAN,WY
W7Y/NW-101,NATRONA,WY
W7Y/NW-102,NATRONA,WY
W7Y/NW-103,NATRONA,WY
W7Y/NW-104,NATRONA,WY
W7Y/NW-105,HOT SPRINGS,WY
W7Y/NW-106,NATRONA,WY
W7Y/NW-107,NATRONA,WY
W7Y/NW-108,NATRONA,WY
W7Y/NW-109,SHERIDAN,WY
W7Y/NW-110,NATRONA,WY
W7Y/NW-111,NATRONA,WY
W7Y/NW-112,JOHNSON,WY
W7Y/NW-113,SHERIDAN,WY
W7Y/NW-114,JOHNSON,WY
W7Y/NW-115,HOT SPRINGS,WY
W7Y/NW-116,BIG HORN,WY
W7Y/NW-117,NATRONA,WY
W7Y/NW-118,HOT SPRINGS,WY
W7Y/NW-119,NATRONA,WY
W7Y/NW-120,JOHNSON,WY
W7Y/NW-121,HOT SPRINGS,WY
W7Y/NW-122,NATRONA,WY
W7Y/NW-123,HOT SPRINGS,WY
W7Y/NW-124,HOT SPRINGS,WY
W7Y/NW-125,HOT SPRINGS,WY
W7Y/NW-126,JOHNSON,WY
W7Y/NW-127,HOT SPRINGS,WY
W7Y/NW-128,HOT SPRINGS,WY
W7Y/NW-129,NATRONA,WY
W7Y/NW-130,WASHAKIE,WY
W7Y/NW-131,HOT SPRINGS,WY
W7Y/NW-132,BIG HORN,WY
W7Y/NW-133,BIG HORN,WY
W7Y/NW-134,BIG HORN,WY
W7Y/NW-135,WASHAKIE,WY
W7Y/NW-136,HOT SPRINGS,WY
W7Y/NW-137,WASHAKIE,WY
W7Y/NW-138,WASHAKIE,WY
W7Y/NW-139,BIG HORN,WY
W7Y/NW-140,BIG HORN,WY
W7Y/NW-141,BIG HORN,WY
W7Y/NW-142,BIG HORN,WY
W7Y/NW-143,BIG HORN,WY
W7Y/EW-001,ALBANY,WY
W7Y/EW-002,ALBANY,WY
W7Y/EW-003,ALBANY,WY
W7Y/EW-004,ALBANY,WY
W7Y/EW-005,ALBANY,WY
W7Y/EW-006,ALBANY,WY
W7Y/EW-007,ALBANY,WY
W7Y/EW-008,CONVERSE,WY
W7Y/EW-009,CONVERSE,WY
W7Y/EW-010,CONVERSE,WY
W7Y/EW-011,CONVERSE,WY
W7Y/EW-012,CONVERSE,WY
W7Y/EW-013,ALBANY,WY
W7Y/EW-015,CONVERSE,WY
W7Y/EW-016,CONVERSE,WY
W7Y/EW-017,ALBANY,WY
W7Y/EW-018,ALBANY,WY
W7Y/EW-019,ALBANY,WY
W7Y/EW-020,ALBANY,WY
W7Y/EW-021,ALBANY,WY
W7Y/EW-022,ALBANY,WY
W7Y/EW-023,CONVERSE,WY
W7Y/EW-024,ALBANY,WY
W7Y/EW-025,ALBANY,WY
W7Y/EW-026,ALBANY,WY
W7Y/EW-027,ALBANY,WY
W7Y/EW-028,ALBANY,WY
W7Y/EW-029,ALBANY,WY
W7Y/EW-030,CONVERSE,WY
W7Y/EW-031,ALBANY,WY
W7Y/EW-032,CONVERSE,WY
W7Y/EW-033,CONVERSE,WY
W7Y/EW-034,ALBANY,WY
W7Y/EW-035,ALBANY,WY
W7Y/EW-036,CONVERSE,WY
W7Y/EW-037,CONVERSE,WY
W7Y/EW-038,ALBANY,WY
W7Y/EW-039,ALBANY,WY
W7Y/EW-040,ALBANY,WY
W7Y/EW-041,ALBANY,WY
W7Y/EW-042,ALBANY,WY
W7Y/EW-043,ALBANY,WY
W7Y/EW-044,CONVERSE,WY
W7Y/EW-045,ALBANY,WY
W7Y/EW-046,CONVERSE,WY
W7Y/EW-047,ALBANY,WY
W7Y/EW-049,ALBANY,WY
W7Y/EW-050,ALBANY,WY
W7Y/EW-051,ALBANY,WY
W7Y/EW-052,CONVERSE,WY
W7Y/EW-053,ALBANY,WY
W7Y/EW-054,CONVERSE,WY
W7Y/EW-055,ALBANY,WY
W7Y/EW-056,ALBANY,WY
W7Y/EW-057,ALBANY,WY
W7Y/EW-058,CONVERSE,WY
W7Y/EW-059,CONVERSE,WY
W7Y/EW-060,CONVERSE,WY
W7Y/EW-061,ALBANY,WY
W7Y/EW-062,PLATTE,WY
W7Y/EW-063,ALBANY,WY
W7Y/EW-064,PLATTE,WY
W7Y/EW-065,PLATTE,WY
W7Y/EW-066,PLATTE,WY
W7Y/EW-067,PLATTE,WY
W7Y/EW-068,CROOK,WY
W7Y/EW-069,CROOK,WY
W7Y/EW-070,PLATTE,WY
W7Y/EW-071,PLATTE,WY
W7Y/EW-072,WESTON,WY
W7Y/EW-073,PLATTE,WY
W7Y/EW-074,CONVERSE,WY
W7Y/EW-075,WESTON,WY
W7Y/EW-076,CROOK,WY
W7Y/EW-077,CONVERSE,WY
W7Y/EW-078,PLATTE,WY
W7Y/EW-079,GOSHEN,WY
W7Y/EW-080,NIOBRARA,WY
W7Y/EW-081,CONVERSE,WY
W7Y/EW-082,GOSHEN,WY
W7Y/EW-083,CAMPBELL,WY
W7Y/EW-084,CAMPBELL,WY
W7Y/EW-085,CAMPBELL,WY
W7Y/EW-086,CONVERSE,WY
W7Y/EW-087,CONVERSE,WY
W7Y/EW-088,PLATTE,WY
W7Y/EW-089,PLATTE,WY
W7Y/EW-090,CROOK,WY
W7Y/EW-091,GOSHEN,WY
W7Y/EW-092,CROOK,WY
W7Y/EW-093,CONVERSE,WY
W7Y/EW-094,CROOK,WY
W7Y/EW-095,CROOK,WY
W7Y/EW-096,GOSHEN,WY
W7Y/EW-097,CROOK,WY
W7Y/EW-098,CAMPBELL,WY
W7Y/FT-001,FREMONT,WY
W7Y/FT-003,FREMONT,WY
W7Y/FT-004,FREMONT,WY
W7Y/FT-007,FREMONT,WY
W7Y/FT-008,FREMONT,WY
W7Y/FT-009,FREMONT,WY
W7Y/FT-011,FREMONT,WY
W7Y/FT-012,FREMONT,WY
W7Y/FT-015,FREMONT,WY
W7Y/FT-016,FREMONT,WY
W7Y/FT-018,FREMONT,WY
W7Y/FT-019,FREMONT,WY
W7Y/FT-020,FREMONT,WY
W7Y/FT-021,FREMONT,WY
W7Y/FT-022,FREMONT,WY
W7Y/FT-023,FREMONT,WY
W7Y/FT-024,FREMONT,WY
W7Y/FT-025,FREMONT,WY
W7Y/FT-026,FREMONT,WY
W7Y/FT-027,FREMONT,WY
W7Y/FT-029,FREMONT,WY
W7Y/FT-030,FREMONT,WY
W7Y/FT-031,FREMONT,WY
W7Y/FT-032,FREMONT,WY
W7Y/FT-033,FREMONT,WY
W7Y/FT-038,FREMONT,WY
W7Y/FT-039,FREMONT,WY
W7Y/FT-040,FREMONT,WY
W7Y/FT-049,FREMONT,WY
W7Y/FT-051,FREMONT,WY
W7Y/FT-052,FREMONT,WY
W7Y/FT-053,FREMONT,WY
W7Y/FT-055,FREMONT,WY
W7Y/FT-056,FREMONT,WY
W7Y/FT-058,FREMONT,WY
W7Y/FT-059,FREMONT,WY
W7Y/FT-062,FREMONT,WY
W7Y/FT-064,FREMONT,WY
W7Y/FT-065,FREMONT,WY
W7Y/FT-066,FREMONT,WY
W7Y/FT-067,FREMONT,WY
W7Y/FT-068,FREMONT,WY
W7Y/FT-069,FREMONT,WY
W7Y/FT-070,FREMONT,WY
W7Y/FT-071,FREMONT,WY
W7Y/FT-072,FREMONT,WY
W7Y/FT-073,FREMONT,WY
W7Y/FT-074,FREMONT,WY
W7Y/FT-075,FREMONT,WY
W7Y/FT-076,FREMONT,WY
W7Y/FT-077,FREMONT,WY
W7Y/FT-078,FREMONT,WY
W7Y/FT-079,FREMONT,WY
W7Y/FT-080,FREMONT,WY
W7Y/FT-081,FREMONT,WY
W7Y/FT-082,FREMONT,WY
W7Y/FT-084,FREMONT,WY
W7Y/FT-085,FREMONT,WY
W7Y/FT-086,FREMONT,WY
W7Y/FT-087,FREMONT,WY
W7Y/FT-088,FREMONT,WY
W7Y/FT-089,FREMONT,WY
W7Y/FT-090,FREMONT,WY
W7Y/FT-091,FREMONT,WY
W7Y/FT-093,FREMONT,WY
W7Y/FT-094,FREMONT,WY
W7Y/FT-095,FREMONT,WY
W7Y/FT-096,FREMONT,WY
W7Y/FT-097,FREMONT,WY
W7Y/FT-098,FREMONT,WY
W7Y/FT-099,FREMONT,WY
W7Y/FT-101,FREMONT,WY
W7Y/FT-103,FREMONT,WY
W7Y/FT-104,FREMONT,WY
W7Y/FT-105,FREMONT,WY
W7Y/FT-106,FREMONT,WY
W7Y/FT-107,FREMONT,WY
W7Y/FT-108,FREMONT,WY
W7Y/FT-109,FREMONT,WY
W7Y/FT-110,FREMONT,WY
W7Y/FT-111,FREMONT,WY
W7Y/FT-112,FREMONT,WY
W7Y/FT-113,FREMONT,WY
W7Y/FT-114,FREMONT,WY
W7Y/FT-116,FREMONT,WY
W7Y/FT-118,FREMONT,WY
W7Y/FT-119,FREMONT,WY
W7Y/FT-120,FREMONT,WY
W7Y/FT-121,FREMONT,WY
W7Y/FT-122,FREMONT,WY
W7Y/FT-123,FREMONT,WY
W7Y/FT-124,FREMONT,WY
W7Y/FT-125,FREMONT,WY
W7Y/FT-126,FREMONT,WY
W7Y/FT-127,FREMONT,WY
W7Y/FT-128,FREMONT,WY
W7Y/FT-129,FREMONT,WY
W7Y/FT-130,FREMONT,WY
W7Y/FT-131,FREMONT,WY
W7Y/FT-132,FREMONT,WY
W7Y/FT-133,FREMONT,WY
W7Y/FT-134,FREMONT,WY
W7Y/FT-135,FREMONT,WY
W7Y/FT-136,FREMONT,WY
W7Y/FT-137,FREMONT,WY
W7Y/FT-138,FREMONT,WY
W7Y/FT-139,FREMONT,WY
W7Y/FT-140,FREMONT,WY
W7Y/FT-141,FREMONT,WY
W7Y/FT-142,FREMONT,WY
W7Y/FT-143,FREMONT,WY
W7Y/FT-144,FREMONT,WY
W7Y/FT-145,FREMONT,WY
W7Y/FT-146,FREMONT,WY
W7Y/FT-147,FREMONT,WY
W7Y/FT-148,FREMONT,WY
W7Y/FT-149,FREMONT,WY
W7Y/FT-150,FREMONT,WY
W7Y/FT-151,FREMONT,WY
W7Y/FT-152,FREMONT,WY
W7Y/FT-153,FREMONT,WY
W7Y/FT-154,FREMONT,WY
W7Y/FT-155,FREMONT,WY
W7Y/FT-156,FREMONT,WY
W7Y/FT-157,FREMONT,WY
W7Y/FT-158,FREMONT,WY
W7Y/FT-159,FREMONT,WY
W7Y/FT-160,FREMONT,WY
W7Y/FT-161,FREMONT,WY
W7Y/FT-162,FREMONT,WY
W7Y/FT-163,FREMONT,WY
W7Y/FT-164,FREMONT,WY
W7Y/FT-165,FREMONT,WY
W7Y/FT-166,FREMONT,WY
W7Y/FT-167,FREMONT,WY
W7Y/FT-168,FREMONT,WY
W7Y/FT-169,FREMONT,WY
W7Y/FT-170,FREMONT,WY
W7Y/FT-171,FREMONT,WY
W7Y/FT-172,FREMONT,WY
W7Y/FT-173,FREMONT,WY
W7Y/FT-174,FREMONT,WY
W7Y/FT-175,FREMONT,WY
W7Y/FT-176,FREMONT,WY
W7Y/FT-177,FREMONT,WY
W7Y/FT-178,FREMONT,WY
W7Y/FT-179,FREMONT,WY
W7Y/FT-180,FREMONT,WY
W7Y/FT-181,FREMONT,WY
W7Y/FT-182,FREMONT,WY
W7Y/FT-183,FREMONT,WY
W7Y/FT-184,FREMONT,WY
W7Y/FT-185,FREMONT,WY
W7Y/FT-186,FREMONT,WY
W7Y/FT-187,FREMONT,WY
W7Y/FT-188,FREMONT,WY
W7Y/PA-001,PARK,WY
W7Y/PA-002,PARK,WY
W7Y/PA-003,PARK,WY
W7Y/PA-004,PARK,WY
W7Y/PA-005,PARK,WY
W7Y/PA-006,PARK,WY
W7Y/PA-007,PARK,WY
W7Y/PA-008,PARK,WY
W7Y/PA-009,PARK,WY
W7Y/PA-010,PARK,WY
W7Y/PA-011,PARK,WY
W7Y/PA-012,PARK,WY
W7Y/PA-013,PARK,WY
W7Y/PA-014,PARK,WY
W7Y/PA-015,PARK,WY
W7Y/PA-016,PARK,WY
W7Y/PA-017,PARK,WY
W7Y/PA-018,PARK,WY
W7Y/PA-019,PARK,WY
W7Y/PA-020,PARK,WY
W7Y/PA-021,PARK,WY
W7Y/PA-022,PARK,WY
W7Y/PA-023,PARK,WY
W7Y/PA-024,PARK,WY
W7Y/PA-025,PARK,WY
W7Y/PA-026,PARK,WY
W7Y/PA-027,PARK,WY
W7Y/PA-028,PARK,WY
W7Y/PA-029,PARK,WY
W7Y/PA-030,PARK,WY
W7Y/PA-031,PARK,WY
W7Y/PA-032,PARK,WY
W7Y/PA-033,PARK,WY
W7Y/PA-034,PARK,WY
W7Y/PA-035,PARK,WY
W7Y/PA-036,PARK,WY
W7Y/PA-037,PARK,WY
W7Y/PA-038,PARK,WY
W7Y/PA-039,PARK,WY
W7Y/PA-040,PARK,WY
W7Y/PA-041,PARK,WY
W7Y/PA-042,PARK,WY
W7Y/PA-043,PARK,WY
W7Y/PA-044,PARK,WY
W7Y/PA-045,PARK,WY
W7Y/PA-046,PARK,WY
W7Y/PA-047,PARK,WY
W7Y/PA-048,PARK,WY
W7Y/PA-049,PARK,WY
W7Y/PA-050,PARK,WY
W7Y/PA-051,PARK,WY
W7Y/PA-052,PARK,WY
W7Y/PA-053,PARK,WY
W7Y/PA-054,PARK,WY
W7Y/PA-055,PARK,WY
W7Y/PA-056,PARK,WY
W7Y/PA-057,PARK,WY
W7Y/PA-058,PARK,WY
W7Y/PA-059,PARK,WY
W7Y/PA-060,PARK,WY
W7Y/PA-061,PARK,WY
W7Y/PA-062,PARK,WY
W7Y/PA-063,PARK,WY
W7Y/PA-064,PARK,WY
W7Y/PA-065,PARK,WY
W7Y/PA-066,PARK,WY
W7Y/PA-067,PARK,WY
W7Y/PA-068,PARK,WY
W7Y/PA-069,PARK,WY
W7Y/PA-070,PARK,WY
W7Y/PA-071,PARK,WY
W7Y/PA-072,PARK,WY
W7Y/PA-073,PARK,WY
W7Y/PA-074,PARK,WY
W7Y/PA-075,PARK,WY
W7Y/PA-076,PARK,WY
W7Y/PA-077,PARK,WY
W7Y/PA-078,PARK,WY
W7Y/PA-079,PARK,WY
W7Y/PA-080,PARK,WY
W7Y/PA-081,PARK,WY
W7Y/PA-082,PARK,WY
W7Y/PA-083,PARK,WY
W7Y/PA-084,PARK,WY
W7Y/PA-085,PARK,WY
W7Y/PA-086,PARK,WY
W7Y/PA-087,PARK,WY
W7Y/PA-088,PARK,WY
W7Y/PA-089,PARK,WY
W7Y/PA-090,PARK,WY
W7Y/PA-091,PARK,WY
W7Y/PA-092,PARK,WY
W7Y/PA-093,PARK,WY
W7Y/PA-094,PARK,WY
W7Y/PA-095,PARK,WY
W7Y/PA-096,PARK,WY
W7Y/PA-097,PARK,WY
W7Y/PA-098,PARK,WY
W7Y/PA-099,PARK,WY
W7Y/PA-100,PARK,WY
W7Y/PA-101,PARK,WY
W7Y/PA-102,PARK,WY
W7Y/PA-103,PARK,WY
W7Y/PA-104,PARK,WY
W7Y/PA-105,PARK,WY
W7Y/PA-106,PARK,WY
W7Y/PA-107,PARK,WY
W7Y/PA-108,PARK,WY
W7Y/PA-109,PARK,WY
W7Y/PA-110,PARK,WY
W7Y/PA-111,PARK,WY
W7Y/PA-112,PARK,WY
W7Y/PA-113,PARK,WY
W7Y/PA-114,PARK,WY
W7Y/PA-115,PARK,WY
W7Y/PA-116,PARK,WY
W7Y/PA-117,PARK,WY
W7Y/PA-118,PARK,WY
W7Y/PA-119,PARK,WY
W7Y/PA-120,PARK,WY
W7Y/PA-121,PARK,WY
W7Y/PA-122,PARK,WY
W7Y/PA-123,PARK,WY
W7Y/PA-124,PARK,WY
W7Y/PA-125,PARK,WY
W7Y/PA-126,PARK,WY
W7Y/PA-127,PARK,WY
W7Y/PA-128,PARK,WY
W7Y/PA-129,PARK,WY
W7Y/PA-130,PARK,WY
W7Y/PA-131,PARK,WY
W7Y/PA-132,PARK,WY
W7Y/PA-133,PARK,WY
W7Y/PA-134,PARK,WY
W7Y/PA-135,PARK,WY
W7Y/PA-136,PARK,WY
W7Y/PA-137,PARK,WY
W7Y/PA-138,PARK,WY
W7Y/PA-139,PARK,WY
W7Y/PA-140,PARK,WY
W7Y/PA-141,PARK,WY
W7Y/PA-142,PARK,WY
W7Y/PA-143,PARK,WY
W7Y/PA-144,PARK,WY
W7Y/PA-145,PARK,WY
W7Y/PA-146,PARK,WY
W7Y/PA-147,PARK,WY
W7Y/PA-148,PARK,WY
W7Y/PA-149,PARK,WY
W7Y/PA-150,PARK,WY
W7Y/PA-151,PARK,WY
W7Y/PA-152,PARK,WY
W7Y/PA-153,PARK,WY
W7Y/PA-154,PARK,WY
W7Y/PA-155,PARK,WY
W7Y/PA-156,PARK,WY
W7Y/PA-157,PARK,WY
W7Y/PA-158,PARK,WY
W7Y/PA-159,PARK,WY
W7Y/PA-160,PARK,WY
W7Y/PA-161,PARK,WY
W7Y/PA-162,PARK,WY
W7Y/PA-163,PARK,WY
W7Y/PA-164,PARK,WY
W7Y/PA-165,PARK,WY
W7Y/PA-166,PARK,WY
W7Y/PA-167,PARK,WY
W7Y/PA-168,PARK,WY
W7Y/PA-169,PARK,WY
W7Y/PA-170,PARK,WY
W7Y/PA-171,PARK,WY
W7Y/PA-172,PARK,WY
W7Y/PA-173,PARK,WY
W7Y/PA-174,PARK,WY
W7Y/PA-175,PARK,WY
W7Y/PA-176,PARK,WY
W7Y/PA-177,PARK,WY
W7Y/PA-178,PARK,WY
W7Y/PA-179,PARK,WY
W7Y/PA-180,PARK,WY
W7Y/PA-181,PARK,WY
W7Y/PA-182,PARK,WY
W7Y/PA-183,PARK,WY
W7Y/PA-184,PARK,WY
W7Y/PA-185,PARK,WY
W7Y/PA-186,PARK,WY
W7Y/PA-187,PARK,WY
W7Y/PA-188,PARK,WY
W7Y/PA-189,PARK,WY
W7Y/PA-190,PARK,WY
W7Y/PA-191,PARK,WY
W7Y/PA-192,PARK,WY
W7Y/PA-193,PARK,WY
W7Y/PA-194,PARK,WY
W7Y/PA-195,PARK,WY
W7Y/PA-196,PARK,WY
W7Y/PA-197,PARK,WY
W7Y/PA-198,PARK,WY
W7Y/PA-199,PARK,WY
W7Y/PA-200,PARK,WY
W7Y/PA-201,PARK,WY
W7Y/PA-202,PARK,WY
W7Y/PA-203,PARK,WY
W7Y/PA-204,PARK,WY
W7Y/PA-205,PARK,WY
W7Y/PA-206,PARK,WY
W7Y/PA-207,PARK,WY
W7Y/PA-208,PARK,WY
W7Y/PA-209,PARK,WY
W7Y/PA-210,PARK,WY
W7Y/PA-211,PARK,WY
W7Y/PA-212,PARK,WY
W7Y/PA-213,PARK,WY
W7Y/PA-214,PARK,WY
W7Y/PA-215,PARK,WY
W7Y/PA-216,PARK,WY
W7Y/PA-217,PARK,WY
W7Y/PA-218,PARK,WY
W7Y/PA-219,PARK,WY
W7Y/PA-220,PARK,WY
W7Y/PA-221,PARK,WY
W7Y/PA-222,PARK,WY
W7Y/PA-223,PARK,WY
W7Y/PA-224,PARK,WY
W7Y/PA-225,PARK,WY
W7Y/PA-226,PARK,WY
W7Y/PA-227,PARK,WY
W7Y/PA-228,PARK,WY
W7Y/PA-229,PARK,WY
W7Y/PA-230,PARK,WY
W7Y/PA-231,PARK,WY
W7Y/PA-232,PARK,WY
W7Y/PA-233,PARK,WY
W7Y/PA-234,PARK,WY
W7Y/PA-235,PARK,WY
W7Y/PA-236,PARK,WY
W7Y/PA-237,PARK,WY
W7Y/PA-238,PARK,WY
W7Y/PA-239,PARK,WY
W7Y/PA-240,PARK,WY
W7Y/PA-241,PARK,WY
W7Y/PA-242,PARK,WY
W7Y/PA-243,PARK,WY
W7Y/PA-244,PARK,WY
W7Y/PA-245,PARK,WY
W7Y/PA-246,PARK,WY
W7Y/PA-247,PARK,WY
W7Y/PA-248,PARK,WY
W7Y/PA-249,PARK,WY
W7Y/PA-250,PARK,WY
W7Y/PA-251,PARK,WY
W7Y/PA-252,PARK,WY
W7Y/PA-253,PARK,WY
W7Y/PA-254,PARK,WY
W7Y/PA-255,PARK,WY
W7Y/PA-256,PARK,WY
W7Y/SW-001,LINCOLN,WY
W7Y/SW-002,CARBON,WY
W7Y/SW-003,LINCOLN,WY
W7Y/SW-004,CARBON,WY
W7Y/SW-005,LINCOLN,WY
W7Y/SW-006,CARBON,WY
W7Y/SW-007,LINCOLN,WY
W7Y/SW-008,LINCOLN,WY
W7Y/SW-009,LINCOLN,WY
W7Y/SW-010,CARBON,WY
W7Y/SW-011,CARBON,WY
W7Y/SW-013,LINCOLN,WY
W7Y/SW-014,LINCOLN,WY
W7Y/SW-015,LINCOLN,WY
W7Y/SW-016,LINCOLN,WY
W7Y/SW-017,CARBON,WY
W7Y/SW-018,LINCOLN,WY
W7Y/SW-020,CARBON,WY
W7Y/SW-021,LINCOLN,WY
W7Y/SW-022,CARBON,WY
W7Y/SW-024,LINCOLN,WY
W7Y/SW-025,LINCOLN,WY
W7Y/SW-026,LINCOLN,WY
W7Y/SW-027,LINCOLN,WY
W7Y/SW-028,LINCOLN,WY
W7Y/SW-029,LINCOLN,WY
W7Y/SW-030,LINCOLN,WY
W7Y/SW-031,LINCOLN,WY
W7Y/SW-032,LINCOLN,WY
W7Y/SW-033,LINCOLN,WY
W7Y/SW-034,LINCOLN,WY
W7Y/SW-035,LINCOLN,WY
W7Y/SW-036,LINCOLN,WY
W7Y/SW-037,LINCOLN,WY
W7Y/SW-038,LINCOLN,WY
W7Y/SW-039,LINCOLN,WY
W7Y/SW-040,LINCOLN,WY
W7Y/SW-041,LINCOLN,WY
W7Y/SW-042,LINCOLN,WY
W7Y/SW-043,LINCOLN,WY
W7Y/SW-044,LINCOLN,WY
W7Y/SW-045,LINCOLN,WY
W7Y/SW-046,CARBON,WY
W7Y/SW-047,LINCOLN,WY
W7Y/SW-048,CARBON,WY
W7Y/SW-049,CARBON,WY
W7Y/SW-050,LINCOLN,WY
W7Y/SW-051,LINCOLN,WY
W7Y/SW-052,LINCOLN,WY
W7Y/SW-053,LINCOLN,WY
W7Y/SW-054,LINCOLN,WY
W7Y/SW-055,LINCOLN,WY
W7Y/SW-056,CARBON,WY
W7Y/SW-057,LINCOLN,WY
W7Y/SW-058,LINCOLN,WY
W7Y/SW-059,LINCOLN,WY
W7Y/SW-060,LINCOLN,WY
W7Y/SW-061,LINCOLN,WY
W7Y/SW-062,LINCOLN,WY
W7Y/SW-063,LINCOLN,WY
W7Y/SW-065,CARBON,WY
W7Y/SW-066,LINCOLN,WY
W7Y/SW-067,CARBON,WY
W7Y/SW-068,LINCOLN,WY
W7Y/SW-070,LINCOLN,WY
W7Y/SW-071,LINCOLN,WY
W7Y/SW-072,SWEETWATER,WY
W7Y/SW-074,LINCOLN,WY
W7Y/SW-075,CARBON,WY
W7Y/SW-076,LINCOLN,WY
W7Y/SW-077,LINCOLN,WY
W7Y/SW-078,LINCOLN,WY
W7Y/SW-079,LINCOLN,WY
W7Y/SW-080,LINCOLN,WY
W7Y/SW-081,LINCOLN,WY
W7Y/SW-082,LINCOLN,WY
W7Y/SW-083,LINCOLN,WY
W7Y/SW-084,LINCOLN,WY
W7Y/SW-085,LINCOLN,WY
W7Y/SW-086,CARBON,WY
W7Y/SW-087,CARBON,WY
W7Y/SW-088,LINCOLN,WY
W7Y/SW-089,SWEETWATER,WY
W7Y/SW-090,LINCOLN,WY
W7Y/SW-091,LINCOLN,WY
W7Y/SW-092,CARBON,WY
W7Y/SW-093,LINCOLN,WY
W7Y/SW-094,LINCOLN,WY
W7Y/SW-095,CARBON,WY
W7Y/SW-096,LINCOLN,WY
W7Y/SW-097,LINCOLN,WY
W7Y/SW-098,LINCOLN,WY
W7Y/SW-099,LINCOLN,WY
W7Y/SW-100,CARBON,WY
W7Y/SW-101,LINCOLN,WY
W7Y/SW-102,LINCOLN,WY
W7Y/SW-103,LINCOLN,WY
W7Y/SW-104,LINCOLN,WY
W7Y/SW-105,SWEETWATER,WY
W7Y/SW-106,LINCOLN,WY
W7Y/SW-107,SWEETWATER,WY
W7Y/SW-108,SWEETWATER,WY
W7Y/SW-109,CARBON,WY
W7Y/SW-110,SWEETWATER,WY
W7Y/SW-111,SWEETWATER,WY
W7Y/SW-112,CARBON,WY
W7Y/SW-113,CARBON,WY
W7Y/SW-114,SWEETWATER,WY
W7Y/SW-115,CARBON,WY
W7Y/SW-116,UINTA,WY
W7Y/SW-117,UINTA,WY
W7Y/SW-118,SWEETWATER,WY
W7Y/SW-119,LINCOLN,WY
W7Y/SW-120,SWEETWATER,WY
W7Y/SW-121,CARBON,WY
W7Y/SW-122,SWEETWATER,WY
W7Y/SW-123,CARBON,WY
W7Y/SW-124,LINCOLN,WY
W7Y/SW-125,LINCOLN,WY
W7Y/SW-126,LINCOLN,WY
W7Y/SW-127,UINTA,WY
W7Y/SW-128,CARBON,WY
W7Y/SW-129,CARBON,WY
W7Y/SW-130,LINCOLN,WY
W7Y/SW-131,CARBON,WY
W7Y/SW-132,LINCOLN,WY
W7Y/SW-133,SWEETWATER,WY
W7Y/SW-134,CARBON,WY
W7Y/SW-135,LINCOLN,WY
W7Y/SW-136,CARBON,WY
W7Y/SW-137,CARBON,WY
W7Y/SW-138,CARBON,WY
W7Y/SW-139,CARBON,WY
W7Y/SW-140,SWEETWATER,WY
W7Y/SW-141,CARBON,WY
W7Y/SW-142,CARBON,WY
W7Y/SW-143,CARBON,WY
W7Y/SW-144,LINCOLN,WY
W7Y/SW-145,LINCOLN,WY
W7Y/SW-146,SWEETWATER,WY
W7Y/SW-147,SWEETWATER,WY
W7Y/SW-148,LINCOLN,WY
W7Y/SW-149,CARBON,WY
W7Y/SW-150,UINTA,WY
W7Y/SW-151,SWEETWATER,WY
W7Y/SW-152,CARBON,WY
W7Y/SW-153,SWEETWATER,WY
W7Y/SW-154,SWEETWATER,WY
W7Y/SW-155,CARBON,WY
W7Y/SW-156,SWEETWATER,WY
W7Y/SW-157,LINCOLN,WY
W7Y/SW-158,CARBON,WY
W7Y/SW-159,LINCOLN,WY
W7Y/SW-160,LINCOLN,WY
W7Y/SW-161,CARBON,WY
W7Y/SW-162,SWEETWATER,WY
W7Y/SW-163,SWEETWATER,WY
W7Y/SW-164,CARBON,WY
W7Y/SW-165,SWEETWATER,WY
W7Y/SW-166,UINTA,WY
W7Y/SW-167,CARBON,WY
W7Y/SW-168,CARBON,WY
W7Y/SW-169,CARBON,WY
W7Y/SW-170,LINCOLN,WY
W7Y/SW-171,SWEETWATER,WY
W7Y/SW-172,CARBON,WY
W7Y/SW-173,CARBON,WY
W7Y/SW-174,CARBON,WY
W7Y/SW-175,CARBON,WY
W7Y/SW-176,LINCOLN,WY
W7Y/SW-177,CARBON,WY
W7Y/SW-178,CARBON,WY
W7Y/SW-179,CARBON,WY
W7Y/SW-180,SWEETWATER,WY
W7Y/SW-181,SWEETWATER,WY
W7Y/SW-182,LINCOLN,WY
W7Y/SW-183,SWEETWATER,WY
W7Y/SW-184,SWEETWATER,WY
W7Y/SW-185,LINCOLN,WY
W7Y/SW-186,LINCOLN,WY
W7Y/SW-187,CARBON,WY
W7Y/SW-188,LINCOLN,WY
W7Y/SW-189,LINCOLN,WY
W7Y/SW-190,SWEETWATER,WY
W7Y/SW-191,SWEETWATER,WY
W7Y/SW-192,CARBON,WY
W7Y/SW-193,CARBON,WY
W7Y/SW-194,SWEETWATER,WY
W7Y/SW-195,SWEETWATER,WY
W7Y/SW-196,CARBON,WY
W7Y/SW-197,SWEETWATER,WY
W7Y/SW-198,LINCOLN,WY
W7Y/SW-199,SWEETWATER,WY
W7Y/SW-200,CARBON,WY
W7Y/SW-201,CARBON,WY
W7Y/SW-202,CARBON,WY
W7Y/SW-203,LINCOLN,WY
W7Y/SW-204,CARBON,WY
W7Y/SW-205,LINCOLN,WY
W7Y/SW-206,UINTA,WY
W7Y/SW-207,SWEETWATER,WY
W7Y/SW-208,CARBON,WY
W7Y/SW-209,SWEETWATER,WY
W7Y/SW-210,LINCOLN,WY
W7Y/SW-211,SWEETWATER,WY
W7Y/SW-212,SWEETWATER,WY
W7Y/SW-213,CARBON,WY
W7Y/SW-214,CARBON,WY
W7Y/SW-215,CARBON,WY
W7Y/SL-002,SUBLETTE,WY
W7Y/SL-003,SUBLETTE,WY
W7Y/SL-004,SUBLETTE,WY
W7Y/SL-005,SUBLETTE,WY
W7Y/SL-006,SUBLETTE,WY
W7Y/SL-007,SUBLETTE,WY
W7Y/SL-008,SUBLETTE,WY
W7Y/SL-009,SUBLETTE,WY
W7Y/SL-010,SUBLETTE,WY
W7Y/SL-011,SUBLETTE,WY
W7Y/SL-012,SUBLETTE,WY
W7Y/SL-013,SUBLETTE,WY
W7Y/SL-014,SUBLETTE,WY
W7Y/SL-015,SUBLETTE,WY
W7Y/SL-016,SUBLETTE,WY
W7Y/SL-017,SUBLETTE,WY
W7Y/SL-018,SUBLETTE,WY
W7Y/SL-019,SUBLETTE,WY
W7Y/SL-020,SUBLETTE,WY
W7Y/SL-021,SUBLETTE,WY
W7Y/SL-022,SUBLETTE,WY
W7Y/SL-023,SUBLETTE,WY
W7Y/SL-024,SUBLETTE,WY
W7Y/SL-025,SUBLETTE,WY
W7Y/SL-027,SUBLETTE,WY
W7Y/SL-028,SUBLETTE,WY
W7Y/SL-029,SUBLETTE,WY
W7Y/SL-030,SUBLETTE,WY
W7Y/SL-031,SUBLETTE,WY
W7Y/SL-032,SUBLETTE,WY
W7Y/SL-033,SUBLETTE,WY
W7Y/SL-034,SUBLETTE,WY
W7Y/SL-035,SUBLETTE,WY
W7Y/SL-036,SUBLETTE,WY
W7Y/SL-037,SUBLETTE,WY
W7Y/SL-038,SUBLETTE,WY
W7Y/SL-039,SUBLETTE,WY
W7Y/SL-040,SUBLETTE,WY
W7Y/SL-041,SUBLETTE,WY
W7Y/SL-042,SUBLETTE,WY
W7Y/SL-043,SUBLETTE,WY
W7Y/SL-044,SUBLETTE,WY
W7Y/SL-045,SUBLETTE,WY
W7Y/SL-046,SUBLETTE,WY
W7Y/SL-047,SUBLETTE,WY
W7Y/SL-048,SUBLETTE,WY
W7Y/SL-049,SUBLETTE,WY
W7Y/SL-050,SUBLETTE,WY
W7Y/SL-051,SUBLETTE,WY
W7Y/SL-052,SUBLETTE,WY
W7Y/SL-053,SUBLETTE,WY
W7Y/SL-054,SUBLETTE,WY
W7Y/SL-055,SUBLETTE,WY
W7Y/SL-056,SUBLETTE,WY
W7Y/SL-057,SUBLETTE,WY
W7Y/SL-058,SUBLETTE,WY
W7Y/SL-059,SUBLETTE,WY
W7Y/SL-060,SUBLETTE,WY
W7Y/SL-061,SUBLETTE,WY
W7Y/SL-062,SUBLETTE,WY
W7Y/SL-063,SUBLETTE,WY
W7Y/SL-065,SUBLETTE,WY
W7Y/SL-066,SUBLETTE,WY
W7Y/SL-067,SUBLETTE,WY
W7Y/SL-068,SUBLETTE,WY
W7Y/SL-069,SUBLETTE,WY
W7Y/SL-070,SUBLETTE,WY
W7Y/SL-071,SUBLETTE,WY
W7Y/SL-072,SUBLETTE,WY
W7Y/SL-073,SUBLETTE,WY
W7Y/SL-074,SUBLETTE,WY
W7Y/SL-075,SUBLETTE,WY
W7Y/SL-076,SUBLETTE,WY
W7Y/SL-077,SUBLETTE,WY
W7Y/SL-078,SUBLETTE,WY
W7Y/SL-079,SUBLETTE,WY
W7Y/SL-080,SUBLETTE,WY
W7Y/SL-081,SUBLETTE,WY
W7Y/SL-082,SUBLETTE,WY
W7Y/SL-083,SUBLETTE,WY
W7Y/SL-084,SUBLETTE,WY
W7Y/SL-085,SUBLETTE,WY
W7Y/SL-086,SUBLETTE,WY
W7Y/SL-087,SUBLETTE,WY
W7Y/SL-088,SUBLETTE,WY
W7Y/SL-089,SUBLETTE,WY
W7Y/SL-090,SUBLETTE,WY
W7Y/SL-091,SUBLETTE,WY
W7Y/SL-092,SUBLETTE,WY
W7Y/SL-093,SUBLETTE,WY
W7Y/SL-094,SUBLETTE,WY
W7Y/SL-095,SUBLETTE,WY
W7Y/SL-096,SUBLETTE,WY
W7Y/SL-097,SUBLETTE,WY
W7Y/SL-098,SUBLETTE,WY
W7Y/SL-099,SUBLETTE,WY
W7Y/SL-100,SUBLETTE,WY
W7Y/SL-101,SUBLETTE,WY
W7Y/SL-102,SUBLETTE,WY
W7Y/SL-103,SUBLETTE,WY
W7Y/SL-104,SUBLETTE,WY
W7Y/SL-105,SUBLETTE,WY
W7Y/SL-106,SUBLETTE,WY
W7Y/SL-107,SUBLETTE,WY
W7Y/SL-108,SUBLETTE,WY
W7Y/SL-109,SUBLETTE,WY
W7Y/SL-110,SUBLETTE,WY
W7Y/SL-111,SUBLETTE,WY
W7Y/SL-112,SUBLETTE,WY
W7Y/SL-113,SUBLETTE,WY
W7Y/TT-001,TETON,WY
W7Y/TT-002,TETON,WY
W7Y/TT-003,TETON,WY
W7Y/TT-004,TETON,WY
W7Y/TT-005,TETON,WY
W7Y/TT-006,TETON,WY
W7Y/TT-007,TETON,WY
W7Y/TT-008,TETON,WY
W7Y/TT-009,TETON,WY
W7Y/TT-010,TETON,WY
W7Y/TT-011,TETON,WY
W7Y/TT-012,TETON,WY
W7Y/TT-013,TETON,WY
W7Y/TT-014,TETON,WY
W7Y/TT-015,TETON,WY
W7Y/TT-016,TETON,WY
W7Y/TT-017,TETON,WY
W7Y/TT-018,TETON,WY
W7Y/TT-019,TETON,WY
W7Y/TT-020,TETON,WY
W7Y/TT-021,TETON,WY
W7Y/TT-022,TETON,WY
W7Y/TT-023,TETON,WY
W7Y/TT-024,TETON,WY
W7Y/TT-025,TETON,WY
W7Y/TT-026,TETON,WY
W7Y/TT-027,TETON,WY
W7Y/TT-028,TETON,WY
W7Y/TT-029,TETON,WY
W7Y/TT-030,TETON,WY
W7Y/TT-031,TETON,WY
W7Y/TT-032,TETON,WY
W7Y/TT-033,TETON,WY
W7Y/TT-034,TETON,WY
W7Y/TT-035,TETON,WY
W7Y/TT-036,TETON,WY
W7Y/TT-037,TETON,WY
W7Y/TT-038,TETON,WY
W7Y/TT-039,TETON,WY
W7Y/TT-040,TETON,WY
W7Y/TT-041,TETON,WY
W7Y/TT-042,TETON,WY
W7Y/TT-043,TETON,WY
W7Y/TT-044,TETON,WY
W7Y/TT-045,TETON,WY
W7Y/TT-046,TETON,WY
W7Y/TT-047,TETON,WY
W7Y/TT-048,TETON,WY
W7Y/TT-049,TETON,WY
W7Y/TT-050,TETON,WY
W7Y/TT-051,TETON,WY
W7Y/TT-052,TETON,WY
W7Y/TT-053,TETON,WY
W7Y/TT-054,TETON,WY
W7Y/TT-055,TETON,WY
W7Y/TT-056,TETON,WY
W7Y/TT-057,TETON,WY
W7Y/TT-058,TETON,WY
W7Y/TT-059,TETON,WY
W7Y/TT-060,TETON,WY
W7Y/TT-061,TETON,WY
W7Y/TT-062,TETON,WY
W7Y/TT-063,TETON,WY
W7Y/TT-064,TETON,WY
W7Y/TT-065,TETON,WY
W7Y/TT-066,TETON,WY
W7Y/TT-067,TETON,WY
W7Y/TT-068,TETON,WY
W7Y/TT-069,TETON,WY
W7Y/TT-070,TETON,WY
W7Y/TT-071,TETON,WY
W7Y/TT-072,TETON,WY
W7Y/TT-073,TETON,WY
W7Y/TT-074,TETON,WY
W7Y/TT-075,TETON,WY
W7Y/TT-076,TETON,WY
W7Y/TT-077,TETON,WY
W7Y/TT-078,TETON,WY
W7Y/TT-079,TETON,WY
W7Y/TT-080,TETON,WY
W7Y/TT-081,TETON,WY
W7Y/TT-082,TETON,WY
W7Y/TT-083,TETON,WY
W7Y/TT-084,TETON,WY
W7Y/TT-085,TETON,WY
W7Y/TT-086,TETON,WY
W7Y/TT-087,TETON,WY
W7Y/TT-088,TETON,WY
W7Y/TT-089,TETON,WY
W7Y/TT-090,TETON,WY
W7Y/TT-091,TETON,WY
W7Y/TT-092,TETON,WY
W7Y/TT-093,TETON,WY
W7Y/TT-094,TETON,WY
W7Y/TT-095,TETON,WY
W7Y/TT-096,TETON,WY
W7Y/TT-097,TETON,WY
W7Y/TT-098,TETON,WY
W7Y/TT-099,TETON,WY
W7Y/TT-100,TETON,WY
W7Y/TT-101,TETON,WY
W7Y/TT-102,TETON,WY
W7Y/TT-103,TETON,WY
W7Y/TT-104,TETON,WY
W7Y/TT-105,TETON,WY
W7Y/TT-106,TETON,WY
W7Y/TT-107,TETON,WY
W7Y/TT-108,TETON,WY
W7Y/TT-109,TETON,WY
W7Y/TT-110,TETON,WY
W7Y/TT-111,TETON,WY
W7Y/TT-112,TETON,WY
W7Y/TT-113,TETON,WY
W7Y/TT-114,TETON,WY
W7Y/TT-115,TETON,WY
W7Y/TT-116,TETON,WY
W7Y/TT-117,TETON,WY
W7Y/TT-118,TETON,WY
W7Y/TT-119,TETON,WY
W7Y/TT-120,TETON,WY
W7Y/TT-121,TETON,WY
W7Y/TT-122,TETON,WY
W7Y/TT-123,TETON,WY
W7Y/TT-124,TETON,WY
W7Y/TT-125,TETON,WY
W7Y/TT-126,TETON,WY
W7Y/TT-127,TETON,WY
W7Y/TT-128,TETON,WY
W7Y/TT-129,TETON,WY
W7Y/TT-130,TETON,WY
W7Y/TT-131,TETON,WY
W7Y/TT-132,TETON,WY
W7Y/TT-133,TETON,WY
W7Y/TT-134,TETON,WY
W7Y/TT-135,TETON,WY
W7Y/TT-136,TETON,WY
W7Y/TT-137,TETON,WY
W7Y/TT-138,TETON,WY
W7Y/TT-139,TETON,WY
W7Y/TT-140,TETON,WY
W7Y/TT-141,TETON,WY
W7Y/TT-142,TETON,WY
W7Y/TT-143,TETON,WY
W7Y/TT-144,TETON,WY
W7Y/TT-145,TETON,WY
W7Y/TT-146,TETON,WY
W7Y/TT-147,TETON,WY
W7Y/TT-148,TETON,WY
W7Y/TT-149,TETON,WY
W7Y/TT-150,TETON,WY
W7Y/TT-151,TETON,WY
W7Y/TT-152,TETON,WY
W7Y/TT-153,TETON,WY
W7Y/TT-154,TETON,WY
W7Y/TT-155,TETON,WY
W7Y/TT-156,TETON,WY
W7Y/TT-157,TETON,WY
W7Y/TT-158,TETON,WY
W7Y/TT-159,TETON,WY
W7Y/TT-160,TETON,WY
W7Y/TT-161,TETON,WY
W7Y/TT-162,TETON,WY
W7Y/TT-163,TETON,WY
W7Y/TT-164,TETON,WY
W7Y/TT-165,TETON,WY
W7Y/TT-166,TETON,WY
W7Y/TT-167,TETON,WY
W7Y/TT-168,TETON,WY
W7Y/TT-169,TETON,WY
W7Y/TT-170,TETON,WY
W7Y/TT-171,TETON,WY
W7Y/TT-172,TETON,WY
W7Y/TT-173,TETON,WY
W7Y/TT-174,TETON,WY
W7Y/TT-175,TETON,WY
K0M/NE-001,COOK,MN
K0M/NE-002,COOK,MN
K0M/NE-003,COOK,MN
K0M/NE-004,COOK,MN
K0M/NE-005,COOK,MN
K0M/NE-006,COOK,MN
K0M/NE-007,LAKE,MN
K0M/NE-008,COOK,MN
K0M/NE-009,COOK,MN
K0M/NE-010,COOK,MN
K0M/NE-011,LAKE,MN
K0M/NE-012,COOK,MN
K0M/NE-013,COOK,MN
K0M/NE-014,COOK,MN
K0M/NE-015,SAINT LOUIS,MN
K0M/NE-016,SAINT LOUIS,MN
K0M/NE-017,COOK,MN
K0M/NE-018,COOK,MN
K0M/NE-019,COOK,MN
K0M/NE-020,COOK,MN
K0M/NE-021,ITASCA,MN
K0M/NE-022,COOK,MN
K0M/NE-023,SAINT LOUIS,MN
K0M/NE-024,LAKE,MN
K0M/NE-025,LAKE,MN
K0M/NE-026,COOK,MN
K0M/NE-027,COOK,MN
K0M/CW-001,CLEARWATER,MN
K0M/CW-002,OTTER TAIL,MN
K0M/SE-001,HOUSTON,MN
K0M/SE-002,HOUSTON,MN
K0M/SE-003,GOODHUE,MN
K0M/SE-004,GOODHUE,MN
W5T/BO-001,PRESIDIO,TX
W5T/BO-002,PRESIDIO,TX
W5T/BO-003,BREWSTER,TX
W5T/BO-004,PRESIDIO,TX
W5T/BO-005,BREWSTER,TX
W5T/BO-006,PRESIDIO,TX
W5T/BO-007,PRESIDIO,TX
W5T/BO-008,PRESIDIO,TX
W5T/BO-009,PRESIDIO,TX
W5T/BO-010,PRESIDIO,TX
W5T/BO-011,PRESIDIO,TX
W5T/BO-012,PRESIDIO,TX
W5T/BO-013,PRESIDIO,TX
W5T/BO-014,PRESIDIO,TX
W5T/BO-015,PRESIDIO,TX
W5T/BO-016,PRESIDIO,TX
W5T/BO-017,PRESIDIO,TX
W5T/BG-001,BREWSTER,TX
W5T/BG-002,BREWSTER,TX
W5T/BG-003,BREWSTER,TX
W5T/BG-004,BREWSTER,TX
W5T/BG-005,BREWSTER,TX
W5T/BG-006,BREWSTER,TX
W5T/BG-007,BREWSTER,TX
W5T/BG-008,BREWSTER,TX
W5T/BG-009,BREWSTER,TX
W5T/BG-010,BREWSTER,TX
W5T/BG-011,BREWSTER,TX
W5T/BG-012,BREWSTER,TX
W5T/BG-013,BREWSTER,TX
W5T/BG-014,BREWSTER,TX
W5T/CH-001,PRESIDIO,TX
W5T/CH-002,PRESIDIO,TX
W5T/CH-003,PRESIDIO,TX
W5T/CH-004,PRESIDIO,TX
W5T/CH-005,PRESIDIO,TX
W5T/CH-006,PRESIDIO,TX
W5T/CH-007,PRESIDIO,TX
W5T/CH-008,PRESIDIO,TX
W5T/CH-009,PRESIDIO,TX
W5T/CH-010,PRESIDIO,TX
W5T/CH-011,PRESIDIO,TX
W5T/CH-012,PRESIDIO,TX
W5T/CH-013,PRESIDIO,TX
W5T/CH-014,PRESIDIO,TX
W5T/CH-015,PRESIDIO,TX
W5T/CH-016,PRESIDIO,TX
W5T/CH-017,PRESIDIO,TX
W5T/CI-001,BREWSTER,TX
W5T/CI-002,BREWSTER,TX
W5T/CI-003,BREWSTER,TX
W5T/CI-004,BREWSTER,TX
W5T/CI-005,BREWSTER,TX
W5T/CI-006,BREWSTER,TX
W5T/CI-007,BREWSTER,TX
W5T/CI-008,BREWSTER,TX
W5T/CI-009,BREWSTER,TX
W5T/CI-010,BREWSTER,TX
W5T/CI-011,BREWSTER,TX
W5T/CI-012,BREWSTER,TX
W5T/CI-013,BREWSTER,TX
W5T/CI-014,BREWSTER,TX
W5T/CI-015,BREWSTER,TX
W5T/CI-016,BREWSTER,TX
W5T/CI-017,BREWSTER,TX
W5T/CI-018,BREWSTER,TX
W5T/CI-019,BREWSTER,TX
W5T/CI-020,BREWSTER,TX
W5T/CI-021,BREWSTER,TX
W5T/CI-022,BREWSTER,TX
W5T/CI-023,BREWSTER,TX
W5T/CI-024,BREWSTER,TX
W5T/CI-025,BREWSTER,TX
W5T/CI-026,BREWSTER,TX
W5T/CI-027,BREWSTER,TX
W5T/CI-028,BREWSTER,TX
W5T/CI-029,BREWSTER,TX
W5T/CI-030,BREWSTER,TX
W5T/CI-031,BREWSTER,TX
W5T/CI-032,BREWSTER,TX
W5T/CI-033,BREWSTER,TX
W5T/CI-034,BREWSTER,TX
W5T/CI-035,BREWSTER,TX
W5T/CI-036,BREWSTER,TX
W5T/CI-037,BREWSTER,TX
W5T/CR-001,BREWSTER,TX
W5T/CR-002,BREWSTER,TX
W5T/CR-003,BREWSTER,TX
W5T/CR-004,BREWSTER,TX
W5T/CR-005,BREWSTER,TX
W5T/CR-006,BREWSTER,TX
W5T/CR-007,BREWSTER,TX
W5T/CR-008,BREWSTER,TX
W5T/CR-009,BREWSTER,TX
W5T/CR-010,BREWSTER,TX
W5T/CR-011,BREWSTER,TX
W5T/CR-012,BREWSTER,TX
W5T/CR-013,BREWSTER,TX
W5T/CR-014,BREWSTER,TX
W5T/CR-015,BREWSTER,TX
W5T/CR-016,BREWSTER,TX
W5T/CR-017,BREWSTER,TX
W5T/CR-018,BREWSTER,TX
W5T/CR-019,BREWSTER,TX
W5T/CR-020,BREWSTER,TX
W5T/CR-021,BREWSTER,TX
W5T/CR-022,BREWSTER,TX
W5T/CR-023,BREWSTER,TX
W5T/CR-024,BREWSTER,TX
W5T/CR-025,BREWSTER,TX
W5T/CR-026,BREWSTER,TX
W5T/CR-027,BREWSTER,TX
W5T/CR-028,BREWSTER,TX
W5T/CR-029,BREWSTER,TX
W5T/CR-030,BREWSTER,TX
W5T/CR-031,BREWSTER,TX
W5T/CR-032,BREWSTER,TX
W5T/CR-033,BREWSTER,TX
W5T/CE-001,BREWSTER,TX
W5T/CE-002,PRESIDIO,TX
W5T/CE-003,PRESIDIO,TX
W5T/CE-004,PRESIDIO,TX
W5T/CE-005,PRESIDIO,TX
W5T/CE-006,PRESIDIO,TX
W5T/CE-007,PRESIDIO,TX
W5T/CE-008,PRESIDIO,TX
W5T/CE-009,PRESIDIO,TX
W5T/CE-010,BREWSTER,TX
W5T/CE-011,BREWSTER,TX
W5T/CE-012,PRESIDIO,TX
W5T/CE-013,BREWSTER,TX
W5T/CE-014,PRESIDIO,TX
W5T/CE-015,PRESIDIO,TX
W5T/CE-016,PRESIDIO,TX
W5T/CE-017,PRESIDIO,TX
W5T/DE-001,JEFF DAVIS,TX
W5T/DE-002,JEFF DAVIS,TX
W5T/DE-003,JEFF DAVIS,TX
W5T/DE-004,JEFF DAVIS,TX
W5T/DE-005,JEFF DAVIS,TX
W5T/DE-006,JEFF DAVIS,TX
W5T/DE-007,JEFF DAVIS,TX
W5T/DE-008,JEFF DAVIS,TX
W5T/DE-009,JEFF DAVIS,TX
W5T/DE-010,JEFF DAVIS,TX
W5T/DE-011,JEFF DAVIS,TX
W5T/DE-012,JEFF DAVIS,TX
W5T/DE-013,JEFF DAVIS,TX
W5T/DE-014,JEFF DAVIS,TX
W5T/DE-015,JEFF DAVIS,TX
W5T/DE-016,JEFF DAVIS,TX
W5T/DE-017,JEFF DAVIS,TX
W5T/DE-018,JEFF DAVIS,TX
W5T/DE-019,JEFF DAVIS,TX
W5T/DE-020,JEFF DAVIS,TX
W5T/DE-021,JEFF DAVIS,TX
W5T/DE-022,JEFF DAVIS,TX
W5T/DE-023,JEFF DAVIS,TX
W5T/DE-024,JEFF DAVIS,TX
W5T/DE-025,JEFF DAVIS,TX
W5T/DE-026,PECOS,TX
W5T/DE-027,JEFF DAVIS,TX
W5T/DE-028,REEVES,TX
W5T/DE-029,JEFF DAVIS,TX
W5T/DW-001,JEFF DAVIS,TX
W5T/DW-002,JEFF DAVIS,TX
W5T/DW-003,JEFF DAVIS,TX
W5T/DW-004,JEFF DAVIS,TX
W5T/DW-005,JEFF DAVIS,TX
W5T/DW-006,JEFF DAVIS,TX
W5T/DW-007,JEFF DAVIS,TX
W5T/DW-008,JEFF DAVIS,TX
W5T/DW-009,JEFF DAVIS,TX
W5T/DW-010,JEFF DAVIS,TX
W5T/DW-011,JEFF DAVIS,TX
W5T/DW-012,JEFF DAVIS,TX
W5T/DW-013,JEFF DAVIS,TX
W5T/DW-014,JEFF DAVIS,TX
W5T/DW-015,JEFF DAVIS,TX
W5T/DW-016,JEFF DAVIS,TX
W5T/DW-017,JEFF DAVIS,TX
W5T/DW-018,JEFF DAVIS,TX
W5T/DW-019,JEFF DAVIS,TX
W5T/DW-020,JEFF DAVIS,TX
W5T/DW-021,JEFF DAVIS,TX
W5T/DW-022,JEFF DAVIS,TX
W5T/DW-023,JEFF DAVIS,TX
W5T/DW-024,JEFF DAVIS,TX
W5T/DW-025,JEFF DAVIS,TX
W5T/DW-026,JEFF DAVIS,TX
W5T/DW-027,JEFF DAVIS,TX
W5T/DW-028,JEFF DAVIS,TX
W5T/DW-029,JEFF DAVIS,TX
W5T/DW-030,JEFF DAVIS,TX
W5T/DW-031,JEFF DAVIS,TX
W5T/DH-001,BREWSTER,TX
W5T/DH-002,BREWSTER,TX
W5T/DH-003,BREWSTER,TX
W5T/DH-004,BREWSTER,TX
W5T/DH-005,BREWSTER,TX
W5T/DH-006,BREWSTER,TX
W5T/DH-007,BREWSTER,TX
W5T/DH-008,BREWSTER,TX
W5T/DH-009,BREWSTER,TX
W5T/DH-010,BREWSTER,TX
W5T/DH-011,BREWSTER,TX
W5T/DH-012,BREWSTER,TX
W5T/DH-013,BREWSTER,TX
W5T/DH-014,BREWSTER,TX
W5T/DN-001,BREWSTER,TX
W5T/DN-002,BREWSTER,TX
W5T/DN-003,BREWSTER,TX
W5T/DN-004,BREWSTER,TX
W5T/DN-005,BREWSTER,TX
W5T/DN-006,BREWSTER,TX
W5T/DN-007,BREWSTER,TX
W5T/DN-008,BREWSTER,TX
W5T/DN-009,BREWSTER,TX
W5T/DN-010,BREWSTER,TX
W5T/DN-011,BREWSTER,TX
W5T/DN-012,BREWSTER,TX
W5T/DN-013,BREWSTER,TX
W5T/DN-014,BREWSTER,TX
W5T/DN-015,BREWSTER,TX
W5T/DN-016,BREWSTER,TX
W5T/DN-017,BREWSTER,TX
W5T/DN-018,BREWSTER,TX
W5T/DN-019,BREWSTER,TX
W5T/EA-001,HUDSPETH,TX
W5T/EA-002,HUDSPETH,TX
W5T/EA-003,HUDSPETH,TX
W5T/EA-004,HUDSPETH,TX
W5T/EA-005,HUDSPETH,TX
W5T/EA-006,HUDSPETH,TX
W5T/EA-007,HUDSPETH,TX
W5T/EA-008,HUDSPETH,TX
W5T/EA-009,HUDSPETH,TX
W5T/EA-010,HUDSPETH,TX
W5T/EF-001,CROCKETT,TX
W5T/EF-002,STONEWALL,TX
W5T/EF-003,LLANO,TX
W5T/FR-001,EL PASO,TX
W5T/FR-002,EL PASO,TX
W5T/FR-003,EL PASO,TX
W5T/FR-004,HUDSPETH,TX
W5T/FR-005,EL PASO,TX
W5T/FR-006,HUDSPETH,TX
W5T/FR-007,HUDSPETH,TX
W5T/FR-008,EL PASO,TX
W5T/FR-009,EL PASO,TX
W5T/FR-010,EL PASO,TX
W5T/FR-011,EL PASO,TX
W5T/GL-001,BREWSTER,TX
W5T/GL-002,BREWSTER,TX
W5T/GL-003,BREWSTER,TX
W5T/GL-004,BREWSTER,TX
W5T/GL-005,BREWSTER,TX
W5T/GL-006,BREWSTER,TX
W5T/GL-007,BREWSTER,TX
W5T/GL-008,BREWSTER,TX
W5T/GL-009,BREWSTER,TX
W5T/GL-010,BREWSTER,TX
W5T/GL-011,BREWSTER,TX
W5T/GL-012,BREWSTER,TX
W5T/GL-013,BREWSTER,TX
W5T/GL-014,BREWSTER,TX
W5T/GL-015,BREWSTER,TX
W5T/GL-016,PECOS,TX
W5T/GL-017,BREWSTER,TX
W5T/GL-018,PECOS,TX
W5T/GL-019,BREWSTER,TX
W5T/GL-020,PECOS,TX
W5T/GL-021,PECOS,TX
W5T/GL-022,PECOS,TX
W5T/GL-023,PECOS,TX
W5T/GL-024,PECOS,TX
W5T/GL-025,PECOS,TX
W5T/GU-001,CULBERSON,TX
W5T/GU-002,CULBERSON,TX
W5T/GU-003,CULBERSON,TX
W5T/GU-004,CULBERSON,TX
W5T/GU-005,HUDSPETH,TX
W5T/GU-006,HUDSPETH,TX
W5T/GU-007,CULBERSON,TX
W5T/GU-008,HUDSPETH,TX
W5T/GU-009,CULBERSON,TX
W5T/GU-010,CULBERSON,TX
W5T/GU-011,HUDSPETH,TX
W5T/GU-012,HUDSPETH,TX
W5T/GU-013,CULBERSON,TX
W5T/GU-014,HUDSPETH,TX
W5T/GU-015,CULBERSON,TX
W5T/GU-016,CULBERSON,TX
W5T/GU-017,CULBERSON,TX
W5T/GU-018,CULBERSON,TX
W5T/HA-001,BREWSTER,TX
W5T/HA-002,BREWSTER,TX
W5T/HA-003,BREWSTER,TX
W5T/HA-004,BREWSTER,TX
W5T/HA-005,BREWSTER,TX
W5T/HA-006,BREWSTER,TX
W5T/HA-007,BREWSTER,TX
W5T/HA-008,BREWSTER,TX
W5T/HA-009,BREWSTER,TX
W5T/HA-010,BREWSTER,TX
W5T/HA-011,BREWSTER,TX
W5T/HA-012,BREWSTER,TX
W5T/HA-013,BREWSTER,TX
W5T/HA-014,BREWSTER,TX
W5T/HA-015,BREWSTER,TX
W5T/HA-016,BREWSTER,TX
W5T/HA-017,BREWSTER,TX
W5T/HA-018,BREWSTER,TX
W5T/HA-019,BREWSTER,TX
W5T/HA-020,BREWSTER,TX
W5T/NT-001,REEVES,TX
W5T/NT-002,REEVES,TX
W5T/NT-003,REEVES,TX
W5T/NT-004,REEVES,TX
W5T/NT-005,REEVES,TX
W5T/NT-006,REEVES,TX
W5T/NT-007,ARMSTRONG,TX
W5T/NT-008,UPTON,TX
W5T/NT-009,CROCKETT,TX
W5T/NT-010,UPTON,TX
W5T/NT-011,KENT,TX
W5T/NT-013,KENT,TX
W5T/NT-014,STONEWALL,TX
W5T/NT-015,STONEWALL,TX
W5T/NT-016,COKE,TX
W5T/NT-017,COKE,TX
W5T/NT-018,COKE,TX
W5T/NT-019,TAYLOR,TX
W5T/NT-020,TAYLOR,TX
W5T/NT-021,RUNNELS,TX
W5T/NT-022,RUNNELS,TX
W5T/NT-023,COKE,TX
W5T/NT-024,CALLAHAN,TX
W5T/NT-025,VAL VERDE,TX
W5T/NT-026,LLANO,TX
W5T/NT-027,LLANO,TX
W5T/NT-028,LLANO,TX
W5T/NT-029,LLANO,TX
W5T/NT-030,LLANO,TX
W5T/NT-031,LLANO,TX
W5T/NT-032,LLANO,TX
W5T/NT-033,BLANCO,TX
W5T/NT-034,YOUNG,TX
W5T/NT-035,PALO PINTO,TX
W5T/NT-036,LLANO,TX
W5T/NT-037,PALO PINTO,TX
W5T/NT-038,PALO PINTO,TX
W5T/NT-039,NEWTON,TX
W5T/PB-001,BREWSTER,TX
W5T/PB-002,BREWSTER,TX
W5T/PB-003,BREWSTER,TX
W5T/PB-004,BREWSTER,TX
W5T/PB-005,BREWSTER,TX
W5T/PB-006,BREWSTER,TX
W5T/PB-007,BREWSTER,TX
W5T/PB-008,BREWSTER,TX
W5T/PB-009,BREWSTER,TX
W5T/PB-010,BREWSTER,TX
W5T/PB-011,BREWSTER,TX
W5T/PB-012,BREWSTER,TX
W5T/PB-013,BREWSTER,TX
W5T/PB-014,BREWSTER,TX
W5T/PB-015,BREWSTER,TX
W5T/PB-016,BREWSTER,TX
W5T/PB-017,BREWSTER,TX
W5T/PB-018,BREWSTER,TX
W5T/PB-019,BREWSTER,TX
W5T/PB-020,BREWSTER,TX
W5T/PB-021,BREWSTER,TX
W5T/PU-001,JEFF DAVIS,TX
W5T/PU-002,PRESIDIO,TX
W5T/PU-003,JEFF DAVIS,TX
W5T/PU-004,JEFF DAVIS,TX
W5T/PU-005,PRESIDIO,TX
W5T/PU-006,JEFF DAVIS,TX
W5T/PU-007,JEFF DAVIS,TX
W5T/PU-008,BREWSTER,TX
W5T/PU-009,JEFF DAVIS,TX
W5T/PU-010,JEFF DAVIS,TX
W5T/PU-011,JEFF DAVIS,TX
W5T/PU-012,JEFF DAVIS,TX
W5T/PU-013,JEFF DAVIS,TX
W5T/PU-014,JEFF DAVIS,TX
W5T/PU-015,JEFF DAVIS,TX
W5T/PU-016,JEFF DAVIS,TX
W5T/PU-017,BREWSTER,TX
W5T/PU-018,BREWSTER,TX
W5T/QU-001,HUDSPETH,TX
W5T/QU-002,HUDSPETH,TX
W5T/QU-003,HUDSPETH,TX
W5T/QU-004,HUDSPETH,TX
W5T/QU-005,HUDSPETH,TX
W5T/QU-006,HUDSPETH,TX
W5T/QU-007,HUDSPETH,TX
W5T/QU-008,HUDSPETH,TX
W5T/QU-009,HUDSPETH,TX
W5T/QU-010,HUDSPETH,TX
W5T/QU-011,HUDSPETH,TX
W5T/QU-012,HUDSPETH,TX
W5T/QU-013,HUDSPETH,TX
W5T/QU-014,HUDSPETH,TX
W5T/QU-015,HUDSPETH,TX
W5T/QU-016,HUDSPETH,TX
W5T/QU-017,HUDSPETH,TX
W5T/QU-018,HUDSPETH,TX
W5T/QU-019,HUDSPETH,TX
W5T/QU-020,HUDSPETH,TX
W5T/SN-001,BREWSTER,TX
W5T/SN-002,BREWSTER,TX
W5T/SN-003,BREWSTER,TX
W5T/SN-004,BREWSTER,TX
W5T/SN-005,BREWSTER,TX
W5T/SN-006,BREWSTER,TX
W5T/SN-007,BREWSTER,TX
W5T/SN-008,BREWSTER,TX
W5T/SN-009,BREWSTER,TX
W5T/SN-010,BREWSTER,TX
W5T/SN-011,BREWSTER,TX
W5T/SN-012,BREWSTER,TX
W5T/SN-013,BREWSTER,TX
W5T/SD-001,CULBERSON,TX
W5T/SD-003,CULBERSON,TX
W5T/SD-004,CULBERSON,TX
W5T/SD-005,HUDSPETH,TX
W5T/SD-006,HUDSPETH,TX
W5T/SD-007,HUDSPETH,TX
W5T/SD-008,CULBERSON,TX
W5T/SD-009,HUDSPETH,TX
W5T/SD-010,CULBERSON,TX
W5T/SD-011,CULBERSON,TX
W5T/SD-012,CULBERSON,TX
W5T/SD-013,HUDSPETH,TX
W5T/SD-014,HUDSPETH,TX
W5T/SD-015,CULBERSON,TX
W5T/SD-016,HUDSPETH,TX
W5T/SD-017,CULBERSON,TX
W5T/SD-018,CULBERSON,TX
W5T/SD-019,HUDSPETH,TX
W5T/SD-020,CULBERSON,TX
W5T/SD-021,CULBERSON,TX
W5T/SV-001,PRESIDIO,TX
W5T/SV-002,PRESIDIO,TX
W5T/SV-003,PRESIDIO,TX
W5T/SV-004,PRESIDIO,TX
W5T/SV-005,PRESIDIO,TX
W5T/SV-006,PRESIDIO,TX
W5T/SV-007,PRESIDIO,TX
W5T/SV-008,PRESIDIO,TX
W5T/SV-009,PRESIDIO,TX
W5T/SV-010,PRESIDIO,TX
W5T/SV-011,PRESIDIO,TX
W5T/SV-012,PRESIDIO,TX
W5T/SV-013,PRESIDIO,TX
W5T/SV-014,PRESIDIO,TX
W5T/SV-015,PRESIDIO,TX
W5T/SV-016,PRESIDIO,TX
W5T/SV-017,PRESIDIO,TX
W5T/SV-018,PRESIDIO,TX
W5T/SV-019,PRESIDIO,TX
W5T/SV-020,PRESIDIO,TX
W5T/SV-021,PRESIDIO,TX
W5T/ST-001,UVALDE,TX
W5T/ST-002,UVALDE,TX
W5T/ST-003,REAL,TX
W5T/ST-004,BANDERA,TX
W5T/ST-005,UVALDE,TX
W5T/ST-006,REAL,TX
W5T/ST-007,REAL,TX
W5T/ST-008,REAL,TX
W5T/ST-009,UVALDE,TX
W5T/ST-010,EDWARDS,TX
W5T/ST-011,BANDERA,TX
W5T/ST-012,BANDERA,TX
W5T/ST-013,MEDINA,TX
W5T/ST-014,UVALDE,TX
W5T/ST-015,MEDINA,TX
W5T/ST-016,EDWARDS,TX
W5T/ST-017,UVALDE,TX
W5T/ST-018,UVALDE,TX
W5T/ST-019,MEDINA,TX
W5T/ST-020,BANDERA,TX
W5T/ST-021,BANDERA,TX
W5T/ST-022,MEDINA,TX
W5T/ST-023,UVALDE,TX
W5T/ST-024,MEDINA,TX
W5T/ST-025,UVALDE,TX
W5T/ST-026,BANDERA,TX
W5T/ST-027,BANDERA,TX
W5T/ST-028,EDWARDS,TX
W5T/ST-029,EDWARDS,TX
W5T/ST-030,BANDERA,TX
W5T/ST-031,UVALDE,TX
W5T/ST-032,MEDINA,TX
W5T/ST-033,MEDINA,TX
W5T/ST-034,KINNEY,TX
W5T/ST-035,UVALDE,TX
W5T/ST-036,UVALDE,TX
W5T/ST-037,UVALDE,TX
W5T/ST-038,KINNEY,TX
W5T/ST-039,UVALDE,TX
W5T/ST-040,UVALDE,TX
W5T/ST-041,UVALDE,TX
W5T/ST-042,KINNEY,TX
W5T/ST-043,WEBB,TX
W5T/SB-001,BREWSTER,TX
W5T/SB-002,BREWSTER,TX
W5T/SB-003,BREWSTER,TX
W5T/SB-004,BREWSTER,TX
W5T/SB-005,BREWSTER,TX
W5T/SB-006,BREWSTER,TX
W5T/SB-007,BREWSTER,TX
W5T/SB-008,BREWSTER,TX
W5T/SB-009,BREWSTER,TX
W5T/SB-010,BREWSTER,TX
W5T/SB-011,BREWSTER,TX
W5T/SB-012,BREWSTER,TX
W5T/SB-013,BREWSTER,TX
W5T/SB-014,BREWSTER,TX
W5T/SB-015,BREWSTER,TX
W5T/SB-016,BREWSTER,TX
W5T/SB-017,BREWSTER,TX
W5T/SB-018,BREWSTER,TX
W5T/SB-019,BREWSTER,TX
W5T/VH-001,CULBERSON,TX
W5T/VH-002,JEFF DAVIS,TX
W5T/VH-003,CULBERSON,TX
W5T/VH-004,CULBERSON,TX
W5T/VH-005,HUDSPETH,TX
W5T/VH-006,HUDSPETH,TX
W5T/VH-007,CULBERSON,TX
W5T/VH-008,CULBERSON,TX
W5T/VH-009,HUDSPETH,TX
W5T/VH-010,CULBERSON,TX
W5T/VH-011,JEFF DAVIS,TX
W5T/VH-012,JEFF DAVIS,TX
W5T/VH-013,CULBERSON,TX
W5T/VH-014,JEFF DAVIS,TX
W5T/VH-016,HUDSPETH,TX
W6/CN-017,PLUMAS,CA
W6/CC-003,VENTURA,CA
W6/CC-005,VENTURA,CA
W6/CC-006,GLENN,CA
W6/CC-007,SISKIYOU,CA
W6/CC-008,VENTURA,CA
W6/CC-009,TRINITY,CA
W6/CC-010,MENDOCINO,CA
W6/CC-012,SANTA BARBARA,CA
W6/CC-013,TEHAMA,CA
W6/CC-014,SAN DIEGO,CA
W6/CC-015,TRINITY,CA
W6/CC-016,LAKE,CA
W6/CC-018,SANTA BARBARA,CA
W6/CC-019,TEHAMA,CA
W6/CC-020,MONTEREY,CA
W6/CC-021,SAN BENITO,CA
W6/CC-022,SAN BENITO,CA
W6/CC-023,MONTEREY,CA
W6/CC-024,SISKIYOU,CA
W6/CC-025,SAN DIEGO,CA
W6/CC-026,SAN DIEGO,CA
W6/CC-027,SISKIYOU,CA
W6/CC-028,SANTA BARBARA,CA
W6/CC-029,SAN BENITO,CA
W6/CC-030,VENTURA,CA
W6/CC-031,MENDOCINO,CA
W6/CC-032,MONTEREY,CA
W6/CC-033,SHASTA,CA
W6/CC-034,TRINITY,CA
W6/CC-035,LAKE,CA
W6/CC-036,SANTA BARBARA,CA
W6/CC-037,MONTEREY,CA
W6/CC-038,MENDOCINO,CA
W6/CC-039,SAN DIEGO,CA
W6/CC-040,TRINITY,CA
W6/CC-041,HUMBOLDT,CA
W6/CC-042,FRESNO,CA
W6/CC-043,HUMBOLDT,CA
W6/CC-044,SAN DIEGO,CA
W6/CC-045,CONTRA COSTA,CA
W6/CC-046,SANTA CLARA,CA
W6/CC-047,LAKE,CA
W6/CC-048,SHASTA,CA
W6/CC-050,HUMBOLDT,CA
W6/CC-051,CONTRA COSTA,CA
W6/CC-052,SANTA CLARA,CA
W6/CC-054,HUMBOLDT,CA
W6/CC-056,VENTURA,CA
W6/CC-057,LOS ANGELES,CA
W6/CC-058,HUMBOLDT,CA
W6/CC-059,SANTA CLARA,CA
W6/CC-060,SONOMA,CA
W6/CC-061,MONTEREY,CA
W6/CC-062,SANTA CRUZ,CA
W6/CC-063,MARIN,CA
W6/CC-064,SAN DIEGO,CA
W6/CC-065,VENTURA,CA
W6/CC-066,LOS ANGELES,CA
W6/CC-067,CONTRA COSTA,CA
W6/CC-068,LOS ANGELES,CA
W6/CC-069,SAN DIEGO,CA
W6/CC-070,MARIN,CA
W6/CC-071,MARIN,CA
W6/CC-072,SAN MATEO,CA
W6/CC-073,GLENN,CA
W6/CC-074,HUMBOLDT,CA
W6/CC-075,MARIN,CA
W6/CC-076,MONTEREY,CA
W6/CD-001,MONO,CA
W6/CD-002,INYO,CA
W6/CD-003,INYO,CA
W6/CD-004,INYO,CA
W6/CD-005,INYO,CA
W6/CD-006,SAN BERNARDINO,CA
W6/CD-007,INYO,CA
W6/CD-008,SAN BERNARDINO,CA
W6/CD-009,INYO,CA
W6/CD-010,SAN DIEGO,CA
W6/CD-011,SAN DIEGO,CA
W6/CD-012,RIVERSIDE,CA
W6/CD-013,SAN BERNARDINO,CA
W6/CD-014,INYO,CA
W6/CD-015,SAN BERNARDINO,CA
W6/CD-016,RIVERSIDE,CA
W6/CD-017,SAN BERNARDINO,CA
W6/CD-018,SAN DIEGO,CA
W6/CD-020,IMPERIAL,CA
W6/CD-021,IMPERIAL,CA
W6/CN-001,SISKIYOU,CA
W6/CN-002,SHASTA,CA
W6/CN-004,SHASTA,CA
W6/CN-005,PLUMAS,CA
W6/CN-006,PLUMAS,CA
W6/CN-007,PLUMAS,CA
W6/CN-008,LASSEN,CA
W6/CN-009,SHASTA,CA
W6/CN-010,LASSEN,CA
W6/CN-011,PLUMAS,CA
W6/CN-012,PLUMAS,CA
W6/CN-013,LASSEN,CA
W6/CN-014,PLUMAS,CA
W6/CN-015,SISKIYOU,CA
W6/CN-016,LASSEN,CA
W6/CN-018,SHASTA,CA
W6/CN-019,PLUMAS,CA
W6/CN-020,SISKIYOU,CA
W6/CN-021,SHASTA,CA
W6/CN-022,SHASTA,CA
W6/CN-023,SHASTA,CA
W6/CN-024,BUTTE,CA
W6/CN-025,BUTTE,CA
W6/CN-026,SHASTA,CA
W6/CN-027,SHASTA,CA
W6/CN-028,SHASTA,CA
W6/CT-001,SAN BERNARDINO,CA
W6/CT-002,RIVERSIDE,CA
W6/CT-004,LOS ANGELES,CA
W6/CT-005,LOS ANGELES,CA
W6/CT-006,SAN BERNARDINO,CA
W6/CT-007,RIVERSIDE,CA
W6/CT-008,RIVERSIDE,CA
W6/CT-009,SAN BERNARDINO,CA
W6/CT-010,LOS ANGELES,CA
W6/CT-011,LOS ANGELES,CA
W6/CT-012,LOS ANGELES,CA
W6/CT-013,SAN BERNARDINO,CA
W6/CT-014,LOS ANGELES,CA
W6/CT-015,LOS ANGELES,CA
W6/CT-016,RIVERSIDE,CA
W6/CT-017,LOS ANGELES,CA
W6/CT-018,LOS ANGELES,CA
W6/CT-019,LOS ANGELES,CA
W6/CT-020,SAN DIEGO,CA
W6/CT-021,LOS ANGELES,CA
W6/CT-022,LOS ANGELES,CA
W6/CT-024,LOS ANGELES,CA
W6/CT-025,LOS ANGELES,CA
W6/CT-026,ORANGE,CA
W6/CT-027,LOS ANGELES,CA
W6/CT-028,LOS ANGELES,CA
W6/CT-029,LOS ANGELES,CA
W6/CT-030,LOS ANGELES,CA
W6/CT-031,ORANGE,CA
W6/CT-032,LOS ANGELES,CA
W6/CT-033,SAN BERNARDINO,CA
W6/CT-034,LOS ANGELES,CA
W6/CT-035,LOS ANGELES,CA
W6/CT-036,VENTURA,CA
W6/CT-037,LOS ANGELES,CA
W6/CT-038,SAN BERNARDINO,CA
W6/CT-039,SAN BERNARDINO,CA
W6/CT-041,SAN BERNARDINO,CA
W6/CT-042,SAN BERNARDINO,CA
W6/CT-043,SAN BERNARDINO,CA
W6/CT-044,SAN BERNARDINO,CA
W6/CT-045,SAN BERNARDINO,CA
W6/CT-046,SAN BERNARDINO,CA
W6/CT-047,SAN BERNARDINO,CA
W6/CT-048,SAN BERNARDINO,CA
W6/CT-049,SAN BERNARDINO,CA
W6/CT-050,SAN BERNARDINO,CA
W6/CT-051,SAN BERNARDINO,CA
W6/CT-052,SAN BERNARDINO,CA
W6/CT-053,SAN BERNARDINO,CA
W6/CT-054,SAN BERNARDINO,CA
W6/CT-055,SAN BERNARDINO,CA
W6/CT-056,LOS ANGELES,CA
W6/CT-057,KERN,CA
W6/CT-058,LOS ANGELES,CA
W6/CT-059,KERN,CA
W6/CT-060,SAN BERNARDINO,CA
W6/CT-061,SAN BERNARDINO,CA
W6/CT-062,KERN,CA
W6/CT-063,KERN,CA
W6/CT-064,LOS ANGELES,CA
W6/CT-065,SAN BERNARDINO,CA
W6/CT-066,SAN BERNARDINO,CA
W6/CT-067,LOS ANGELES,CA
W6/CT-068,RIVERSIDE,CA
W6/CT-069,RIVERSIDE,CA
W6/CT-070,KERN,CA
W6/CT-071,SAN BERNARDINO,CA
W6/CT-072,KERN,CA
W6/CT-073,SAN BERNARDINO,CA
W6/CT-074,SAN BERNARDINO,CA
W6/CT-075,RIVERSIDE,CA
W6/CT-076,SAN BERNARDINO,CA
W6/CT-077,RIVERSIDE,CA
W6/CT-078,RIVERSIDE,CA
W6/CT-079,RIVERSIDE,CA
W6/CT-080,SAN BERNARDINO,CA
W6/CT-081,KERN,CA
W6/CT-082,LOS ANGELES,CA
W6/CT-083,LOS ANGELES,CA
W6/CT-084,SAN BERNARDINO,CA
W6/CT-085,SAN BERNARDINO,CA
W6/CT-086,SAN BERNARDINO,CA
W6/CT-087,LOS ANGELES,CA
W6/CT-088,SAN BERNARDINO,CA
W6/CT-089,LOS ANGELES,CA
W6/CT-090,SAN BERNARDINO,CA
W6/CT-091,LOS ANGELES,CA
W6/CT-092,SAN BERNARDINO,CA
W6/CT-093,LOS ANGELES,CA
W6/CT-094,RIVERSIDE,CA
W6/CT-095,LOS ANGELES,CA
W6/CT-096,SAN DIEGO,CA
W6/CT-097,SAN BERNARDINO,CA
W6/CT-098,LOS ANGELES,CA
W6/CT-099,SAN BERNARDINO,CA
W6/CT-100,RIVERSIDE,CA
W6/CT-101,KERN,CA
W6/CT-102,SAN DIEGO,CA
W6/CT-103,RIVERSIDE,CA
W6/CT-104,RIVERSIDE,CA
W6/CT-105,RIVERSIDE,CA
W6/CT-106,SAN BERNARDINO,CA
W6/CT-107,SAN BERNARDINO,CA
W6/CT-108,KERN,CA
W6/CT-109,SAN BERNARDINO,CA
W6/CT-110,KERN,CA
W6/CT-111,SAN DIEGO,CA
W6/CT-112,SAN BERNARDINO,CA
W6/CT-113,KERN,CA
W6/CT-114,KERN,CA
W6/CT-115,RIVERSIDE,CA
W6/CT-116,LOS ANGELES,CA
W6/CT-117,LOS ANGELES,CA
W6/CT-118,LOS ANGELES,CA
W6/CT-119,RIVERSIDE,CA
W6/CT-120,LOS ANGELES,CA
W6/CT-121,LOS ANGELES,CA
W6/CT-122,LOS ANGELES,CA
W6/CT-123,KERN,CA
W6/CT-124,SAN DIEGO,CA
W6/CT-125,SAN BERNARDINO,CA
W6/CT-126,LOS ANGELES,CA
W6/CT-127,LOS ANGELES,CA
W6/CT-128,SAN BERNARDINO,CA
W6/CT-129,KERN,CA
W6/CT-130,LOS ANGELES,CA
W6/CT-131,SAN BERNARDINO,CA
W6/CT-132,LOS ANGELES,CA
W6/CT-133,RIVERSIDE,CA
W6/CT-134,SAN BERNARDINO,CA
W6/CT-135,SAN DIEGO,CA
W6/CT-136,LOS ANGELES,CA
W6/CT-137,RIVERSIDE,CA
W6/CT-138,ORANGE,CA
W6/CT-139,LOS ANGELES,CA
W6/CT-140,LOS ANGELES,CA
W6/CT-141,SAN DIEGO,CA
W6/CT-142,RIVERSIDE,CA
W6/CT-143,RIVERSIDE,CA
W6/CT-144,LOS ANGELES,CA
W6/CT-145,LOS ANGELES,CA
W6/CT-146,LOS ANGELES,CA
W6/CT-147,SAN BERNARDINO,CA
W6/CT-148,RIVERSIDE,CA
W6/CT-149,SAN DIEGO,CA
W6/CT-150,LOS ANGELES,CA
W6/CT-151,SAN BERNARDINO,CA
W6/CT-152,SAN DIEGO,CA
W6/CT-153,LOS ANGELES,CA
W6/CT-154,RIVERSIDE,CA
W6/CT-155,RIVERSIDE,CA
W6/CT-156,LOS ANGELES,CA
W6/CT-157,SAN DIEGO,CA
W6/CT-158,LOS ANGELES,CA
W6/CT-159,LOS ANGELES,CA
W6/CT-161,LOS ANGELES,CA
W6/CT-162,LOS ANGELES,CA
W6/CT-163,LOS ANGELES,CA
W6/CT-164,SAN DIEGO,CA
W6/CT-165,LOS ANGELES,CA
W6/CT-166,SAN BERNARDINO,CA
W6/CT-167,LOS ANGELES,CA
W6/CT-168,LOS ANGELES,CA
W6/CT-169,LOS ANGELES,CA
W6/CT-170,LOS ANGELES,CA
W6/CT-171,RIVERSIDE,CA
W6/CT-172,RIVERSIDE,CA
W6/CT-173,SAN DIEGO,CA
W6/CT-174,SAN DIEGO,CA
W6/CT-175,SAN DIEGO,CA
W6/CT-176,LOS ANGELES,CA
W6/CT-177,RIVERSIDE,CA
W6/CT-178,LOS ANGELES,CA
W6/CT-179,RIVERSIDE,CA
W6/CT-180,RIVERSIDE,CA
W6/CT-181,RIVERSIDE,CA
W6/CT-182,VENTURA,CA
W6/CT-183,RIVERSIDE,CA
W6/CT-185,RIVERSIDE,CA
W6/CT-186,RIVERSIDE,CA
W6/CT-187,RIVERSIDE,CA
W6/CT-188,RIVERSIDE,CA
W6/CT-189,RIVERSIDE,CA
W6/CT-190,RIVERSIDE,CA
W6/CT-191,RIVERSIDE,CA
W6/CT-192,KERN,CA
W6/CT-193,RIVERSIDE,CA
W6/CT-194,RIVERSIDE,CA
W6/CT-195,RIVERSIDE,CA
W6/CT-196,RIVERSIDE,CA
W6/CT-197,RIVERSIDE,CA
W6/CT-198,RIVERSIDE,CA
W6/CT-199,RIVERSIDE,CA
W6/CT-200,RIVERSIDE,CA
W6/CT-201,RIVERSIDE,CA
W6/CT-202,RIVERSIDE,CA
W6/CT-203,RIVERSIDE,CA
W6/CT-204,SAN DIEGO,CA
W6/CT-205,SAN BERNARDINO,CA
W6/CT-206,RIVERSIDE,CA
W6/CT-207,VENTURA,CA
W6/CT-208,RIVERSIDE,CA
W6/CT-209,RIVERSIDE,CA
W6/CT-210,RIVERSIDE,CA
W6/CT-211,RIVERSIDE,CA
W6/CT-213,RIVERSIDE,CA
W6/CT-214,LOS ANGELES,CA
W6/CT-215,SAN DIEGO,CA
W6/CT-216,RIVERSIDE,CA
W6/CT-217,SAN DIEGO,CA
W6/CT-218,LOS ANGELES,CA
W6/CT-219,SAN DIEGO,CA
W6/CT-220,RIVERSIDE,CA
W6/CT-221,RIVERSIDE,CA
W6/CT-222,RIVERSIDE,CA
W6/CT-223,SAN BERNARDINO,CA
W6/CT-224,RIVERSIDE,CA
W6/CT-225,LOS ANGELES,CA
W6/CT-226,LOS ANGELES,CA
W6/CT-227,SAN DIEGO,CA
W6/CT-228,VENTURA,CA
W6/CT-229,SAN DIEGO,CA
W6/CT-230,ORANGE,CA
W6/CT-232,RIVERSIDE,CA
W6/CT-233,SAN DIEGO,CA
W6/CT-234,RIVERSIDE,CA
W6/CT-235,SAN DIEGO,CA
W6/CT-236,RIVERSIDE,CA
W6/CT-237,SAN DIEGO,CA
W6/CT-238,SAN DIEGO,CA
W6/CT-239,SAN BERNARDINO,CA
W6/CT-240,LOS ANGELES,CA
W6/CT-241,RIVERSIDE,CA
W6/CT-242,LOS ANGELES,CA
W6/CT-243,RIVERSIDE,CA
W6/CT-244,LOS ANGELES,CA
W6/CT-245,SAN BERNARDINO,CA
W6/CT-246,LOS ANGELES,CA
W6/CT-247,LOS ANGELES,CA
W6/CT-248,RIVERSIDE,CA
W6/CT-249,RIVERSIDE,CA
W6/CT-250,KERN,CA
W6/CT-251,KERN,CA
W6/CT-252,KERN,CA
W6/CT-253,RIVERSIDE,CA
W6/CT-254,LOS ANGELES,CA
W6/CT-255,LOS ANGELES,CA
W6/CT-256,RIVERSIDE,CA
W6/CT-257,RIVERSIDE,CA
W6/CT-258,KERN,CA
W6/CT-259,LOS ANGELES,CA
W6/CT-260,LOS ANGELES,CA
W6/CT-261,RIVERSIDE,CA
W6/CT-262,LOS ANGELES,CA
W6/CT-263,LOS ANGELES,CA
W6/CT-264,RIVERSIDE,CA
W6/CT-265,LOS ANGELES,CA
W6/CT-266,LOS ANGELES,CA
W6/CT-267,RIVERSIDE,CA
W6/CT-268,RIVERSIDE,CA
W6/CT-269,LOS ANGELES,CA
W6/CT-270,KERN,CA
W6/CT-271,LOS ANGELES,CA
W6/CT-272,LOS ANGELES,CA
W6/CT-273,LOS ANGELES,CA
W6/CT-274,LOS ANGELES,CA
W6/CT-275,RIVERSIDE,CA
W6/CT-276,RIVERSIDE,CA
W6/CT-277,RIVERSIDE,CA
W6/CT-278,LOS ANGELES,CA
W6/CT-279,RIVERSIDE,CA
W6/CT-280,RIVERSIDE,CA
W6/CT-281,LOS ANGELES,CA
W6/CV-001,SUTTER,CA
W6/CV-002,FRESNO,CA
W6/CV-003,TULARE,CA
W6/CV-004,SUTTER,CA
W6/CV-005,TULARE,CA
W6/CV-006,FRESNO,CA
W6/CV-007,SUTTER,CA
W6/CV-008,SUTTER,CA
W6/CV-009,TULARE,CA
W6/CV-010,TULARE,CA
W6/CV-011,SUTTER,CA
W6/CV-012,TULARE,CA
W6/CV-013,TULARE,CA
W6/CV-014,KINGS,CA
W6/CV-015,SOLANO,CA
W6/CV-016,FRESNO,CA
W6/CV-017,SOLANO,CA
W6/IN-001,INYO,CA
W6/IN-002,INYO,CA
W6/IN-003,INYO,CA
W6/IN-004,INYO,CA
W6/IN-005,INYO,CA
W6/IN-006,INYO,CA
W6/IN-007,INYO,CA
W6/IN-008,INYO,CA
W6/IN-009,INYO,CA
W6/IN-010,INYO,CA
W6/IN-011,INYO,CA
W6/IN-012,INYO,CA
W6/IN-013,INYO,CA
W6/IN-014,INYO,CA
W6/IN-015,INYO,CA
W6/IN-016,INYO,CA
W6/IN-017,INYO,CA
W6/IN-018,INYO,CA
W6/IN-019,INYO,CA
W6/IN-020,INYO,CA
W6/IN-021,INYO,CA
W6/IN-022,INYO,CA
W6/IN-023,INYO,CA
W6/IN-024,INYO,CA
W6/IN-025,INYO,CA
W6/IN-026,INYO,CA
W6/IN-027,INYO,CA
W6/IN-028,INYO,CA
W6/IN-029,INYO,CA
W6/IN-030,INYO,CA
W6/IN-031,INYO,CA
W6/IN-032,INYO,CA
W6/IN-033,INYO,CA
W6/IN-034,INYO,CA
W6/IN-035,INYO,CA
W6/IN-036,INYO,CA
W6/IN-037,INYO,CA
W6/IN-038,INYO,CA
W6/IN-039,INYO,CA
W6/IN-040,INYO,CA
W6/IN-041,INYO,CA
W6/IN-042,INYO,CA
W6/IN-043,INYO,CA
W6/IN-044,INYO,CA
W6/IN-045,INYO,CA
W6/IN-046,INYO,CA
W6/IN-047,INYO,CA
W6/IN-048,INYO,CA
W6/IN-049,INYO,CA
W6/IN-050,INYO,CA
W6/IN-052,INYO,CA
W6/IN-053,INYO,CA
W6/IN-054,INYO,CA
W6/IN-055,INYO,CA
W6/NC-002,TEHAMA,CA
W6/NC-003,GLENN,CA
W6/NC-004,GLENN,CA
W6/NC-005,MENDOCINO,CA
W6/NC-006,TEHAMA,CA
W6/NC-008,MENDOCINO,CA
W6/NC-009,LAKE,CA
W6/NC-011,TEHAMA,CA
W6/NC-012,GLENN,CA
W6/NC-013,MENDOCINO,CA
W6/NC-014,LAKE,CA
W6/NC-016,MENDOCINO,CA
W6/NC-017,TEHAMA,CA
W6/NC-018,MENDOCINO,CA
W6/NC-019,LAKE,CA
W6/NC-020,TEHAMA,CA
W6/NC-021,LAKE,CA
W6/NC-022,LAKE,CA
W6/NC-023,LAKE,CA
W6/NC-024,MENDOCINO,CA
W6/NC-025,LAKE,CA
W6/NC-026,MENDOCINO,CA
W6/NC-027,MENDOCINO,CA
W6/NC-028,LAKE,CA
W6/NC-029,SANTA CLARA,CA
W6/NC-030,SONOMA,CA
W6/NC-031,MENDOCINO,CA
W6/NC-032,MENDOCINO,CA
W6/NC-033,MENDOCINO,CA
W6/NC-034,LAKE,CA
W6/NC-035,SANTA CLARA,CA
W6/NC-036,HUMBOLDT,CA
W6/NC-037,LAKE,CA
W6/NC-038,TRINITY,CA
W6/NC-039,SHASTA,CA
W6/NC-040,MENDOCINO,CA
W6/NC-042,LAKE,CA
W6/NC-043,LAKE,CA
W6/NC-044,MENDOCINO,CA
W6/NC-045,TRINITY,CA
W6/NC-046,LAKE,CA
W6/NC-047,MENDOCINO,CA
W6/NC-048,LAKE,CA
W6/NC-049,SANTA CLARA,CA
W6/NC-050,MENDOCINO,CA
W6/NC-051,LAKE,CA
W6/NC-052,SHASTA,CA
W6/NC-053,LAKE,CA
W6/NC-054,ALAMEDA,CA
W6/NC-055,MENDOCINO,CA
W6/NC-056,MENDOCINO,CA
W6/NC-057,STANISLAUS,CA
W6/NC-058,MENDOCINO,CA
W6/NC-059,MENDOCINO,CA
W6/NC-060,LAKE,CA
W6/NC-061,HUMBOLDT,CA
W6/NC-062,LAKE,CA
W6/NC-064,LAKE,CA
W6/NC-065,ALAMEDA,CA
W6/NC-066,SANTA CLARA,CA
W6/NC-068,HUMBOLDT,CA
W6/NC-069,GLENN,CA
W6/NC-070,HUMBOLDT,CA
W6/NC-072,HUMBOLDT,CA
W6/NC-074,HUMBOLDT,CA
W6/NC-076,MENDOCINO,CA
W6/NC-077,MENDOCINO,CA
W6/NC-078,HUMBOLDT,CA
W6/NC-079,HUMBOLDT,CA
W6/NC-080,SHASTA,CA
W6/NC-081,SANTA CLARA,CA
W6/NC-082,SONOMA,CA
W6/NC-083,TRINITY,CA
W6/NC-084,MENDOCINO,CA
W6/NC-085,HUMBOLDT,CA
W6/NC-086,HUMBOLDT,CA
W6/NC-087,HUMBOLDT,CA
W6/NC-088,STANISLAUS,CA
W6/NC-089,MENDOCINO,CA
W6/NC-090,SANTA CLARA,CA
W6/NC-091,MENDOCINO,CA
W6/NC-092,SANTA CLARA,CA
W6/NC-093,MENDOCINO,CA
W6/NC-094,MENDOCINO,CA
W6/NC-095,MENDOCINO,CA
W6/NC-096,HUMBOLDT,CA
W6/NC-097,MENDOCINO,CA
W6/NC-098,MENDOCINO,CA
W6/NC-099,GLENN,CA
W6/NC-100,MENDOCINO,CA
W6/NC-101,SANTA CLARA,CA
W6/NC-102,MENDOCINO,CA
W6/NC-103,LAKE,CA
W6/NC-104,HUMBOLDT,CA
W6/NC-105,HUMBOLDT,CA
W6/NC-106,HUMBOLDT,CA
W6/NC-107,HUMBOLDT,CA
W6/NC-108,MENDOCINO,CA
W6/NC-109,HUMBOLDT,CA
W6/NC-110,LAKE,CA
W6/NC-111,MENDOCINO,CA
W6/NC-112,SANTA CLARA,CA
W6/NC-113,SONOMA,CA
W6/NC-114,HUMBOLDT,CA
W6/NC-115,HUMBOLDT,CA
W6/NC-116,HUMBOLDT,CA
W6/NC-117,HUMBOLDT,CA
W6/NC-119,SANTA CLARA,CA
W6/NC-120,YOLO,CA
W6/NC-121,MENDOCINO,CA
W6/NC-122,LAKE,CA
W6/NC-123,NAPA,CA
W6/NC-124,ALAMEDA,CA
W6/NC-125,MENDOCINO,CA
W6/NC-126,MENDOCINO,CA
W6/NC-127,MENDOCINO,CA
W6/NC-128,MENDOCINO,CA
W6/NC-129,NAPA,CA
W6/NC-130,HUMBOLDT,CA
W6/NC-131,NAPA,CA
W6/NC-132,MENDOCINO,CA
W6/NC-133,MENDOCINO,CA
W6/NC-134,HUMBOLDT,CA
W6/NC-135,MENDOCINO,CA
W6/NC-136,NAPA,CA
W6/NC-137,HUMBOLDT,CA
W6/NC-138,MENDOCINO,CA
W6/NC-139,NAPA,CA
W6/NC-140,MENDOCINO,CA
W6/NC-141,HUMBOLDT,CA
W6/NC-142,HUMBOLDT,CA
W6/NC-143,HUMBOLDT,CA
W6/NC-144,MENDOCINO,CA
W6/NC-145,MENDOCINO,CA
W6/NC-146,MENDOCINO,CA
W6/NC-147,MENDOCINO,CA
W6/NC-148,MENDOCINO,CA
W6/NC-149,MENDOCINO,CA
W6/NC-150,SANTA CLARA,CA
W6/NC-152,MENDOCINO,CA
W6/NC-153,COLUSA,CA
W6/NC-154,YOLO,CA
W6/NC-156,HUMBOLDT,CA
W6/NC-157,MENDOCINO,CA
W6/NC-158,MENDOCINO,CA
W6/NC-159,LAKE,CA
W6/NC-160,MENDOCINO,CA
W6/NC-161,STANISLAUS,CA
W6/NC-162,MENDOCINO,CA
W6/NC-163,YOLO,CA
W6/NC-164,MENDOCINO,CA
W6/NC-165,SONOMA,CA
W6/NC-166,MENDOCINO,CA
W6/NC-167,HUMBOLDT,CA
W6/NC-168,MENDOCINO,CA
W6/NC-169,MENDOCINO,CA
W6/NC-170,MENDOCINO,CA
W6/NC-171,SONOMA,CA
W6/NC-173,LAKE,CA
W6/NC-174,SANTA CLARA,CA
W6/NC-175,SONOMA,CA
W6/NC-176,NAPA,CA
W6/NC-177,MENDOCINO,CA
W6/NC-178,SANTA CRUZ,CA
W6/NC-179,MENDOCINO,CA
W6/NC-180,ALAMEDA,CA
W6/NC-181,STANISLAUS,CA
W6/NC-182,SANTA CLARA,CA
W6/NC-183,HUMBOLDT,CA
W6/NC-184,MENDOCINO,CA
W6/NC-185,HUMBOLDT,CA
W6/NC-186,HUMBOLDT,CA
W6/NC-187,HUMBOLDT,CA
W6/NC-188,STANISLAUS,CA
W6/NC-189,MENDOCINO,CA
W6/NC-190,CONTRA COSTA,CA
W6/NC-191,SANTA CLARA,CA
W6/NC-192,MENDOCINO,CA
W6/NC-193,MENDOCINO,CA
W6/NC-194,MENDOCINO,CA
W6/NC-195,MENDOCINO,CA
W6/NC-196,STANISLAUS,CA
W6/NC-197,SANTA CLARA,CA
W6/NC-198,HUMBOLDT,CA
W6/NC-199,LAKE,CA
W6/NC-200,MENDOCINO,CA
W6/NC-201,YOLO,CA
W6/NC-202,SONOMA,CA
W6/NC-203,HUMBOLDT,CA
W6/NC-204,SONOMA,CA
W6/NC-205,COLUSA,CA
W6/NC-206,STANISLAUS,CA
W6/NC-207,TRINITY,CA
W6/NC-208,TEHAMA,CA
W6/NC-209,SAN MATEO,CA
W6/NC-210,MENDOCINO,CA
W6/NC-211,HUMBOLDT,CA
W6/NC-212,MERCED,CA
W6/NC-213,MENDOCINO,CA
W6/NC-214,LAKE,CA
W6/NC-215,HUMBOLDT,CA
W6/NC-216,MENDOCINO,CA
W6/NC-217,HUMBOLDT,CA
W6/NC-218,LAKE,CA
W6/NC-219,DEL NORTE,CA
W6/NC-220,NAPA,CA
W6/NC-222,SONOMA,CA
W6/NC-223,HUMBOLDT,CA
W6/NC-224,SONOMA,CA
W6/NC-225,LAKE,CA
W6/NC-226,SANTA CLARA,CA
W6/NC-227,MENDOCINO,CA
W6/NC-228,MENDOCINO,CA
W6/NC-229,MENDOCINO,CA
W6/NC-230,MENDOCINO,CA
W6/NC-231,SONOMA,CA
W6/NC-232,LAKE,CA
W6/NC-233,STANISLAUS,CA
W6/NC-234,COLUSA,CA
W6/NC-235,MENDOCINO,CA
W6/NC-236,NAPA,CA
W6/NC-237,SOLANO,CA
W6/NC-238,YOLO,CA
W6/NC-239,LAKE,CA
W6/NC-240,LAKE,CA
W6/NC-241,SANTA CRUZ,CA
W6/NC-242,SONOMA,CA
W6/NC-243,HUMBOLDT,CA
W6/NC-244,ALAMEDA,CA
W6/NC-245,NAPA,CA
W6/NC-246,SONOMA,CA
W6/NC-247,COLUSA,CA
W6/NC-248,LAKE,CA
W6/NC-249,ALAMEDA,CA
W6/NC-250,SONOMA,CA
W6/NC-251,COLUSA,CA
W6/NC-252,MENDOCINO,CA
W6/NC-253,NAPA,CA
W6/NC-254,NAPA,CA
W6/NC-255,NAPA,CA
W6/NC-256,MENDOCINO,CA
W6/NC-257,COLUSA,CA
W6/NC-258,MENDOCINO,CA
W6/NC-259,COLUSA,CA
W6/NC-260,STANISLAUS,CA
W6/NC-261,MENDOCINO,CA
W6/NC-262,TEHAMA,CA
W6/NC-263,SONOMA,CA
W6/NC-264,YOLO,CA
W6/NC-265,SANTA CLARA,CA
W6/NC-266,HUMBOLDT,CA
W6/NC-267,SONOMA,CA
W6/NC-268,CONTRA COSTA,CA
W6/NC-269,NAPA,CA
W6/NC-270,HUMBOLDT,CA
W6/NC-271,HUMBOLDT,CA
W6/NC-272,HUMBOLDT,CA
W6/NC-273,YOLO,CA
W6/NC-274,HUMBOLDT,CA
W6/NC-275,MENDOCINO,CA
W6/NC-276,TEHAMA,CA
W6/NC-277,SANTA CLARA,CA
W6/NC-278,SONOMA,CA
W6/NC-279,NAPA,CA
W6/NC-280,MENDOCINO,CA
W6/NC-281,HUMBOLDT,CA
W6/NC-282,SANTA CLARA,CA
W6/NC-283,LAKE,CA
W6/NC-284,NAPA,CA
W6/NC-285,HUMBOLDT,CA
W6/NC-286,SONOMA,CA
W6/NC-287,HUMBOLDT,CA
W6/NC-288,SAN MATEO,CA
W6/NC-289,YOLO,CA
W6/NC-290,MENDOCINO,CA
W6/NC-291,NAPA,CA
W6/NC-292,MENDOCINO,CA
W6/NC-293,HUMBOLDT,CA
W6/NC-294,COLUSA,CA
W6/NC-295,MENDOCINO,CA
W6/NC-296,HUMBOLDT,CA
W6/NC-297,COLUSA,CA
W6/NC-298,CONTRA COSTA,CA
W6/NC-299,MENDOCINO,CA
W6/NC-300,CONTRA COSTA,CA
W6/NC-301,MENDOCINO,CA
W6/NC-302,GLENN,CA
W6/NC-303,SONOMA,CA
W6/NC-304,MARIN,CA
W6/NC-305,SONOMA,CA
W6/NC-306,GLENN,CA
W6/NC-307,HUMBOLDT,CA
W6/NC-308,TEHAMA,CA
W6/NC-309,MENDOCINO,CA
W6/NC-310,HUMBOLDT,CA
W6/NC-311,MENDOCINO,CA
W6/NC-312,MENDOCINO,CA
W6/NC-313,MENDOCINO,CA
W6/NC-314,MENDOCINO,CA
W6/NC-315,SONOMA,CA
W6/NC-316,NAPA,CA
W6/NC-318,ALAMEDA,CA
W6/NC-319,NAPA,CA
W6/NC-320,MENDOCINO,CA
W6/NC-321,NAPA,CA
W6/NC-322,MENDOCINO,CA
W6/NC-323,CONTRA COSTA,CA
W6/NC-324,STANISLAUS,CA
W6/NC-325,MENDOCINO,CA
W6/NC-326,SANTA CLARA,CA
W6/NC-327,MENDOCINO,CA
W6/NC-328,MENDOCINO,CA
W6/NC-329,GLENN,CA
W6/NC-330,MENDOCINO,CA
W6/NC-331,MARIN,CA
W6/NC-332,SANTA CLARA,CA
W6/NC-333,SANTA CLARA,CA
W6/NC-334,COLUSA,CA
W6/NC-335,SANTA CRUZ,CA
W6/NC-336,TEHAMA,CA
W6/NC-337,LAKE,CA
W6/NC-338,ALAMEDA,CA
W6/NC-339,HUMBOLDT,CA
W6/NC-341,HUMBOLDT,CA
W6/NC-342,SONOMA,CA
W6/NC-343,NAPA,CA
W6/NC-344,MENDOCINO,CA
W6/NC-345,MENDOCINO,CA
W6/NC-346,SONOMA,CA
W6/NC-347,SONOMA,CA
W6/NC-348,LAKE,CA
W6/NC-349,TEHAMA,CA
W6/NC-350,MARIN,CA
W6/NC-351,SONOMA,CA
W6/NC-352,MENDOCINO,CA
W6/NC-353,MARIN,CA
W6/NC-354,MARIN,CA
W6/NC-355,SONOMA,CA
W6/NC-356,SANTA CLARA,CA
W6/NC-357,STANISLAUS,CA
W6/NC-358,STANISLAUS,CA
W6/NC-359,MENDOCINO,CA
W6/NC-360,COLUSA,CA
W6/NC-361,COLUSA,CA
W6/NC-362,MARIN,CA
W6/NC-363,SONOMA,CA
W6/NC-364,SOLANO,CA
W6/NC-365,SONOMA,CA
W6/NC-366,SANTA CLARA,CA
W6/NC-367,SANTA CLARA,CA
W6/NC-368,SONOMA,CA
W6/NC-369,NAPA,CA
W6/NC-370,GLENN,CA
W6/NC-371,CONTRA COSTA,CA
W6/NC-372,SONOMA,CA
W6/NC-373,SANTA CRUZ,CA
W6/NC-374,MARIN,CA
W6/NC-375,HUMBOLDT,CA
W6/NC-376,SANTA CLARA,CA
W6/NC-377,MENDOCINO,CA
W6/NC-378,MARIN,CA
W6/NC-379,SONOMA,CA
W6/NC-380,MARIN,CA
W6/NC-381,MENDOCINO,CA
W6/NC-382,MARIN,CA
W6/NC-383,ALAMEDA,CA
W6/NC-384,MERCED,CA
W6/NC-385,MARIN,CA
W6/NC-386,MARIN,CA
W6/NC-387,CONTRA COSTA,CA
W6/NC-388,NAPA,CA
W6/NC-389,MENDOCINO,CA
W6/NC-390,MENDOCINO,CA
W6/NC-391,HUMBOLDT,CA
W6/NC-392,MENDOCINO,CA
W6/NC-393,MARIN,CA
W6/NC-394,DEL NORTE,CA
W6/NC-395,MENDOCINO,CA
W6/NC-396,MENDOCINO,CA
W6/NC-397,SONOMA,CA
W6/NC-398,CONTRA COSTA,CA
W6/NC-399,SANTA CLARA,CA
W6/NC-400,MARIN,CA
W6/NC-401,MENDOCINO,CA
W6/NC-402,NAPA,CA
W6/NC-403,MARIN,CA
W6/NC-404,NAPA,CA
W6/NC-405,SANTA CLARA,CA
W6/NC-406,SOLANO,CA
W6/NC-407,MARIN,CA
W6/NC-408,SONOMA,CA
W6/NC-409,MENDOCINO,CA
W6/NC-410,MARIN,CA
W6/NC-411,MENDOCINO,CA
W6/NC-412,DEL NORTE,CA
W6/NC-413,SONOMA,CA
W6/NC-414,MENDOCINO,CA
W6/NC-415,DEL NORTE,CA
W6/NC-416,COLUSA,CA
W6/NC-417,CONTRA COSTA,CA
W6/NC-418,SONOMA,CA
W6/NC-419,SONOMA,CA
W6/NC-420,HUMBOLDT,CA
W6/NC-421,MENDOCINO,CA
W6/NC-423,SAN FRANCISCO,CA
W6/NC-424,MENDOCINO,CA
W6/NC-425,SONOMA,CA
W6/NC-426,MENDOCINO,CA
W6/NC-427,COLUSA,CA
W6/NC-428,DEL NORTE,CA
W6/NC-429,MARIN,CA
W6/NC-430,MARIN,CA
W6/NC-432,ALAMEDA,CA
W6/NC-433,MENDOCINO,CA
W6/NC-434,SONOMA,CA
W6/NC-436,SONOMA,CA
W6/NC-437,SONOMA,CA
W6/NC-438,TEHAMA,CA
W6/NC-439,DEL NORTE,CA
W6/NC-440,MENDOCINO,CA
W6/NC-441,GLENN,CA
W6/NC-444,DEL NORTE,CA
W6/NC-446,TEHAMA,CA
W6/NC-447,DEL NORTE,CA
W6/NC-448,DEL NORTE,CA
W6/NC-449,HUMBOLDT,CA
W6/NC-450,HUMBOLDT,CA
W6/NC-451,LAKE,CA
W6/NC-453,MENDOCINO,CA
W6/NC-454,LAKE,CA
W6/NC-455,HUMBOLDT,CA
W6/NC-456,LAKE,CA
W6/NC-457,HUMBOLDT,CA
W6/NC-458,DEL NORTE,CA
W6/NC-459,HUMBOLDT,CA
W6/NC-460,GLENN,CA
W6/NC-461,MENDOCINO,CA
W6/NC-463,DEL NORTE,CA
W6/NC-465,HUMBOLDT,CA
W6/NC-466,MERCED,CA
W6/NC-467,SANTA CLARA,CA
W6/NC-468,HUMBOLDT,CA
W6/NC-469,MENDOCINO,CA
W6/NC-470,HUMBOLDT,CA
W6/NC-471,MENDOCINO,CA
W6/NC-472,SAN JOAQUIN,CA
W6/NC-473,HUMBOLDT,CA
W6/NC-474,LAKE,CA
W6/NC-475,HUMBOLDT,CA
W6/NC-476,MENDOCINO,CA
W6/NC-477,SANTA CLARA,CA
W6/NC-478,MENDOCINO,CA
W6/NC-479,MENDOCINO,CA
W6/NC-480,HUMBOLDT,CA
W6/NC-481,DEL NORTE,CA
W6/NC-482,LAKE,CA
W6/NC-483,MENDOCINO,CA
W6/NC-484,DEL NORTE,CA
W6/NC-485,HUMBOLDT,CA
W6/NC-486,HUMBOLDT,CA
W6/NC-487,MENDOCINO,CA
W6/NC-488,MENDOCINO,CA
W6/NC-489,LAKE,CA
W6/NC-490,HUMBOLDT,CA
W6/NC-491,MENDOCINO,CA
W6/NC-492,NAPA,CA
W6/NC-493,LAKE,CA
W6/NC-494,HUMBOLDT,CA
W6/NC-495,SONOMA,CA
W6/NC-496,SANTA CLARA,CA
W6/NC-497,DEL NORTE,CA
W6/NC-498,MENDOCINO,CA
W6/NC-499,CONTRA COSTA,CA
W6/NC-500,MENDOCINO,CA
W6/NC-501,LAKE,CA
W6/NC-502,MENDOCINO,CA
W6/NC-503,MENDOCINO,CA
W6/NC-504,HUMBOLDT,CA
W6/NC-505,MENDOCINO,CA
W6/NC-506,TEHAMA,CA
W6/NC-507,NAPA,CA
W6/NC-508,MENDOCINO,CA
W6/NC-509,HUMBOLDT,CA
W6/NC-510,HUMBOLDT,CA
W6/NC-511,MENDOCINO,CA
W6/NC-512,MENDOCINO,CA
W6/NC-513,COLUSA,CA
W6/NC-514,TEHAMA,CA
W6/NC-515,MENDOCINO,CA
W6/NC-516,ALAMEDA,CA
W6/NC-517,SANTA CLARA,CA
W6/NC-518,MENDOCINO,CA
W6/NC-519,COLUSA,CA
W6/NC-520,HUMBOLDT,CA
W6/NC-521,SANTA CRUZ,CA
W6/NC-522,SONOMA,CA
W6/NC-523,COLUSA,CA
W6/NC-524,CONTRA COSTA,CA
W6/NC-525,NAPA,CA
W6/NC-526,MENDOCINO,CA
W6/NC-527,MENDOCINO,CA
W6/NC-528,NAPA,CA
W6/NC-529,COLUSA,CA
W6/NC-530,SONOMA,CA
W6/NC-531,SANTA CLARA,CA
W6/NC-532,SOLANO,CA
W6/NC-533,SONOMA,CA
W6/NC-534,MARIN,CA
W6/NC-535,SANTA CLARA,CA
W6/NC-536,DEL NORTE,CA
W6/NC-537,SANTA CRUZ,CA
W6/NC-538,SONOMA,CA
W6/NC-539,MERCED,CA
W6/NC-540,HUMBOLDT,CA
W6/NC-541,SONOMA,CA
W6/NC-543,NAPA,CA
W6/NE-001,MODOC,CA
W6/NE-002,MODOC,CA
W6/NE-003,SHASTA,CA
W6/NE-004,MODOC,CA
W6/NE-005,MODOC,CA
W6/NE-006,LASSEN,CA
W6/NE-007,SHASTA,CA
W6/NE-008,SHASTA,CA
W6/NE-009,SHASTA,CA
W6/NE-010,SISKIYOU,CA
W6/NE-011,MODOC,CA
W6/NE-012,SISKIYOU,CA
W6/NE-013,LASSEN,CA
W6/NE-014,SHASTA,CA
W6/NE-015,MODOC,CA
W6/NE-016,SISKIYOU,CA
W6/NE-017,MODOC,CA
W6/NE-018,MODOC,CA
W6/NE-019,TEHAMA,CA
W6/NE-020,SHASTA,CA
W6/NE-021,SISKIYOU,CA
W6/NE-022,SISKIYOU,CA
W6/NE-023,SISKIYOU,CA
W6/NE-024,LASSEN,CA
W6/NE-025,LASSEN,CA
W6/NE-026,MODOC,CA
W6/NE-027,LASSEN,CA
W6/NE-028,LASSEN,CA
W6/NE-029,SISKIYOU,CA
W6/NE-030,SISKIYOU,CA
W6/NE-031,SISKIYOU,CA
W6/NE-032,LASSEN,CA
W6/NE-033,MODOC,CA
W6/NE-034,LASSEN,CA
W6/NE-035,PLUMAS,CA
W6/NE-036,SISKIYOU,CA
W6/NE-037,LASSEN,CA
W6/NE-038,LASSEN,CA
W6/NE-039,SHASTA,CA
W6/NE-040,LASSEN,CA
W6/NE-041,LASSEN,CA
W6/NE-042,SISKIYOU,CA
W6/NE-043,SHASTA,CA
W6/NE-044,LASSEN,CA
W6/NE-045,SISKIYOU,CA
W6/NE-046,MODOC,CA
W6/NE-047,LASSEN,CA
W6/NE-048,SISKIYOU,CA
W6/NE-049,SISKIYOU,CA
W6/NE-050,LASSEN,CA
W6/NE-051,LASSEN,CA
W6/NE-052,SHASTA,CA
W6/NE-053,SHASTA,CA
W6/NE-054,LASSEN,CA
W6/NE-055,PLUMAS,CA
W6/NE-056,LASSEN,CA
W6/NE-057,LASSEN,CA
W6/NE-058,LASSEN,CA
W6/NE-059,MODOC,CA
W6/NE-060,SHASTA,CA
W6/NE-061,SHASTA,CA
W6/NE-062,SISKIYOU,CA
W6/NE-063,SHASTA,CA
W6/NE-064,LASSEN,CA
W6/NE-065,SHASTA,CA
W6/NE-066,LASSEN,CA
W6/NE-067,LASSEN,CA
W6/NE-068,SHASTA,CA
W6/NE-069,LASSEN,CA
W6/NE-070,LASSEN,CA
W6/NE-071,SISKIYOU,CA
W6/NE-072,LASSEN,CA
W6/NE-074,SISKIYOU,CA
W6/NE-075,SHASTA,CA
W6/NE-076,MODOC,CA
W6/NE-077,LASSEN,CA
W6/NE-078,LASSEN,CA
W6/NE-079,LASSEN,CA
W6/NE-080,SISKIYOU,CA
W6/NE-081,LASSEN,CA
W6/NE-082,SISKIYOU,CA
W6/NE-083,LASSEN,CA
W6/NE-084,SISKIYOU,CA
W6/NE-085,TEHAMA,CA
W6/NE-086,LASSEN,CA
W6/NE-087,LASSEN,CA
W6/NE-088,MODOC,CA
W6/NE-089,LASSEN,CA
W6/NE-090,SHASTA,CA
W6/NE-091,PLUMAS,CA
W6/NE-092,TEHAMA,CA
W6/NE-093,LASSEN,CA
W6/NE-094,LASSEN,CA
W6/NE-095,LASSEN,CA
W6/NE-096,SHASTA,CA
W6/NE-097,TEHAMA,CA
W6/NE-098,LASSEN,CA
W6/NE-099,LASSEN,CA
W6/NE-100,SHASTA,CA
W6/NE-101,LASSEN,CA
W6/NE-102,LASSEN,CA
W6/NE-103,LASSEN,CA
W6/NE-104,SHASTA,CA
W6/NE-105,LASSEN,CA
W6/NE-106,LASSEN,CA
W6/NE-107,MODOC,CA
W6/NE-108,SHASTA,CA
W6/NE-109,SHASTA,CA
W6/NE-110,LASSEN,CA
W6/NE-111,LASSEN,CA
W6/NE-112,LASSEN,CA
W6/NE-113,MODOC,CA
W6/NE-114,LASSEN,CA
W6/NE-115,LASSEN,CA
W6/NE-116,SHASTA,CA
W6/NE-117,LASSEN,CA
W6/NE-118,MODOC,CA
W6/NE-119,LASSEN,CA
W6/NE-120,SISKIYOU,CA
W6/NE-121,SISKIYOU,CA
W6/NE-122,SISKIYOU,CA
W6/NE-123,MODOC,CA
W6/NE-124,LASSEN,CA
W6/NE-125,SISKIYOU,CA
W6/NE-126,LASSEN,CA
W6/NE-127,LASSEN,CA
W6/NE-128,LASSEN,CA
W6/NE-129,MODOC,CA
W6/NE-130,SHASTA,CA
W6/NE-131,SISKIYOU,CA
W6/NE-132,TEHAMA,CA
W6/NE-133,LASSEN,CA
W6/NE-134,LASSEN,CA
W6/NE-135,LASSEN,CA
W6/NE-136,SISKIYOU,CA
W6/NE-137,LASSEN,CA
W6/NE-138,LASSEN,CA
W6/NE-139,SISKIYOU,CA
W6/NE-140,SHASTA,CA
W6/NE-141,SISKIYOU,CA
W6/NE-142,SISKIYOU,CA
W6/NE-143,SHASTA,CA
W6/NE-144,SISKIYOU,CA
W6/NE-145,SISKIYOU,CA
W6/NE-146,LASSEN,CA
W6/NE-147,LASSEN,CA
W6/NE-148,SISKIYOU,CA
W6/NE-149,SISKIYOU,CA
W6/NE-150,MODOC,CA
W6/NE-151,MODOC,CA
W6/NE-152,LASSEN,CA
W6/NE-153,PLUMAS,CA
W6/NE-154,LASSEN,CA
W6/NE-155,LASSEN,CA
W6/NE-156,LASSEN,CA
W6/NE-157,SISKIYOU,CA
W6/NE-158,SISKIYOU,CA
W6/NE-159,SHASTA,CA
W6/NE-160,MODOC,CA
W6/NE-161,LASSEN,CA
W6/NE-162,LASSEN,CA
W6/NE-163,SISKIYOU,CA
W6/NE-164,TEHAMA,CA
W6/NE-165,TEHAMA,CA
W6/NE-166,SHASTA,CA
W6/NE-167,SISKIYOU,CA
W6/NE-168,LASSEN,CA
W6/NE-169,MODOC,CA
W6/NE-170,SISKIYOU,CA
W6/NE-171,MODOC,CA
W6/NE-172,SHASTA,CA
W6/NE-173,MODOC,CA
W6/NE-174,SISKIYOU,CA
W6/NE-175,SISKIYOU,CA
W6/NE-176,SISKIYOU,CA
W6/NE-177,SISKIYOU,CA
W6/NE-178,LASSEN,CA
W6/NE-179,SHASTA,CA
W6/NE-180,MODOC,CA
W6/NE-181,SHASTA,CA
W6/NE-182,SHASTA,CA
W6/NE-183,SHASTA,CA
W6/NE-184,SHASTA,CA
W6/NE-185,MODOC,CA
W6/NE-186,SISKIYOU,CA
W6/NE-187,SISKIYOU,CA
W6/NE-188,MODOC,CA
W6/NE-189,SHASTA,CA
W6/NE-190,MODOC,CA
W6/NE-191,SHASTA,CA
W6/NE-192,SHASTA,CA
W6/NE-193,SHASTA,CA
W6/NE-194,SISKIYOU,CA
W6/NE-195,SISKIYOU,CA
W6/NE-196,SISKIYOU,CA
W6/NE-197,LASSEN,CA
W6/NE-198,SHASTA,CA
W6/NE-199,MODOC,CA
W6/NE-200,LASSEN,CA
W6/NE-201,LASSEN,CA
W6/NE-202,MODOC,CA
W6/NE-203,SISKIYOU,CA
W6/NE-204,SHASTA,CA
W6/NE-205,SHASTA,CA
W6/NE-206,SHASTA,CA
W6/NE-207,SHASTA,CA
W6/NE-208,SISKIYOU,CA
W6/NE-209,LASSEN,CA
W6/NE-210,MODOC,CA
W6/NE-211,SISKIYOU,CA
W6/NE-212,SHASTA,CA
W6/NE-213,SISKIYOU,CA
W6/NE-214,MODOC,CA
W6/NE-215,SHASTA,CA
W6/NE-216,LASSEN,CA
W6/NE-217,SISKIYOU,CA
W6/NE-218,SHASTA,CA
W6/NE-219,MODOC,CA
W6/NE-220,SHASTA,CA
W6/NE-221,SISKIYOU,CA
W6/NE-222,SHASTA,CA
W6/NE-223,SHASTA,CA
W6/NE-224,SHASTA,CA
W6/NE-225,SHASTA,CA
W6/NE-226,SHASTA,CA
W6/NE-227,SHASTA,CA
W6/NE-228,SHASTA,CA
W6/NE-229,SISKIYOU,CA
W6/NE-230,SHASTA,CA
W6/NE-231,TEHAMA,CA
W6/NE-232,SHASTA,CA
W6/NE-233,SHASTA,CA
W6/NE-234,SISKIYOU,CA
W6/NE-235,SHASTA,CA
W6/NE-236,SHASTA,CA
W6/NE-237,SHASTA,CA
W6/NE-238,SHASTA,CA
W6/NE-239,SHASTA,CA
W6/NE-240,SHASTA,CA
W6/NE-241,SHASTA,CA
W6/NE-242,SISKIYOU,CA
W6/NE-243,SHASTA,CA
W6/NE-244,SHASTA,CA
W6/NE-245,SHASTA,CA
W6/NE-246,SHASTA,CA
W6/NE-247,SHASTA,CA
W6/NE-248,SHASTA,CA
W6/NE-249,SHASTA,CA
W6/NE-250,TEHAMA,CA
W6/NE-251,SHASTA,CA
W6/NE-252,SHASTA,CA
W6/NE-253,SHASTA,CA
W6/NE-254,SHASTA,CA
W6/NE-255,SHASTA,CA
W6/NE-256,SHASTA,CA
W6/NE-257,SHASTA,CA
W6/NE-258,SISKIYOU,CA
W6/NE-259,SISKIYOU,CA
W6/NE-260,SISKIYOU,CA
W6/NE-261,SHASTA,CA
W6/NE-262,SHASTA,CA
W6/NE-263,SISKIYOU,CA
W6/NE-264,SHASTA,CA
W6/NE-265,SHASTA,CA
W6/NE-266,SISKIYOU,CA
W6/NE-267,SHASTA,CA
W6/NE-268,SHASTA,CA
W6/NE-269,SISKIYOU,CA
W6/NE-270,SISKIYOU,CA
W6/NE-271,SISKIYOU,CA
W6/NE-272,SHASTA,CA
W6/NE-273,SISKIYOU,CA
W6/NE-274,SHASTA,CA
W6/NE-275,SHASTA,CA
W6/NE-276,TEHAMA,CA
W6/NE-277,SHASTA,CA
W6/NE-278,SHASTA,CA
W6/NE-279,SHASTA,CA
W6/NE-280,SHASTA,CA
W6/NE-281,SHASTA,CA
W6/NE-282,SHASTA,CA
W6/NE-283,SHASTA,CA
W6/NE-284,SHASTA,CA
W6/NE-285,SHASTA,CA
W6/NE-286,TEHAMA,CA
W6/NE-287,TEHAMA,CA
W6/NE-288,SHASTA,CA
W6/NE-289,SHASTA,CA
W6/NE-290,MODOC,CA
W6/NE-291,SHASTA,CA
W6/NE-292,MODOC,CA
W6/NE-293,SISKIYOU,CA
W6/NE-295,LASSEN,CA
W6/NE-296,SHASTA,CA
W6/NE-297,SISKIYOU,CA
W6/NE-298,SISKIYOU,CA
W6/NE-299,LASSEN,CA
W6/NE-300,LASSEN,CA
W6/NE-301,LASSEN,CA
W6/NE-302,LASSEN,CA
W6/NE-303,LASSEN,CA
W6/NE-304,SISKIYOU,CA
W6/NE-305,LASSEN,CA
W6/NE-306,LASSEN,CA
W6/NE-307,LASSEN,CA
W6/NE-308,TEHAMA,CA
W6/NE-309,SISKIYOU,CA
W6/NE-310,TEHAMA,CA
W6/NE-311,LASSEN,CA
W6/NE-312,SISKIYOU,CA
W6/NE-313,SHASTA,CA
W6/NE-314,SHASTA,CA
W6/NE-315,SISKIYOU,CA
W6/NE-316,MODOC,CA
W6/NE-317,SHASTA,CA
W6/NE-318,MODOC,CA
W6/NE-319,LASSEN,CA
W6/NE-320,SISKIYOU,CA
W6/NE-321,SHASTA,CA
W6/NE-322,SISKIYOU,CA
W6/NE-323,TEHAMA,CA
W6/NE-324,SHASTA,CA
W6/NS-002,MONO,CA
W6/NS-003,MONO,CA
W6/NS-006,TUOLUMNE,CA
W6/NS-007,TUOLUMNE,CA
W6/NS-008,MONO,CA
W6/NS-009,TUOLUMNE,CA
W6/NS-010,MONO,CA
W6/NS-011,TUOLUMNE,CA
W6/NS-012,MONO,CA
W6/NS-015,MONO,CA
W6/NS-016,MONO,CA
W6/NS-017,MONO,CA
W6/NS-018,TUOLUMNE,CA
W6/NS-019,ALPINE,CA
W6/NS-023,ALPINE,CA
W6/NS-024,TUOLUMNE,CA
W6/NS-025,TUOLUMNE,CA
W6/NS-026,MONO,CA
W6/NS-027,MONO,CA
W6/NS-029,MONO,CA
W6/NS-030,TUOLUMNE,CA
W6/NS-031,TUOLUMNE,CA
W6/NS-032,MONO,CA
W6/NS-033,ALPINE,CA
W6/NS-034,TUOLUMNE,CA
W6/NS-035,MARIPOSA,CA
W6/NS-039,MONO,CA
W6/NS-040,ALPINE,CA
W6/NS-041,TUOLUMNE,CA
W6/NS-042,MONO,CA
W6/NS-043,TUOLUMNE,CA
W6/NS-044,MONO,CA
W6/NS-045,TUOLUMNE,CA
W6/NS-046,MONO,CA
W6/NS-047,ALPINE,CA
W6/NS-048,MARIPOSA,CA
W6/NS-049,MARIPOSA,CA
W6/NS-050,TUOLUMNE,CA
W6/NS-051,TUOLUMNE,CA
W6/NS-052,TUOLUMNE,CA
W6/NS-053,ALPINE,CA
W6/NS-055,ALPINE,CA
W6/NS-056,TUOLUMNE,CA
W6/NS-057,TUOLUMNE,CA
W6/NS-058,TUOLUMNE,CA
W6/NS-060,ALPINE,CA
W6/NS-062,ALPINE,CA
W6/NS-063,ALPINE,CA
W6/NS-064,ALPINE,CA
W6/NS-065,ALPINE,CA
W6/NS-066,ALPINE,CA
W6/NS-067,EL DORADO,CA
W6/NS-068,EL DORADO,CA
W6/NS-069,ALPINE,CA
W6/NS-070,ALPINE,CA
W6/NS-071,TUOLUMNE,CA
W6/NS-072,ALPINE,CA
W6/NS-073,ALPINE,CA
W6/NS-074,TUOLUMNE,CA
W6/NS-075,MARIPOSA,CA
W6/NS-076,ALPINE,CA
W6/NS-077,ALPINE,CA
W6/NS-078,ALPINE,CA
W6/NS-079,ALPINE,CA
W6/NS-080,MONO,CA
W6/NS-081,ALPINE,CA
W6/NS-082,TUOLUMNE,CA
W6/NS-083,TUOLUMNE,CA
W6/NS-084,EL DORADO,CA
W6/NS-085,TUOLUMNE,CA
W6/NS-086,ALPINE,CA
W6/NS-087,EL DORADO,CA
W6/NS-088,ALPINE,CA
W6/NS-089,TUOLUMNE,CA
W6/NS-090,TUOLUMNE,CA
W6/NS-091,ALPINE,CA
W6/NS-093,ALPINE,CA
W6/NS-094,EL DORADO,CA
W6/NS-095,EL DORADO,CA
W6/NS-096,ALPINE,CA
W6/NS-097,TUOLUMNE,CA
W6/NS-098,MONO,CA
W6/NS-099,ALPINE,CA
W6/NS-100,ALPINE,CA
W6/NS-101,TUOLUMNE,CA
W6/NS-102,ALPINE,CA
W6/NS-103,AMADOR,CA
W6/NS-104,ALPINE,CA
W6/NS-105,EL DORADO,CA
W6/NS-106,TUOLUMNE,CA
W6/NS-107,EL DORADO,CA
W6/NS-108,EL DORADO,CA
W6/NS-109,ALPINE,CA
W6/NS-110,TUOLUMNE,CA
W6/NS-111,NEVADA,CA
W6/NS-112,TUOLUMNE,CA
W6/NS-113,ALPINE,CA
W6/NS-114,ALPINE,CA
W6/NS-115,PLACER,CA
W6/NS-116,MONO,CA
W6/NS-117,TUOLUMNE,CA
W6/NS-118,TUOLUMNE,CA
W6/NS-119,TUOLUMNE,CA
W6/NS-120,ALPINE,CA
W6/NS-121,PLACER,CA
W6/NS-122,ALPINE,CA
W6/NS-123,NEVADA,CA
W6/NS-124,MONO,CA
W6/NS-125,ALPINE,CA
W6/NS-126,ALPINE,CA
W6/NS-127,EL DORADO,CA
W6/NS-128,PLACER,CA
W6/NS-129,MONO,CA
W6/NS-130,NEVADA,CA
W6/NS-131,ALPINE,CA
W6/NS-132,SIERRA,CA
W6/NS-133,PLACER,CA
W6/NS-134,NEVADA,CA
W6/NS-135,EL DORADO,CA
W6/NS-136,ALPINE,CA
W6/NS-137,TUOLUMNE,CA
W6/NS-138,PLACER,CA
W6/NS-139,SIERRA,CA
W6/NS-140,TUOLUMNE,CA
W6/NS-141,PLACER,CA
W6/NS-142,PLACER,CA
W6/NS-143,ALPINE,CA
W6/NS-144,TUOLUMNE,CA
W6/NS-145,ALPINE,CA
W6/NS-146,SIERRA,CA
W6/NS-147,PLACER,CA
W6/NS-148,TUOLUMNE,CA
W6/NS-149,PLACER,CA
W6/NS-150,MONO,CA
W6/NS-151,NEVADA,CA
W6/NS-152,TUOLUMNE,CA
W6/NS-153,PLACER,CA
W6/NS-154,EL DORADO,CA
W6/NS-155,NEVADA,CA
W6/NS-156,NEVADA,CA
W6/NS-157,TUOLUMNE,CA
W6/NS-158,LASSEN,CA
W6/NS-159,SIERRA,CA
W6/NS-160,SIERRA,CA
W6/NS-161,TUOLUMNE,CA
W6/NS-162,SIERRA,CA
W6/NS-163,SIERRA,CA
W6/NS-164,ALPINE,CA
W6/NS-165,MONO,CA
W6/NS-166,SIERRA,CA
W6/NS-167,SIERRA,CA
W6/NS-168,MONO,CA
W6/NS-169,SIERRA,CA
W6/NS-170,NEVADA,CA
W6/NS-171,PLACER,CA
W6/NS-172,MONO,CA
W6/NS-173,TUOLUMNE,CA
W6/NS-174,TUOLUMNE,CA
W6/NS-175,PLACER,CA
W6/NS-176,TEHAMA,CA
W6/NS-177,SIERRA,CA
W6/NS-178,TUOLUMNE,CA
W6/NS-179,NEVADA,CA
W6/NS-180,PLUMAS,CA
W6/NS-181,NEVADA,CA
W6/NS-184,NEVADA,CA
W6/NS-185,PLUMAS,CA
W6/NS-186,TUOLUMNE,CA
W6/NS-187,TUOLUMNE,CA
W6/NS-188,PLACER,CA
W6/NS-189,PLACER,CA
W6/NS-190,PLUMAS,CA
W6/NS-191,LASSEN,CA
W6/NS-192,ALPINE,CA
W6/NS-193,NEVADA,CA
W6/NS-194,SIERRA,CA
W6/NS-195,NEVADA,CA
W6/NS-196,PLUMAS,CA
W6/NS-197,PLACER,CA
W6/NS-198,PLUMAS,CA
W6/NS-199,TUOLUMNE,CA
W6/NS-200,SIERRA,CA
W6/NS-201,LASSEN,CA
W6/NS-202,PLUMAS,CA
W6/NS-203,SIERRA,CA
W6/NS-204,PLACER,CA
W6/NS-205,MONO,CA
W6/NS-207,PLUMAS,CA
W6/NS-209,NEVADA,CA
W6/NS-210,ALPINE,CA
W6/NS-211,SIERRA,CA
W6/NS-213,PLACER,CA
W6/NS-214,PLUMAS,CA
W6/NS-215,PLUMAS,CA
W6/NS-216,NEVADA,CA
W6/NS-217,PLUMAS,CA
W6/NS-218,NEVADA,CA
W6/NS-219,CALAVERAS,CA
W6/NS-220,SIERRA,CA
W6/NS-221,PLUMAS,CA
W6/NS-222,PLUMAS,CA
W6/NS-223,NEVADA,CA
W6/NS-224,PLUMAS,CA
W6/NS-225,TUOLUMNE,CA
W6/NS-226,SIERRA,CA
W6/NS-227,PLACER,CA
W6/NS-228,PLUMAS,CA
W6/NS-229,PLUMAS,CA
W6/NS-230,PLUMAS,CA
W6/NS-231,SIERRA,CA
W6/NS-232,SIERRA,CA
W6/NS-233,LASSEN,CA
W6/NS-234,PLUMAS,CA
W6/NS-235,PLUMAS,CA
W6/NS-236,NEVADA,CA
W6/NS-237,PLUMAS,CA
W6/NS-239,SIERRA,CA
W6/NS-240,BUTTE,CA
W6/NS-241,PLUMAS,CA
W6/NS-242,SIERRA,CA
W6/NS-243,PLUMAS,CA
W6/NS-244,NEVADA,CA
W6/NS-246,NEVADA,CA
W6/NS-247,PLUMAS,CA
W6/NS-248,EL DORADO,CA
W6/NS-249,PLUMAS,CA
W6/NS-250,PLUMAS,CA
W6/NS-251,SIERRA,CA
W6/NS-253,TUOLUMNE,CA
W6/NS-254,PLUMAS,CA
W6/NS-255,EL DORADO,CA
W6/NS-256,PLUMAS,CA
W6/NS-257,PLUMAS,CA
W6/NS-258,PLUMAS,CA
W6/NS-259,PLUMAS,CA
W6/NS-260,PLUMAS,CA
W6/NS-261,PLUMAS,CA
W6/NS-262,SIERRA,CA
W6/NS-263,PLUMAS,CA
W6/NS-264,NEVADA,CA
W6/NS-265,SIERRA,CA
W6/NS-266,EL DORADO,CA
W6/NS-267,ALPINE,CA
W6/NS-268,SIERRA,CA
W6/NS-269,ALPINE,CA
W6/NS-270,LASSEN,CA
W6/NS-271,PLUMAS,CA
W6/NS-272,EL DORADO,CA
W6/NS-273,NEVADA,CA
W6/NS-274,LASSEN,CA
W6/NS-275,PLUMAS,CA
W6/NS-276,PLUMAS,CA
W6/NS-277,PLUMAS,CA
W6/NS-279,PLUMAS,CA
W6/NS-280,PLUMAS,CA
W6/NS-281,PLUMAS,CA
W6/NS-282,PLUMAS,CA
W6/NS-283,PLUMAS,CA
W6/NS-284,PLUMAS,CA
W6/NS-285,PLUMAS,CA
W6/NS-286,PLUMAS,CA
W6/NS-287,PLUMAS,CA
W6/NS-288,PLUMAS,CA
W6/NS-289,PLUMAS,CA
W6/NS-290,EL DORADO,CA
W6/NS-291,PLACER,CA
W6/NS-292,PLUMAS,CA
W6/NS-293,PLUMAS,CA
W6/NS-294,PLUMAS,CA
W6/NS-295,CALAVERAS,CA
W6/NS-296,NEVADA,CA
W6/NS-297,LASSEN,CA
W6/NS-298,PLUMAS,CA
W6/NS-299,PLUMAS,CA
W6/NS-300,NEVADA,CA
W6/NS-301,PLUMAS,CA
W6/NS-302,PLUMAS,CA
W6/NS-303,LASSEN,CA
W6/NS-304,PLUMAS,CA
W6/NS-305,TUOLUMNE,CA
W6/NS-306,NEVADA,CA
W6/NS-307,PLUMAS,CA
W6/NS-308,TUOLUMNE,CA
W6/NS-309,TUOLUMNE,CA
W6/NS-310,TUOLUMNE,CA
W6/NS-311,PLUMAS,CA
W6/NS-312,SIERRA,CA
W6/NS-313,PLUMAS,CA
W6/NS-314,PLUMAS,CA
W6/NS-315,PLUMAS,CA
W6/NS-316,PLUMAS,CA
W6/NS-317,TUOLUMNE,CA
W6/NS-318,PLUMAS,CA
W6/NS-319,PLUMAS,CA
W6/NS-320,TUOLUMNE,CA
W6/NS-321,PLACER,CA
W6/NS-322,SIERRA,CA
W6/NS-323,TUOLUMNE,CA
W6/NS-324,TUOLUMNE,CA
W6/NS-325,TUOLUMNE,CA
W6/NS-326,SIERRA,CA
W6/NS-327,NEVADA,CA
W6/NS-328,PLUMAS,CA
W6/NS-329,PLUMAS,CA
W6/NS-330,TUOLUMNE,CA
W6/NS-331,TUOLUMNE,CA
W6/NS-332,PLUMAS,CA
W6/NS-333,BUTTE,CA
W6/NS-334,TEHAMA,CA
W6/NS-335,TUOLUMNE,CA
W6/NS-336,TEHAMA,CA
W6/NS-337,SIERRA,CA
W6/NS-338,YUBA,CA
W6/NS-339,YUBA,CA
W6/NS-340,YUBA,CA
W6/NS-341,TUOLUMNE,CA
W6/NS-342,TUOLUMNE,CA
W6/NS-343,BUTTE,CA
W6/NS-344,CALAVERAS,CA
W6/NS-345,CALAVERAS,CA
W6/NS-346,YUBA,CA
W6/NS-347,CALAVERAS,CA
W6/NS-348,CALAVERAS,CA
W6/NS-350,CALAVERAS,CA
W6/NS-351,TUOLUMNE,CA
W6/NS-352,BUTTE,CA
W6/NS-353,YUBA,CA
W6/NS-354,NEVADA,CA
W6/NS-355,AMADOR,CA
W6/NS-356,CALAVERAS,CA
W6/NS-357,EL DORADO,CA
W6/NS-358,BUTTE,CA
W6/NS-359,TUOLUMNE,CA
W6/NS-360,BUTTE,CA
W6/NS-361,CALAVERAS,CA
W6/NS-362,YUBA,CA
W6/NS-363,YUBA,CA
W6/NS-364,AMADOR,CA
W6/NS-365,BUTTE,CA
W6/NS-366,EL DORADO,CA
W6/NS-367,YUBA,CA
W6/NS-368,TUOLUMNE,CA
W6/NS-369,TUOLUMNE,CA
W6/NS-370,ALPINE,CA
W6/NS-371,TUOLUMNE,CA
W6/NS-372,TUOLUMNE,CA
W6/NS-373,TUOLUMNE,CA
W6/NS-374,TUOLUMNE,CA
W6/NS-375,ALPINE,CA
W6/NS-376,TUOLUMNE,CA
W6/NS-377,EL DORADO,CA
W6/NS-378,ALPINE,CA
W6/NS-379,TUOLUMNE,CA
W6/NS-380,ALPINE,CA
W6/NS-381,ALPINE,CA
W6/NS-382,ALPINE,CA
W6/NS-383,ALPINE,CA
W6/NS-384,TUOLUMNE,CA
W6/NS-385,PLACER,CA
W6/NS-386,TUOLUMNE,CA
W6/NS-387,EL DORADO,CA
W6/NS-388,TUOLUMNE,CA
W6/NS-389,NEVADA,CA
W6/NS-391,TUOLUMNE,CA
W6/NS-392,ALPINE,CA
W6/NS-393,NEVADA,CA
W6/NS-394,SIERRA,CA
W6/NS-395,SIERRA,CA
W6/NS-396,PLACER,CA
W6/NS-397,EL DORADO,CA
W6/NS-398,PLUMAS,CA
W6/NS-399,SIERRA,CA
W6/NS-400,PLACER,CA
W6/NS-401,SIERRA,CA
W6/NS-402,PLUMAS,CA
W6/NS-403,PLUMAS,CA
W6/NS-404,SIERRA,CA
W6/NS-405,PLUMAS,CA
W6/NS-406,TUOLUMNE,CA
W6/NS-407,PLUMAS,CA
W6/NS-409,PLUMAS,CA
W6/NS-410,PLUMAS,CA
W6/NS-411,PLUMAS,CA
W6/NS-412,TUOLUMNE,CA
W6/NS-413,PLACER,CA
W6/NS-414,PLACER,CA
W6/NS-415,CALAVERAS,CA
W6/NS-416,BUTTE,CA
W6/NS-418,TUOLUMNE,CA
W6/NS-419,BUTTE,CA
W6/NS-420,PLACER,CA
W6/NS-421,PLACER,CA
W6/NS-422,NEVADA,CA
W6/NS-423,CALAVERAS,CA
W6/NS-424,CALAVERAS,CA
W6/NS-425,BUTTE,CA
W6/NS-426,EL DORADO,CA
W6/NS-427,CALAVERAS,CA
W6/NS-428,YUBA,CA
W6/NS-429,SUTTER,CA
W6/NW-001,TRINITY,CA
W6/NW-002,TRINITY,CA
W6/NW-003,TRINITY,CA
W6/NW-004,TRINITY,CA
W6/NW-005,SISKIYOU,CA
W6/NW-006,SISKIYOU,CA
W6/NW-007,TRINITY,CA
W6/NW-008,SISKIYOU,CA
W6/NW-010,TRINITY,CA
W6/NW-011,SISKIYOU,CA
W6/NW-012,TRINITY,CA
W6/NW-013,SISKIYOU,CA
W6/NW-014,TRINITY,CA
W6/NW-015,TRINITY,CA
W6/NW-016,TRINITY,CA
W6/NW-017,SISKIYOU,CA
W6/NW-018,TEHAMA,CA
W6/NW-019,TRINITY,CA
W6/NW-020,TRINITY,CA
W6/NW-022,TRINITY,CA
W6/NW-024,SISKIYOU,CA
W6/NW-025,SISKIYOU,CA
W6/NW-026,SISKIYOU,CA
W6/NW-027,TRINITY,CA
W6/NW-028,SISKIYOU,CA
W6/NW-029,TRINITY,CA
W6/NW-031,TRINITY,CA
W6/NW-032,SISKIYOU,CA
W6/NW-034,TRINITY,CA
W6/NW-036,TRINITY,CA
W6/NW-040,TRINITY,CA
W6/NW-041,SISKIYOU,CA
W6/NW-042,TRINITY,CA
W6/NW-043,SISKIYOU,CA
W6/NW-044,SISKIYOU,CA
W6/NW-045,SISKIYOU,CA
W6/NW-047,TRINITY,CA
W6/NW-049,SISKIYOU,CA
W6/NW-050,TRINITY,CA
W6/NW-051,SISKIYOU,CA
W6/NW-052,SISKIYOU,CA
W6/NW-053,SISKIYOU,CA
W6/NW-054,TRINITY,CA
W6/NW-055,TRINITY,CA
W6/NW-056,SISKIYOU,CA
W6/NW-058,TRINITY,CA
W6/NW-059,SISKIYOU,CA
W6/NW-060,SISKIYOU,CA
W6/NW-061,SISKIYOU,CA
W6/NW-062,SISKIYOU,CA
W6/NW-063,TRINITY,CA
W6/NW-065,TRINITY,CA
W6/NW-066,TRINITY,CA
W6/NW-067,SISKIYOU,CA
W6/NW-068,TRINITY,CA
W6/NW-069,SISKIYOU,CA
W6/NW-070,SISKIYOU,CA
W6/NW-072,TRINITY,CA
W6/NW-073,SISKIYOU,CA
W6/NW-074,SISKIYOU,CA
W6/NW-075,TRINITY,CA
W6/NW-076,SISKIYOU,CA
W6/NW-077,SISKIYOU,CA
W6/NW-079,SISKIYOU,CA
W6/NW-080,SISKIYOU,CA
W6/NW-081,TRINITY,CA
W6/NW-083,SISKIYOU,CA
W6/NW-084,SISKIYOU,CA
W6/NW-085,SISKIYOU,CA
W6/NW-086,TRINITY,CA
W6/NW-087,SISKIYOU,CA
W6/NW-088,SISKIYOU,CA
W6/NW-089,SISKIYOU,CA
W6/NW-090,SISKIYOU,CA
W6/NW-091,TRINITY,CA
W6/NW-092,SISKIYOU,CA
W6/NW-094,SISKIYOU,CA
W6/NW-095,TRINITY,CA
W6/NW-096,SISKIYOU,CA
W6/NW-097,SISKIYOU,CA
W6/NW-098,TRINITY,CA
W6/NW-099,TRINITY,CA
W6/NW-101,TRINITY,CA
W6/NW-102,TRINITY,CA
W6/NW-103,SISKIYOU,CA
W6/NW-104,TRINITY,CA
W6/NW-105,TRINITY,CA
W6/NW-106,MENDOCINO,CA
W6/NW-107,SISKIYOU,CA
W6/NW-108,SISKIYOU,CA
W6/NW-109,SISKIYOU,CA
W6/NW-110,SISKIYOU,CA
W6/NW-111,TEHAMA,CA
W6/NW-112,SISKIYOU,CA
W6/NW-113,TEHAMA,CA
W6/NW-114,SISKIYOU,CA
W6/NW-115,SISKIYOU,CA
W6/NW-116,SISKIYOU,CA
W6/NW-117,SISKIYOU,CA
W6/NW-118,SISKIYOU,CA
W6/NW-120,TRINITY,CA
W6/NW-121,TRINITY,CA
W6/NW-122,SISKIYOU,CA
W6/NW-123,DEL NORTE,CA
W6/NW-124,HUMBOLDT,CA
W6/NW-126,DEL NORTE,CA
W6/NW-127,SISKIYOU,CA
W6/NW-128,SISKIYOU,CA
W6/NW-129,SISKIYOU,CA
W6/NW-130,TRINITY,CA
W6/NW-131,TRINITY,CA
W6/NW-132,SHASTA,CA
W6/NW-133,HUMBOLDT,CA
W6/NW-134,SISKIYOU,CA
W6/NW-135,TRINITY,CA
W6/NW-136,DEL NORTE,CA
W6/NW-137,SISKIYOU,CA
W6/NW-138,SISKIYOU,CA
W6/NW-140,SISKIYOU,CA
W6/NW-141,TRINITY,CA
W6/NW-142,SISKIYOU,CA
W6/NW-144,SISKIYOU,CA
W6/NW-145,SISKIYOU,CA
W6/NW-146,SISKIYOU,CA
W6/NW-147,TRINITY,CA
W6/NW-148,SISKIYOU,CA
W6/NW-151,SISKIYOU,CA
W6/NW-153,TRINITY,CA
W6/NW-154,TRINITY,CA
W6/NW-155,HUMBOLDT,CA
W6/NW-156,SISKIYOU,CA
W6/NW-158,SISKIYOU,CA
W6/NW-159,SISKIYOU,CA
W6/NW-160,TRINITY,CA
W6/NW-161,TRINITY,CA
W6/NW-162,DEL NORTE,CA
W6/NW-163,DEL NORTE,CA
W6/NW-164,TRINITY,CA
W6/NW-165,TRINITY,CA
W6/NW-166,DEL NORTE,CA
W6/NW-167,DEL NORTE,CA
W6/NW-168,DEL NORTE,CA
W6/NW-169,TRINITY,CA
W6/NW-170,DEL NORTE,CA
W6/NW-171,TRINITY,CA
W6/NW-172,SISKIYOU,CA
W6/NW-173,SISKIYOU,CA
W6/NW-174,SISKIYOU,CA
W6/NW-175,TRINITY,CA
W6/NW-176,SHASTA,CA
W6/NW-178,TRINITY,CA
W6/NW-179,SISKIYOU,CA
W6/NW-180,TRINITY,CA
W6/NW-181,SISKIYOU,CA
W6/NW-182,SISKIYOU,CA
W6/NW-184,SISKIYOU,CA
W6/NW-185,SISKIYOU,CA
W6/NW-186,SISKIYOU,CA
W6/NW-187,SISKIYOU,CA
W6/NW-188,DEL NORTE,CA
W6/NW-189,HUMBOLDT,CA
W6/NW-190,SISKIYOU,CA
W6/NW-191,SISKIYOU,CA
W6/NW-192,TRINITY,CA
W6/NW-193,SISKIYOU,CA
W6/NW-194,TRINITY,CA
W6/NW-195,SISKIYOU,CA
W6/NW-196,TRINITY,CA
W6/NW-197,SISKIYOU,CA
W6/NW-198,SHASTA,CA
W6/NW-199,SISKIYOU,CA
W6/NW-200,TRINITY,CA
W6/NW-202,TRINITY,CA
W6/NW-203,TRINITY,CA
W6/NW-205,DEL NORTE,CA
W6/NW-206,TRINITY,CA
W6/NW-207,SHASTA,CA
W6/NW-208,HUMBOLDT,CA
W6/NW-209,TRINITY,CA
W6/NW-210,DEL NORTE,CA
W6/NW-211,SHASTA,CA
W6/NW-212,TRINITY,CA
W6/NW-214,SISKIYOU,CA
W6/NW-215,DEL NORTE,CA
W6/NW-216,HUMBOLDT,CA
W6/NW-217,TRINITY,CA
W6/NW-218,TRINITY,CA
W6/NW-219,SISKIYOU,CA
W6/NW-220,SISKIYOU,CA
W6/NW-221,TRINITY,CA
W6/NW-223,SISKIYOU,CA
W6/NW-224,SISKIYOU,CA
W6/NW-225,DEL NORTE,CA
W6/NW-226,TRINITY,CA
W6/NW-227,SISKIYOU,CA
W6/NW-228,SHASTA,CA
W6/NW-229,TRINITY,CA
W6/NW-230,TRINITY,CA
W6/NW-231,SISKIYOU,CA
W6/NW-232,DEL NORTE,CA
W6/NW-233,TRINITY,CA
W6/NW-234,TRINITY,CA
W6/NW-235,TRINITY,CA
W6/NW-236,DEL NORTE,CA
W6/NW-237,SISKIYOU,CA
W6/NW-238,TRINITY,CA
W6/NW-239,HUMBOLDT,CA
W6/NW-240,SISKIYOU,CA
W6/NW-241,DEL NORTE,CA
W6/NW-242,SISKIYOU,CA
W6/NW-243,SHASTA,CA
W6/NW-244,SISKIYOU,CA
W6/NW-245,TRINITY,CA
W6/NW-246,TRINITY,CA
W6/NW-247,TRINITY,CA
W6/NW-249,SISKIYOU,CA
W6/NW-250,SISKIYOU,CA
W6/NW-251,TRINITY,CA
W6/NW-252,SISKIYOU,CA
W6/NW-253,SISKIYOU,CA
W6/NW-254,TRINITY,CA
W6/NW-255,TRINITY,CA
W6/NW-256,SHASTA,CA
W6/NW-257,SISKIYOU,CA
W6/NW-259,TRINITY,CA
W6/NW-260,SISKIYOU,CA
W6/NW-261,TRINITY,CA
W6/NW-262,TRINITY,CA
W6/NW-263,SISKIYOU,CA
W6/NW-264,TRINITY,CA
W6/NW-266,HUMBOLDT,CA
W6/NW-267,TRINITY,CA
W6/NW-268,SISKIYOU,CA
W6/NW-269,TRINITY,CA
W6/NW-270,SISKIYOU,CA
W6/NW-271,HUMBOLDT,CA
W6/NW-272,SISKIYOU,CA
W6/NW-273,SHASTA,CA
W6/NW-274,HUMBOLDT,CA
W6/NW-275,SISKIYOU,CA
W6/NW-276,SISKIYOU,CA
W6/NW-277,HUMBOLDT,CA
W6/NW-278,SISKIYOU,CA
W6/NW-279,TRINITY,CA
W6/NW-280,HUMBOLDT,CA
W6/NW-281,HUMBOLDT,CA
W6/NW-282,TRINITY,CA
W6/NW-283,SISKIYOU,CA
W6/NW-284,SISKIYOU,CA
W6/NW-285,HUMBOLDT,CA
W6/NW-286,SISKIYOU,CA
W6/NW-287,SISKIYOU,CA
W6/NW-288,SHASTA,CA
W6/NW-289,SISKIYOU,CA
W6/NW-290,SISKIYOU,CA
W6/NW-291,SISKIYOU,CA
W6/NW-292,SISKIYOU,CA
W6/NW-293,SISKIYOU,CA
W6/NW-294,SISKIYOU,CA
W6/NW-295,HUMBOLDT,CA
W6/NW-296,DEL NORTE,CA
W6/NW-297,SISKIYOU,CA
W6/NW-298,SISKIYOU,CA
W6/NW-299,SHASTA,CA
W6/NW-300,TRINITY,CA
W6/NW-301,TRINITY,CA
W6/NW-302,TRINITY,CA
W6/NW-303,DEL NORTE,CA
W6/NW-304,HUMBOLDT,CA
W6/NW-305,SISKIYOU,CA
W6/NW-306,SISKIYOU,CA
W6/NW-307,TRINITY,CA
W6/NW-308,TRINITY,CA
W6/NW-309,HUMBOLDT,CA
W6/NW-310,SISKIYOU,CA
W6/NW-311,HUMBOLDT,CA
W6/NW-312,HUMBOLDT,CA
W6/NW-313,TRINITY,CA
W6/NW-314,SISKIYOU,CA
W6/NW-315,DEL NORTE,CA
W6/NW-316,HUMBOLDT,CA
W6/NW-317,DEL NORTE,CA
W6/NW-318,TRINITY,CA
W6/NW-319,HUMBOLDT,CA
W6/NW-320,SISKIYOU,CA
W6/NW-321,TRINITY,CA
W6/NW-322,SISKIYOU,CA
W6/NW-323,HUMBOLDT,CA
W6/NW-324,HUMBOLDT,CA
W6/NW-325,HUMBOLDT,CA
W6/NW-326,SISKIYOU,CA
W6/NW-327,HUMBOLDT,CA
W6/NW-328,SISKIYOU,CA
W6/NW-329,TRINITY,CA
W6/NW-330,TRINITY,CA
W6/NW-331,DEL NORTE,CA
W6/NW-332,SISKIYOU,CA
W6/NW-333,SISKIYOU,CA
W6/NW-334,SISKIYOU,CA
W6/NW-335,DEL NORTE,CA
W6/NW-336,DEL NORTE,CA
W6/NW-337,TRINITY,CA
W6/NW-338,DEL NORTE,CA
W6/NW-339,TRINITY,CA
W6/NW-340,DEL NORTE,CA
W6/NW-341,HUMBOLDT,CA
W6/NW-342,TRINITY,CA
W6/NW-343,TRINITY,CA
W6/NW-344,HUMBOLDT,CA
W6/NW-345,HUMBOLDT,CA
W6/NW-346,SHASTA,CA
W6/NW-347,DEL NORTE,CA
W6/NW-348,TRINITY,CA
W6/NW-349,SISKIYOU,CA
W6/NW-350,DEL NORTE,CA
W6/NW-351,SISKIYOU,CA
W6/NW-352,TRINITY,CA
W6/NW-353,TRINITY,CA
W6/NW-354,TRINITY,CA
W6/NW-355,HUMBOLDT,CA
W6/NW-356,DEL NORTE,CA
W6/NW-357,HUMBOLDT,CA
W6/NW-358,TRINITY,CA
W6/NW-359,HUMBOLDT,CA
W6/NW-360,TRINITY,CA
W6/NW-361,HUMBOLDT,CA
W6/NW-362,SISKIYOU,CA
W6/NW-363,TRINITY,CA
W6/NW-364,TRINITY,CA
W6/NW-365,HUMBOLDT,CA
W6/NW-366,SHASTA,CA
W6/NW-367,TRINITY,CA
W6/NW-368,SHASTA,CA
W6/NW-369,TRINITY,CA
W6/NW-370,HUMBOLDT,CA
W6/NW-371,HUMBOLDT,CA
W6/NW-372,SHASTA,CA
W6/NW-373,DEL NORTE,CA
W6/NW-374,DEL NORTE,CA
W6/NW-375,SISKIYOU,CA
W6/NW-376,DEL NORTE,CA
W6/NW-377,SHASTA,CA
W6/NW-378,DEL NORTE,CA
W6/NW-379,HUMBOLDT,CA
W6/NW-380,TRINITY,CA
W6/NW-381,DEL NORTE,CA
W6/NW-382,SHASTA,CA
W6/NW-383,SHASTA,CA
W6/NW-384,DEL NORTE,CA
W6/NW-385,DEL NORTE,CA
W6/NW-386,SHASTA,CA
W6/NW-387,HUMBOLDT,CA
W6/NW-388,SHASTA,CA
W6/NW-389,SHASTA,CA
W6/NW-390,DEL NORTE,CA
W6/NW-391,SHASTA,CA
W6/NW-392,HUMBOLDT,CA
W6/NW-393,SHASTA,CA
W6/NW-394,TRINITY,CA
W6/NW-395,TRINITY,CA
W6/NW-396,TRINITY,CA
W6/NW-398,TRINITY,CA
W6/NW-400,SISKIYOU,CA
W6/NW-403,SISKIYOU,CA
W6/NW-404,SISKIYOU,CA
W6/NW-405,SISKIYOU,CA
W6/NW-406,TRINITY,CA
W6/NW-409,SISKIYOU,CA
W6/NW-410,SISKIYOU,CA
W6/NW-412,TRINITY,CA
W6/NW-413,SISKIYOU,CA
W6/NW-414,TRINITY,CA
W6/NW-415,TRINITY,CA
W6/NW-416,TRINITY,CA
W6/NW-418,TRINITY,CA
W6/NW-419,TRINITY,CA
W6/NW-420,SISKIYOU,CA
W6/NW-421,TRINITY,CA
W6/NW-422,TRINITY,CA
W6/NW-423,SISKIYOU,CA
W6/NW-424,TRINITY,CA
W6/NW-425,TRINITY,CA
W6/NW-426,TRINITY,CA
W6/NW-427,TRINITY,CA
W6/NW-428,TRINITY,CA
W6/NW-429,SISKIYOU,CA
W6/NW-430,SISKIYOU,CA
W6/NW-431,TRINITY,CA
W6/NW-432,SHASTA,CA
W6/NW-433,SISKIYOU,CA
W6/NW-434,SISKIYOU,CA
W6/NW-435,TRINITY,CA
W6/NW-436,TRINITY,CA
W6/NW-437,TRINITY,CA
W6/NW-438,TRINITY,CA
W6/NW-439,TRINITY,CA
W6/NW-440,SISKIYOU,CA
W6/NW-441,SHASTA,CA
W6/SC-001,KERN,CA
W6/SC-002,KERN,CA
W6/SC-003,VENTURA,CA
W6/SC-004,KERN,CA
W6/SC-005,KERN,CA
W6/SC-006,VENTURA,CA
W6/SC-007,VENTURA,CA
W6/SC-008,KERN,CA
W6/SC-009,VENTURA,CA
W6/SC-010,VENTURA,CA
W6/SC-011,VENTURA,CA
W6/SC-012,VENTURA,CA
W6/SC-013,SANTA BARBARA,CA
W6/SC-014,SANTA BARBARA,CA
W6/SC-015,VENTURA,CA
W6/SC-016,VENTURA,CA
W6/SC-017,VENTURA,CA
W6/SC-018,VENTURA,CA
W6/SC-019,SANTA BARBARA,CA
W6/SC-020,VENTURA,CA
W6/SC-021,SANTA BARBARA,CA
W6/SC-022,KERN,CA
W6/SC-023,SAN DIEGO,CA
W6/SC-024,SAN DIEGO,CA
W6/SC-025,MONTEREY,CA
W6/SC-026,SANTA BARBARA,CA
W6/SC-027,VENTURA,CA
W6/SC-028,SANTA BARBARA,CA
W6/SC-029,SAN DIEGO,CA
W6/SC-030,SANTA BARBARA,CA
W6/SC-031,VENTURA,CA
W6/SC-032,SANTA BARBARA,CA
W6/SC-033,VENTURA,CA
W6/SC-034,SANTA BARBARA,CA
W6/SC-035,SANTA BARBARA,CA
W6/SC-036,SANTA BARBARA,CA
W6/SC-038,VENTURA,CA
W6/SC-039,SANTA BARBARA,CA
W6/SC-040,MONTEREY,CA
W6/SC-041,MONTEREY,CA
W6/SC-042,VENTURA,CA
W6/SC-043,MONTEREY,CA
W6/SC-044,SAN DIEGO,CA
W6/SC-045,VENTURA,CA
W6/SC-046,MONTEREY,CA
W6/SC-048,SAN DIEGO,CA
W6/SC-049,MONTEREY,CA
W6/SC-050,SANTA BARBARA,CA
W6/SC-051,VENTURA,CA
W6/SC-052,MONTEREY,CA
W6/SC-053,KERN,CA
W6/SC-054,SANTA BARBARA,CA
W6/SC-055,SAN BENITO,CA
W6/SC-056,SANTA BARBARA,CA
W6/SC-057,LOS ANGELES,CA
W6/SC-058,SANTA BARBARA,CA
W6/SC-059,VENTURA,CA
W6/SC-061,VENTURA,CA
W6/SC-062,SANTA BARBARA,CA
W6/SC-063,SAN BENITO,CA
W6/SC-064,SANTA BARBARA,CA
W6/SC-065,MONTEREY,CA
W6/SC-066,MONTEREY,CA
W6/SC-067,VENTURA,CA
W6/SC-068,FRESNO,CA
W6/SC-069,SANTA BARBARA,CA
W6/SC-070,KERN,CA
W6/SC-071,SANTA BARBARA,CA
W6/SC-072,SANTA BARBARA,CA
W6/SC-073,FRESNO,CA
W6/SC-074,SAN DIEGO,CA
W6/SC-075,SAN BENITO,CA
W6/SC-076,LOS ANGELES,CA
W6/SC-077,FRESNO,CA
W6/SC-078,MONTEREY,CA
W6/SC-079,MONTEREY,CA
W6/SC-080,SAN BENITO,CA
W6/SC-083,SANTA BARBARA,CA
W6/SC-084,SAN BENITO,CA
W6/SC-085,SAN BENITO,CA
W6/SC-086,SANTA BARBARA,CA
W6/SC-087,SAN DIEGO,CA
W6/SC-088,SAN BENITO,CA
W6/SC-091,MONTEREY,CA
W6/SC-092,SAN DIEGO,CA
W6/SC-094,SANTA BARBARA,CA
W6/SC-095,MONTEREY,CA
W6/SC-096,MONTEREY,CA
W6/SC-097,SANTA BARBARA,CA
W6/SC-098,MONTEREY,CA
W6/SC-099,SAN DIEGO,CA
W6/SC-100,SANTA BARBARA,CA
W6/SC-101,SAN BENITO,CA
W6/SC-102,SAN DIEGO,CA
W6/SC-106,MONTEREY,CA
W6/SC-107,MONTEREY,CA
W6/SC-108,SAN BENITO,CA
W6/SC-109,MONTEREY,CA
W6/SC-110,SAN DIEGO,CA
W6/SC-111,SANTA BARBARA,CA
W6/SC-112,SAN BENITO,CA
W6/SC-113,MERCED,CA
W6/SC-114,MONTEREY,CA
W6/SC-115,SAN DIEGO,CA
W6/SC-116,SANTA BARBARA,CA
W6/SC-117,SAN BENITO,CA
W6/SC-119,MONTEREY,CA
W6/SC-120,SAN BENITO,CA
W6/SC-121,MONTEREY,CA
W6/SC-122,SAN BENITO,CA
W6/SC-124,SANTA BARBARA,CA
W6/SC-126,MONTEREY,CA
W6/SC-127,KERN,CA
W6/SC-128,SAN DIEGO,CA
W6/SC-129,MONTEREY,CA
W6/SC-130,MONTEREY,CA
W6/SC-131,SAN BENITO,CA
W6/SC-133,MONTEREY,CA
W6/SC-134,SANTA BARBARA,CA
W6/SC-135,SANTA BARBARA,CA
W6/SC-136,SAN BENITO,CA
W6/SC-137,MERCED,CA
W6/SC-138,KERN,CA
W6/SC-139,MONTEREY,CA
W6/SC-141,VENTURA,CA
W6/SC-142,MONTEREY,CA
W6/SC-143,FRESNO,CA
W6/SC-144,SANTA BARBARA,CA
W6/SC-145,SAN BENITO,CA
W6/SC-146,SAN DIEGO,CA
W6/SC-147,SAN DIEGO,CA
W6/SC-150,FRESNO,CA
W6/SC-151,SAN DIEGO,CA
W6/SC-152,SAN BENITO,CA
W6/SC-153,MONTEREY,CA
W6/SC-154,SANTA BARBARA,CA
W6/SC-155,SANTA CRUZ,CA
W6/SC-156,SAN DIEGO,CA
W6/SC-157,SAN BENITO,CA
W6/SC-160,SANTA BARBARA,CA
W6/SC-161,LOS ANGELES,CA
W6/SC-162,SAN DIEGO,CA
W6/SC-163,SANTA BARBARA,CA
W6/SC-166,SAN BENITO,CA
W6/SC-167,SAN BENITO,CA
W6/SC-168,KERN,CA
W6/SC-169,SANTA BARBARA,CA
W6/SC-170,SAN BENITO,CA
W6/SC-171,SANTA BARBARA,CA
W6/SC-172,SAN BENITO,CA
W6/SC-173,MONTEREY,CA
W6/SC-174,MONTEREY,CA
W6/SC-175,SANTA BARBARA,CA
W6/SC-177,SAN BENITO,CA
W6/SC-178,SAN BENITO,CA
W6/SC-180,MONTEREY,CA
W6/SC-182,MONTEREY,CA
W6/SC-183,MONTEREY,CA
W6/SC-184,SAN DIEGO,CA
W6/SC-185,SAN BENITO,CA
W6/SC-187,SAN DIEGO,CA
W6/SC-188,MONTEREY,CA
W6/SC-190,SAN BENITO,CA
W6/SC-191,SANTA BARBARA,CA
W6/SC-192,SAN DIEGO,CA
W6/SC-193,SAN BENITO,CA
W6/SC-194,SAN BENITO,CA
W6/SC-196,SANTA BARBARA,CA
W6/SC-197,SANTA BARBARA,CA
W6/SC-198,MONTEREY,CA
W6/SC-199,SANTA BARBARA,CA
W6/SC-200,VENTURA,CA
W6/SC-202,SAN BENITO,CA
W6/SC-203,SAN DIEGO,CA
W6/SC-204,MONTEREY,CA
W6/SC-205,MONTEREY,CA
W6/SC-206,SANTA BARBARA,CA
W6/SC-208,SANTA BARBARA,CA
W6/SC-209,MONTEREY,CA
W6/SC-210,SANTA BARBARA,CA
W6/SC-211,MONTEREY,CA
W6/SC-212,SAN DIEGO,CA
W6/SC-213,SAN BENITO,CA
W6/SC-214,SAN DIEGO,CA
W6/SC-215,FRESNO,CA
W6/SC-216,MERCED,CA
W6/SC-217,KINGS,CA
W6/SC-218,MONTEREY,CA
W6/SC-219,VENTURA,CA
W6/SC-221,KINGS,CA
W6/SC-223,SANTA BARBARA,CA
W6/SC-224,MONTEREY,CA
W6/SC-226,FRESNO,CA
W6/SC-227,MERCED,CA
W6/SC-228,SANTA BARBARA,CA
W6/SC-229,LOS ANGELES,CA
W6/SC-230,KINGS,CA
W6/SC-231,SAN BENITO,CA
W6/SC-232,MONTEREY,CA
W6/SC-233,KINGS,CA
W6/SC-234,SANTA BARBARA,CA
W6/SC-235,MONTEREY,CA
W6/SC-236,MONTEREY,CA
W6/SC-237,LOS ANGELES,CA
W6/SC-239,SAN BENITO,CA
W6/SC-240,SANTA BARBARA,CA
W6/SC-241,SANTA BARBARA,CA
W6/SC-242,SANTA BARBARA,CA
W6/SC-245,SANTA BARBARA,CA
W6/SC-246,FRESNO,CA
W6/SC-248,SAN BENITO,CA
W6/SC-249,MONTEREY,CA
W6/SC-250,SAN DIEGO,CA
W6/SC-251,SAN BENITO,CA
W6/SC-252,MONTEREY,CA
W6/SC-253,MERCED,CA
W6/SC-254,VENTURA,CA
W6/SC-256,SAN BENITO,CA
W6/SC-257,VENTURA,CA
W6/SC-259,MONTEREY,CA
W6/SC-260,SAN DIEGO,CA
W6/SC-261,MONTEREY,CA
W6/SC-262,SAN BENITO,CA
W6/SC-263,MONTEREY,CA
W6/SC-264,SAN DIEGO,CA
W6/SC-266,MONTEREY,CA
W6/SC-268,KINGS,CA
W6/SC-270,SANTA BARBARA,CA
W6/SC-271,VENTURA,CA
W6/SC-273,SANTA BARBARA,CA
W6/SC-274,SAN BENITO,CA
W6/SC-275,MONTEREY,CA
W6/SC-276,KERN,CA
W6/SC-277,SAN DIEGO,CA
W6/SC-278,MONTEREY,CA
W6/SC-279,SANTA BARBARA,CA
W6/SC-280,MONTEREY,CA
W6/SC-284,MONTEREY,CA
W6/SC-285,LOS ANGELES,CA
W6/SC-286,MONTEREY,CA
W6/SC-287,MONTEREY,CA
W6/SC-288,MONTEREY,CA
W6/SC-290,SANTA BARBARA,CA
W6/SC-291,MONTEREY,CA
W6/SC-292,VENTURA,CA
W6/SC-293,LOS ANGELES,CA
W6/SC-294,SAN DIEGO,CA
W6/SC-295,VENTURA,CA
W6/SC-296,SAN DIEGO,CA
W6/SC-297,SAN DIEGO,CA
W6/SC-298,SANTA BARBARA,CA
W6/SC-299,SANTA BARBARA,CA
W6/SC-300,SAN DIEGO,CA
W6/SC-302,MONTEREY,CA
W6/SC-304,FRESNO,CA
W6/SC-305,VENTURA,CA
W6/SC-306,MONTEREY,CA
W6/SC-307,VENTURA,CA
W6/SC-308,SANTA BARBARA,CA
W6/SC-309,MONTEREY,CA
W6/SC-311,LOS ANGELES,CA
W6/SC-313,SANTA BARBARA,CA
W6/SC-315,SANTA BARBARA,CA
W6/SC-316,SANTA BARBARA,CA
W6/SC-317,SANTA BARBARA,CA
W6/SC-318,VENTURA,CA
W6/SC-321,VENTURA,CA
W6/SC-322,SANTA BARBARA,CA
W6/SC-323,SAN DIEGO,CA
W6/SC-324,SAN DIEGO,CA
W6/SC-326,SAN DIEGO,CA
W6/SC-328,MERCED,CA
W6/SC-329,LOS ANGELES,CA
W6/SC-331,SAN DIEGO,CA
W6/SC-332,SANTA BARBARA,CA
W6/SC-333,SANTA BARBARA,CA
W6/SC-334,SAN DIEGO,CA
W6/SC-335,SAN DIEGO,CA
W6/SC-336,SANTA BARBARA,CA
W6/SC-337,VENTURA,CA
W6/SC-338,SAN DIEGO,CA
W6/SC-340,SAN LUIS OBISPO,CA
W6/SC-341,MONTEREY,CA
W6/SC-342,SANTA BARBARA,CA
W6/SC-343,SANTA BARBARA,CA
W6/SC-345,LOS ANGELES,CA
W6/SC-346,SAN DIEGO,CA
W6/SC-347,LOS ANGELES,CA
W6/SC-348,SAN BENITO,CA
W6/SC-349,SAN BENITO,CA
W6/SC-352,SAN DIEGO,CA
W6/SC-354,VENTURA,CA
W6/SC-355,SANTA BARBARA,CA
W6/SC-358,MONTEREY,CA
W6/SC-359,SAN DIEGO,CA
W6/SC-360,SAN DIEGO,CA
W6/SC-361,SAN BENITO,CA
W6/SC-362,ORANGE,CA
W6/SC-363,MERCED,CA
W6/SC-364,SAN DIEGO,CA
W6/SC-365,SAN DIEGO,CA
W6/SC-366,SAN DIEGO,CA
W6/SC-367,SANTA BARBARA,CA
W6/SC-368,SAN DIEGO,CA
W6/SC-369,ORANGE,CA
W6/SC-371,ORANGE,CA
W6/SC-375,VENTURA,CA
W6/SC-379,SANTA BARBARA,CA
W6/SC-380,SAN LUIS,CA
W6/SC-381,VENTURA,CA
W6/SC-382,SANTA BARBARA,CA
W6/SC-383,SANTA BARBARA,CA
W6/SC-384,VENTURA,CA
W6/SC-385,SAN DIEGO,CA
W6/SC-386,SANTA BARBARA,CA
W6/SC-388,VENTURA,CA
W6/SC-389,MONTEREY,CA
W6/SC-390,MONTEREY,CA
W6/SC-391,SAN DIEGO,CA
W6/SC-392,VENTURA,CA
W6/SC-393,VENTURA,CA
W6/SC-395,MONTEREY,CA
W6/SC-396,FRESNO,CA
W6/SC-397,SAN DIEGO,CA
W6/SC-398,SAN BENITO,CA
W6/SC-399,SANTA BARBARA,CA
W6/SC-400,MONTEREY,CA
W6/SC-401,SANTA BARBARA,CA
W6/SC-402,MONTEREY,CA
W6/SC-403,SAN BENITO,CA
W6/SC-404,MONTEREY,CA
W6/SC-405,ORANGE,CA
W6/SC-406,MONTEREY,CA
W6/SC-407,MONTEREY,CA
W6/SC-408,MONTEREY,CA
W6/SC-409,SAN DIEGO,CA
W6/SC-411,SAN BENITO,CA
W6/SC-412,MONTEREY,CA
W6/SC-413,SANTA BARBARA,CA
W6/SC-414,SAN BENITO,CA
W6/SC-415,SAN BENITO,CA
W6/SC-416,MONTEREY,CA
W6/SC-417,SAN BENITO,CA
W6/SC-419,MONTEREY,CA
W6/SC-420,SAN DIEGO,CA
W6/SC-422,KINGS,CA
W6/SC-423,SAN BENITO,CA
W6/SC-426,FRESNO,CA
W6/SC-427,SANTA BARBARA,CA
W6/SC-428,VENTURA,CA
W6/SC-429,MONTEREY,CA
W6/SC-430,MONTEREY,CA
W6/SC-432,SAN DIEGO,CA
W6/SC-433,SANTA BARBARA,CA
W6/SC-434,SANTA BARBARA,CA
W6/SC-435,SANTA BARBARA,CA
W6/SC-436,SAN DIEGO,CA
W6/SC-439,MONTEREY,CA
W6/SC-440,SAN DIEGO,CA
W6/SC-441,MONTEREY,CA
W6/SC-443,MONTEREY,CA
W6/SC-445,SAN DIEGO,CA
W6/SC-449,MONTEREY,CA
W6/SC-450,MONTEREY,CA
W6/SC-451,MONTEREY,CA
W6/SC-452,VENTURA,CA
W6/SC-453,SAN DIEGO,CA
W6/SC-454,SAN DIEGO,CA
W6/SC-456,SAN DIEGO,CA
W6/SC-457,ORANGE,CA
W6/SC-458,MONTEREY,CA
W6/SC-459,MONTEREY,CA
W6/SC-460,ORANGE,CA
W6/SC-461,SAN DIEGO,CA
W6/SD-001,SAN BERNARDINO,CA
W6/SD-002,SAN BERNARDINO,CA
W6/SD-003,SAN BERNARDINO,CA
W6/SD-004,SAN BERNARDINO,CA
W6/SD-005,SAN BERNARDINO,CA
W6/SD-008,SAN BERNARDINO,CA
W6/SD-009,SAN DIEGO,CA
W6/SD-010,SAN BERNARDINO,CA
W6/SD-011,SAN DIEGO,CA
W6/SD-012,SAN BERNARDINO,CA
W6/SD-013,SAN BERNARDINO,CA
W6/SD-014,SAN BERNARDINO,CA
W6/SD-015,SAN BERNARDINO,CA
W6/SD-016,SAN BERNARDINO,CA
W6/SD-017,SAN DIEGO,CA
W6/SD-018,SAN BERNARDINO,CA
W6/SD-019,SAN BERNARDINO,CA
W6/SD-020,SAN DIEGO,CA
W6/SD-021,SAN BERNARDINO,CA
W6/SD-022,SAN BERNARDINO,CA
W6/SD-023,SAN BERNARDINO,CA
W6/SD-024,SAN DIEGO,CA
W6/SD-025,SAN DIEGO,CA
W6/SD-026,SAN DIEGO,CA
W6/SD-027,SAN BERNARDINO,CA
W6/SD-028,RIVERSIDE,CA
W6/SD-029,SAN DIEGO,CA
W6/SD-030,SAN BERNARDINO,CA
W6/SD-031,SAN DIEGO,CA
W6/SD-032,SAN DIEGO,CA
W6/SD-033,SAN DIEGO,CA
W6/SD-034,SAN BERNARDINO,CA
W6/SD-035,SAN BERNARDINO,CA
W6/SD-036,RIVERSIDE,CA
W6/SD-037,RIVERSIDE,CA
W6/SD-038,SAN BERNARDINO,CA
W6/SD-039,RIVERSIDE,CA
W6/SD-040,SAN BERNARDINO,CA
W6/SD-041,SAN BERNARDINO,CA
W6/SD-042,RIVERSIDE,CA
W6/SD-043,SAN BERNARDINO,CA
W6/SD-044,RIVERSIDE,CA
W6/SD-045,RIVERSIDE,CA
W6/SD-046,SAN DIEGO,CA
W6/SD-047,SAN BERNARDINO,CA
W6/SD-048,SAN BERNARDINO,CA
W6/SD-049,SAN BERNARDINO,CA
W6/SD-050,SAN BERNARDINO,CA
W6/SD-051,SAN BERNARDINO,CA
W6/SD-052,SAN BERNARDINO,CA
W6/SD-053,SAN BERNARDINO,CA
W6/SD-054,SAN BERNARDINO,CA
W6/SD-055,RIVERSIDE,CA
W6/SD-056,SAN BERNARDINO,CA
W6/SD-057,SAN BERNARDINO,CA
W6/SD-059,SAN BERNARDINO,CA
W6/SD-060,SAN BERNARDINO,CA
W6/SD-061,SAN BERNARDINO,CA
W6/SD-062,SAN BERNARDINO,CA
W6/SD-063,SAN BERNARDINO,CA
W6/SD-064,SAN BERNARDINO,CA
W6/SD-065,RIVERSIDE,CA
W6/SD-066,SAN BERNARDINO,CA
W6/SD-067,SAN BERNARDINO,CA
W6/SD-068,SAN BERNARDINO,CA
W6/SD-069,SAN BERNARDINO,CA
W6/SD-070,RIVERSIDE,CA
W6/SD-071,SAN BERNARDINO,CA
W6/SD-072,RIVERSIDE,CA
W6/SD-073,RIVERSIDE,CA
W6/SD-074,SAN DIEGO,CA
W6/SD-075,SAN BERNARDINO,CA
W6/SD-076,SAN DIEGO,CA
W6/SD-077,SAN DIEGO,CA
W6/SD-078,SAN DIEGO,CA
W6/SD-079,SAN DIEGO,CA
W6/SD-080,SAN BERNARDINO,CA
W6/SD-081,SAN BERNARDINO,CA
W6/SD-082,SAN DIEGO,CA
W6/SD-083,RIVERSIDE,CA
W6/SD-084,SAN BERNARDINO,CA
W6/SD-085,SAN BERNARDINO,CA
W6/SD-086,SAN BERNARDINO,CA
W6/SD-087,SAN BERNARDINO,CA
W6/SD-088,SAN BERNARDINO,CA
W6/SD-089,SAN BERNARDINO,CA
W6/SD-090,SAN DIEGO,CA
W6/SD-091,RIVERSIDE,CA
W6/SD-092,RIVERSIDE,CA
W6/SD-093,SAN BERNARDINO,CA
W6/SD-094,SAN BERNARDINO,CA
W6/SD-095,RIVERSIDE,CA
W6/SD-096,SAN DIEGO,CA
W6/SD-097,SAN BERNARDINO,CA
W6/SD-098,SAN BERNARDINO,CA
W6/SD-099,RIVERSIDE,CA
W6/SD-100,SAN BERNARDINO,CA
W6/SD-101,SAN BERNARDINO,CA
W6/SD-102,SAN BERNARDINO,CA
W6/SD-103,RIVERSIDE,CA
W6/SD-104,SAN BERNARDINO,CA
W6/SD-105,RIVERSIDE,CA
W6/SD-106,SAN BERNARDINO,CA
W6/SD-107,SAN BERNARDINO,CA
W6/SD-108,SAN BERNARDINO,CA
W6/SD-109,SAN BERNARDINO,CA
W6/SD-110,SAN BERNARDINO,CA
W6/SD-111,RIVERSIDE,CA
W6/SD-112,RIVERSIDE,CA
W6/SD-113,SAN BERNARDINO,CA
W6/SD-114,SAN BERNARDINO,CA
W6/SD-115,SAN BERNARDINO,CA
W6/SD-116,SAN BERNARDINO,CA
W6/SD-117,SAN BERNARDINO,CA
W6/SD-118,RIVERSIDE,CA
W6/SD-120,SAN BERNARDINO,CA
W6/SD-121,SAN BERNARDINO,CA
W6/SD-122,SAN BERNARDINO,CA
W6/SD-123,SAN BERNARDINO,CA
W6/SD-124,SAN BERNARDINO,CA
W6/SD-125,SAN BERNARDINO,CA
W6/SD-126,SAN DIEGO,CA
W6/SD-127,SAN BERNARDINO,CA
W6/SD-128,SAN BERNARDINO,CA
W6/SD-129,SAN BERNARDINO,CA
W6/SD-130,SAN BERNARDINO,CA
W6/SD-131,RIVERSIDE,CA
W6/SD-132,SAN BERNARDINO,CA
W6/SD-133,SAN BERNARDINO,CA
W6/SD-134,SAN BERNARDINO,CA
W6/SD-135,RIVERSIDE,CA
W6/SD-136,RIVERSIDE,CA
W6/SD-137,SAN BERNARDINO,CA
W6/SD-138,SAN DIEGO,CA
W6/SD-139,SAN BERNARDINO,CA
W6/SD-140,SAN BERNARDINO,CA
W6/SD-141,SAN BERNARDINO,CA
W6/SD-142,RIVERSIDE,CA
W6/SD-143,SAN BERNARDINO,CA
W6/SD-144,RIVERSIDE,CA
W6/SD-145,SAN BERNARDINO,CA
W6/SD-146,SAN BERNARDINO,CA
W6/SD-147,SAN BERNARDINO,CA
W6/SD-148,SAN BERNARDINO,CA
W6/SD-149,RIVERSIDE,CA
W6/SD-150,SAN DIEGO,CA
W6/SD-151,SAN BERNARDINO,CA
W6/SD-152,SAN BERNARDINO,CA
W6/SD-153,SAN BERNARDINO,CA
W6/SD-154,SAN BERNARDINO,CA
W6/SD-155,SAN BERNARDINO,CA
W6/SD-156,SAN BERNARDINO,CA
W6/SD-157,RIVERSIDE,CA
W6/SD-158,SAN BERNARDINO,CA
W6/SD-159,SAN BERNARDINO,CA
W6/SD-160,SAN BERNARDINO,CA
W6/SD-161,SAN BERNARDINO,CA
W6/SD-162,SAN BERNARDINO,CA
W6/SD-163,RIVERSIDE,CA
W6/SD-164,RIVERSIDE,CA
W6/SD-165,SAN BERNARDINO,CA
W6/SD-166,SAN BERNARDINO,CA
W6/SD-167,SAN BERNARDINO,CA
W6/SD-168,RIVERSIDE,CA
W6/SD-169,SAN BERNARDINO,CA
W6/SD-170,SAN BERNARDINO,CA
W6/SD-171,SAN BERNARDINO,CA
W6/SD-172,SAN BERNARDINO,CA
W6/SD-173,SAN BERNARDINO,CA
W6/SD-174,RIVERSIDE,CA
W6/SD-175,SAN BERNARDINO,CA
W6/SD-176,SAN BERNARDINO,CA
W6/SD-177,SAN BERNARDINO,CA
W6/SD-178,SAN BERNARDINO,CA
W6/SD-179,SAN BERNARDINO,CA
W6/SD-180,SAN BERNARDINO,CA
W6/SD-181,SAN BERNARDINO,CA
W6/SD-182,RIVERSIDE,CA
W6/SD-183,SAN BERNARDINO,CA
W6/SD-184,SAN DIEGO,CA
W6/SD-185,SAN DIEGO,CA
W6/SD-186,SAN BERNARDINO,CA
W6/SD-187,RIVERSIDE,CA
W6/SD-188,RIVERSIDE,CA
W6/SD-189,SAN BERNARDINO,CA
W6/SD-190,SAN BERNARDINO,CA
W6/SD-191,SAN BERNARDINO,CA
W6/SD-192,SAN BERNARDINO,CA
W6/SD-193,SAN BERNARDINO,CA
W6/SD-194,RIVERSIDE,CA
W6/SD-195,SAN BERNARDINO,CA
W6/SD-196,SAN BERNARDINO,CA
W6/SD-197,SAN BERNARDINO,CA
W6/SD-198,SAN BERNARDINO,CA
W6/SD-199,SAN BERNARDINO,CA
W6/SD-200,SAN BERNARDINO,CA
W6/SD-201,SAN BERNARDINO,CA
W6/SD-202,SAN DIEGO,CA
W6/SD-203,SAN DIEGO,CA
W6/SD-204,SAN BERNARDINO,CA
W6/SD-205,SAN BERNARDINO,CA
W6/SD-206,SAN BERNARDINO,CA
W6/SD-207,SAN BERNARDINO,CA
W6/SD-208,SAN BERNARDINO,CA
W6/SD-209,RIVERSIDE,CA
W6/SD-210,RIVERSIDE,CA
W6/SD-211,SAN BERNARDINO,CA
W6/SD-212,SAN BERNARDINO,CA
W6/SD-213,SAN BERNARDINO,CA
W6/SD-214,SAN DIEGO,CA
W6/SD-215,SAN BERNARDINO,CA
W6/SD-216,SAN BERNARDINO,CA
W6/SD-217,SAN BERNARDINO,CA
W6/SD-218,SAN BERNARDINO,CA
W6/SD-219,SAN BERNARDINO,CA
W6/SD-220,SAN BERNARDINO,CA
W6/SD-221,SAN BERNARDINO,CA
W6/SD-222,SAN BERNARDINO,CA
W6/SD-223,SAN BERNARDINO,CA
W6/SD-224,SAN DIEGO,CA
W6/SD-225,SAN BERNARDINO,CA
W6/SD-226,RIVERSIDE,CA
W6/SD-227,RIVERSIDE,CA
W6/SD-228,SAN BERNARDINO,CA
W6/SD-229,SAN BERNARDINO,CA
W6/SD-230,SAN BERNARDINO,CA
W6/SD-231,RIVERSIDE,CA
W6/SD-232,RIVERSIDE,CA
W6/SD-233,SAN BERNARDINO,CA
W6/SD-234,RIVERSIDE,CA
W6/SD-235,SAN BERNARDINO,CA
W6/SD-236,SAN BERNARDINO,CA
W6/SD-237,SAN BERNARDINO,CA
W6/SD-239,SAN BERNARDINO,CA
W6/SD-240,SAN BERNARDINO,CA
W6/SD-241,SAN BERNARDINO,CA
W6/SD-242,SAN BERNARDINO,CA
W6/SD-243,SAN BERNARDINO,CA
W6/SD-244,RIVERSIDE,CA
W6/SD-245,SAN BERNARDINO,CA
W6/SD-246,RIVERSIDE,CA
W6/SD-247,SAN BERNARDINO,CA
W6/SD-248,RIVERSIDE,CA
W6/SD-249,SAN BERNARDINO,CA
W6/SD-250,SAN BERNARDINO,CA
W6/SD-251,RIVERSIDE,CA
W6/SD-252,RIVERSIDE,CA
W6/SD-253,SAN BERNARDINO,CA
W6/SD-254,SAN BERNARDINO,CA
W6/SD-255,SAN DIEGO,CA
W6/SD-256,SAN BERNARDINO,CA
W6/SD-257,SAN BERNARDINO,CA
W6/SD-258,RIVERSIDE,CA
W6/SD-259,SAN BERNARDINO,CA
W6/SD-260,RIVERSIDE,CA
W6/SD-261,SAN BERNARDINO,CA
W6/SD-263,SAN BERNARDINO,CA
W6/SD-264,SAN BERNARDINO,CA
W6/SD-265,SAN BERNARDINO,CA
W6/SD-266,RIVERSIDE,CA
W6/SD-267,SAN BERNARDINO,CA
W6/SD-268,SAN BERNARDINO,CA
W6/SD-269,SAN BERNARDINO,CA
W6/SD-270,RIVERSIDE,CA
W6/SD-271,SAN BERNARDINO,CA
W6/SD-272,RIVERSIDE,CA
W6/SD-273,RIVERSIDE,CA
W6/SD-274,SAN BERNARDINO,CA
W6/SD-275,SAN BERNARDINO,CA
W6/SD-276,SAN BERNARDINO,CA
W6/SD-277,SAN BERNARDINO,CA
W6/SD-278,SAN BERNARDINO,CA
W6/SD-279,RIVERSIDE,CA
W6/SD-280,SAN BERNARDINO,CA
W6/SD-281,RIVERSIDE,CA
W6/SD-282,RIVERSIDE,CA
W6/SD-283,RIVERSIDE,CA
W6/SD-284,SAN BERNARDINO,CA
W6/SD-285,RIVERSIDE,CA
W6/SD-286,RIVERSIDE,CA
W6/SD-287,SAN BERNARDINO,CA
W6/SD-288,SAN BERNARDINO,CA
W6/SD-289,SAN BERNARDINO,CA
W6/SD-290,RIVERSIDE,CA
W6/SD-291,SAN BERNARDINO,CA
W6/SD-292,RIVERSIDE,CA
W6/SD-293,RIVERSIDE,CA
W6/SD-294,RIVERSIDE,CA
W6/SD-295,RIVERSIDE,CA
W6/SD-296,SAN BERNARDINO,CA
W6/SD-297,RIVERSIDE,CA
W6/SD-298,SAN BERNARDINO,CA
W6/SD-299,SAN BERNARDINO,CA
W6/SD-300,SAN BERNARDINO,CA
W6/SD-301,RIVERSIDE,CA
W6/SD-302,SAN DIEGO,CA
W6/SD-303,SAN BERNARDINO,CA
W6/SD-304,SAN BERNARDINO,CA
W6/SD-305,SAN BERNARDINO,CA
W6/SD-306,RIVERSIDE,CA
W6/SD-307,SAN DIEGO,CA
W6/SD-308,SAN BERNARDINO,CA
W6/SD-309,RIVERSIDE,CA
W6/SD-310,SAN BERNARDINO,CA
W6/SD-311,SAN BERNARDINO,CA
W6/SD-312,SAN BERNARDINO,CA
W6/SD-313,RIVERSIDE,CA
W6/SD-314,RIVERSIDE,CA
W6/SD-315,SAN BERNARDINO,CA
W6/SD-316,RIVERSIDE,CA
W6/SD-317,SAN BERNARDINO,CA
W6/SD-318,SAN BERNARDINO,CA
W6/SD-319,SAN BERNARDINO,CA
W6/SD-320,SAN BERNARDINO,CA
W6/SD-321,RIVERSIDE,CA
W6/SD-322,SAN BERNARDINO,CA
W6/SD-323,SAN BERNARDINO,CA
W6/SD-324,RIVERSIDE,CA
W6/SD-325,IMPERIAL,CA
W6/SD-326,SAN DIEGO,CA
W6/SD-327,SAN BERNARDINO,CA
W6/SD-328,SAN BERNARDINO,CA
W6/SD-329,RIVERSIDE,CA
W6/SD-330,SAN BERNARDINO,CA
W6/SD-331,SAN BERNARDINO,CA
W6/SD-332,SAN BERNARDINO,CA
W6/SD-333,RIVERSIDE,CA
W6/SD-334,RIVERSIDE,CA
W6/SD-335,SAN BERNARDINO,CA
W6/SD-336,IMPERIAL,CA
W6/SD-337,RIVERSIDE,CA
W6/SD-338,SAN BERNARDINO,CA
W6/SD-339,RIVERSIDE,CA
W6/SD-340,RIVERSIDE,CA
W6/SD-341,SAN BERNARDINO,CA
W6/SD-342,IMPERIAL,CA
W6/SD-343,SAN BERNARDINO,CA
W6/SD-344,SAN BERNARDINO,CA
W6/SD-345,SAN BERNARDINO,CA
W6/SD-346,SAN BERNARDINO,CA
W6/SD-347,IMPERIAL,CA
W6/SD-348,RIVERSIDE,CA
W6/SD-349,IMPERIAL,CA
W6/SD-350,SAN BERNARDINO,CA
W6/SD-351,IMPERIAL,CA
W6/SD-352,SAN BERNARDINO,CA
W6/SD-353,RIVERSIDE,CA
W6/SD-354,SAN BERNARDINO,CA
W6/SD-355,SAN BERNARDINO,CA
W6/SD-356,IMPERIAL,CA
W6/SD-357,IMPERIAL,CA
W6/SD-358,IMPERIAL,CA
W6/SD-359,RIVERSIDE,CA
W6/SD-360,RIVERSIDE,CA
W6/SD-361,RIVERSIDE,CA
W6/SD-362,RIVERSIDE,CA
W6/SD-363,SAN BERNARDINO,CA
W6/SD-364,IMPERIAL,CA
W6/SD-365,IMPERIAL,CA
W6/SD-366,IMPERIAL,CA
W6/SD-367,SAN BERNARDINO,CA
W6/SD-368,RIVERSIDE,CA
W6/SD-369,SAN BERNARDINO,CA
W6/SD-370,IMPERIAL,CA
W6/SD-371,RIVERSIDE,CA
W6/SD-372,IMPERIAL,CA
W6/SD-373,IMPERIAL,CA
W6/SD-374,SAN BERNARDINO,CA
W6/SD-375,RIVERSIDE,CA
W6/SD-376,IMPERIAL,CA
W6/SD-377,RIVERSIDE,CA
W6/SD-378,IMPERIAL,CA
W6/SD-379,IMPERIAL,CA
W6/SD-380,IMPERIAL,CA
W6/SD-382,IMPERIAL,CA
W6/SD-383,SAN BERNARDINO,CA
W6/SD-384,RIVERSIDE,CA
W6/SD-385,SAN BERNARDINO,CA
W6/SD-386,RIVERSIDE,CA
W6/SD-387,SAN BERNARDINO,CA
W6/SD-388,SAN BERNARDINO,CA
W6/SD-389,RIVERSIDE,CA
W6/SD-390,SAN BERNARDINO,CA
W6/SD-391,IMPERIAL,CA
W6/SD-392,SAN BERNARDINO,CA
W6/SD-393,IMPERIAL,CA
W6/SD-394,SAN BERNARDINO,CA
W6/SD-395,SAN BERNARDINO,CA
W6/SD-396,SAN DIEGO,CA
W6/SD-397,IMPERIAL,CA
W6/SD-398,IMPERIAL,CA
W6/SD-399,RIVERSIDE,CA
W6/SD-400,RIVERSIDE,CA
W6/SD-401,IMPERIAL,CA
W6/SD-402,IMPERIAL,CA
W6/SD-403,SAN BERNARDINO,CA
W6/SD-404,RIVERSIDE,CA
W6/SD-405,RIVERSIDE,CA
W6/SD-406,SAN BERNARDINO,CA
W6/SD-407,RIVERSIDE,CA
W6/SD-408,SAN BERNARDINO,CA
W6/SD-409,SAN BERNARDINO,CA
W6/SD-410,SAN BERNARDINO,CA
W6/SD-411,RIVERSIDE,CA
W6/SD-412,RIVERSIDE,CA
W6/SD-413,SAN BERNARDINO,CA
W6/SD-414,IMPERIAL,CA
W6/SD-415,SAN BERNARDINO,CA
W6/SD-416,IMPERIAL,CA
W6/SD-417,IMPERIAL,CA
W6/SD-418,IMPERIAL,CA
W6/SD-419,IMPERIAL,CA
W6/SD-420,RIVERSIDE,CA
W6/SD-421,IMPERIAL,CA
W6/SD-422,IMPERIAL,CA
W6/SD-423,IMPERIAL,CA
W6/SD-424,IMPERIAL,CA
W6/SD-425,IMPERIAL,CA
W6/SD-426,IMPERIAL,CA
W6/SD-427,RIVERSIDE,CA
W6/SD-428,IMPERIAL,CA
W6/SD-429,RIVERSIDE,CA
W6/SD-430,IMPERIAL,CA
W6/SD-431,RIVERSIDE,CA
W6/SD-432,SAN DIEGO,CA
W6/SD-433,IMPERIAL,CA
W6/SD-434,SAN BERNARDINO,CA
W6/SD-435,IMPERIAL,CA
W6/SD-436,SAN BERNARDINO,CA
W6/SD-437,SAN BERNARDINO,CA
W6/SD-438,SAN BERNARDINO,CA
W6/SD-439,SAN BERNARDINO,CA
W6/SD-440,SAN BERNARDINO,CA
W6/SD-441,SAN BERNARDINO,CA
W6/SD-442,SAN BERNARDINO,CA
W6/SD-443,SAN BERNARDINO,CA
W6/SD-444,SAN BERNARDINO,CA
W6/SD-445,SAN BERNARDINO,CA
W6/SD-446,SAN BERNARDINO,CA
W6/SD-448,SAN BERNARDINO,CA
W6/SD-450,SAN BERNARDINO,CA
W6/SD-451,SAN BERNARDINO,CA
W6/SD-452,SAN BERNARDINO,CA
W6/SD-453,SAN BERNARDINO,CA
W6/SD-454,SAN DIEGO,CA
W6/SD-455,SAN BERNARDINO,CA
W6/SD-456,SAN BERNARDINO,CA
W6/SD-457,SAN BERNARDINO,CA
W6/SD-458,RIVERSIDE,CA
W6/SD-459,SAN BERNARDINO,CA
W6/SD-460,RIVERSIDE,CA
W6/SD-461,SAN BERNARDINO,CA
W6/SD-462,SAN BERNARDINO,CA
W6/SD-463,SAN BERNARDINO,CA
W6/SD-464,SAN BERNARDINO,CA
W6/SD-465,SAN BERNARDINO,CA
W6/SD-466,SAN BERNARDINO,CA
W6/SD-467,SAN BERNARDINO,CA
W6/SD-468,SAN BERNARDINO,CA
W6/SD-469,SAN BERNARDINO,CA
W6/SD-470,SAN BERNARDINO,CA
W6/SD-471,SAN BERNARDINO,CA
W6/SD-472,SAN BERNARDINO,CA
W6/SD-473,SAN BERNARDINO,CA
W6/SD-474,SAN BERNARDINO,CA
W6/SD-475,SAN BERNARDINO,CA
W6/SD-476,SAN BERNARDINO,CA
W6/SD-477,SAN BERNARDINO,CA
W6/SD-478,SAN BERNARDINO,CA
W6/SD-479,RIVERSIDE,CA
W6/SD-480,RIVERSIDE,CA
W6/SD-481,SAN BERNARDINO,CA
W6/SD-482,RIVERSIDE,CA
W6/SD-483,SAN BERNARDINO,CA
W6/SD-484,SAN BERNARDINO,CA
W6/SD-485,SAN BERNARDINO,CA
W6/SD-486,SAN BERNARDINO,CA
W6/SD-487,RIVERSIDE,CA
W6/SD-488,SAN BERNARDINO,CA
W6/SD-489,SAN BERNARDINO,CA
W6/SD-490,RIVERSIDE,CA
W6/SD-491,RIVERSIDE,CA
W6/SD-492,SAN BERNARDINO,CA
W6/SD-493,RIVERSIDE,CA
W6/SD-494,RIVERSIDE,CA
W6/SD-495,SAN BERNARDINO,CA
W6/SD-496,SAN BERNARDINO,CA
W6/SD-497,SAN BERNARDINO,CA
W6/SD-498,SAN BERNARDINO,CA
W6/SD-499,SAN BERNARDINO,CA
W6/SD-500,SAN BERNARDINO,CA
W6/SD-501,SAN BERNARDINO,CA
W6/SD-502,SAN BERNARDINO,CA
W6/SD-503,RIVERSIDE,CA
W6/SD-504,RIVERSIDE,CA
W6/SD-505,SAN BERNARDINO,CA
W6/SD-506,SAN BERNARDINO,CA
W6/SD-507,IMPERIAL,CA
W6/SD-508,RIVERSIDE,CA
W6/SD-509,SAN BERNARDINO,CA
W6/SD-510,SAN BERNARDINO,CA
W6/SD-511,RIVERSIDE,CA
W6/SD-512,SAN BERNARDINO,CA
W6/SD-513,RIVERSIDE,CA
W6/SD-514,IMPERIAL,CA
W6/SD-515,RIVERSIDE,CA
W6/SD-516,IMPERIAL,CA
W6/SD-517,RIVERSIDE,CA
W6/SD-518,IMPERIAL,CA
W6/SD-519,IMPERIAL,CA
W6/SD-520,IMPERIAL,CA
W6/SD-521,RIVERSIDE,CA
W6/SD-522,SAN BERNARDINO,CA
W6/SD-523,IMPERIAL,CA
W6/SD-524,SAN BERNARDINO,CA
W6/SD-525,IMPERIAL,CA
W6/SD-526,IMPERIAL,CA
W6/SD-527,IMPERIAL,CA
W6/SD-528,IMPERIAL,CA
W6/SD-529,SAN DIEGO,CA
W6/SN-001,TULARE,CA
W6/SN-002,INYO,CA
W6/SN-004,TULARE,CA
W6/SN-005,TULARE,CA
W6/SN-007,TULARE,CA
W6/SN-008,FRESNO,CA
W6/SN-010,TULARE,CA
W6/SN-011,FRESNO,CA
W6/SN-013,FRESNO,CA
W6/SN-014,INYO,CA
W6/SN-015,MADERA,CA
W6/SN-017,FRESNO,CA
W6/SN-019,FRESNO,CA
W6/SN-020,MONO,CA
W6/SN-021,MADERA,CA
W6/SN-022,FRESNO,CA
W6/SN-023,INYO,CA
W6/SN-025,INYO,CA
W6/SN-026,MONO,CA
W6/SN-031,TULARE,CA
W6/SN-032,ALPINE,CA
W6/SN-035,ALPINE,CA
W6/SN-036,EL DORADO,CA
W6/SN-037,TULARE,CA
W6/SN-038,NEVADA,CA
W6/SN-039,ALPINE,CA
W6/SN-040,MARIPOSA,CA
W6/SN-041,KERN,CA
W6/SN-042,KERN,CA
W6/SN-043,KERN,CA
W6/SN-044,MARIPOSA,CA
W6/SN-045,MARIPOSA,CA
W6/SN-046,PLACER,CA
W6/SN-047,EL DORADO,CA
W6/SN-048,NEVADA,CA
W6/SN-049,EL DORADO,CA
W6/SN-051,MADERA,CA
W6/SN-052,KERN,CA
W6/SS-002,TULARE,CA
W6/SS-006,INYO,CA
W6/SS-009,TULARE,CA
W6/SS-010,TULARE,CA
W6/SS-011,TULARE,CA
W6/SS-012,INYO,CA
W6/SS-013,FRESNO,CA
W6/SS-015,TULARE,CA
W6/SS-017,TULARE,CA
W6/SS-018,TULARE,CA
W6/SS-019,INYO,CA
W6/SS-020,TULARE,CA
W6/SS-021,TULARE,CA
W6/SS-022,TULARE,CA
W6/SS-023,INYO,CA
W6/SS-026,TULARE,CA
W6/SS-027,FRESNO,CA
W6/SS-030,TULARE,CA
W6/SS-031,TULARE,CA
W6/SS-032,INYO,CA
W6/SS-033,FRESNO,CA
W6/SS-035,TULARE,CA
W6/SS-036,FRESNO,CA
W6/SS-037,TULARE,CA
W6/SS-038,FRESNO,CA
W6/SS-039,TULARE,CA
W6/SS-041,TULARE,CA
W6/SS-042,FRESNO,CA
W6/SS-043,INYO,CA
W6/SS-044,TULARE,CA
W6/SS-045,FRESNO,CA
W6/SS-046,TULARE,CA
W6/SS-047,FRESNO,CA
W6/SS-048,INYO,CA
W6/SS-050,TULARE,CA
W6/SS-051,FRESNO,CA
W6/SS-052,TULARE,CA
W6/SS-054,FRESNO,CA
W6/SS-055,FRESNO,CA
W6/SS-056,TULARE,CA
W6/SS-057,TULARE,CA
W6/SS-061,FRESNO,CA
W6/SS-062,INYO,CA
W6/SS-063,FRESNO,CA
W6/SS-064,FRESNO,CA
W6/SS-065,INYO,CA
W6/SS-066,FRESNO,CA
W6/SS-068,MONO,CA
W6/SS-069,FRESNO,CA
W6/SS-070,FRESNO,CA
W6/SS-071,MADERA,CA
W6/SS-072,FRESNO,CA
W6/SS-073,FRESNO,CA
W6/SS-074,FRESNO,CA
W6/SS-075,FRESNO,CA
W6/SS-076,FRESNO,CA
W6/SS-077,TULARE,CA
W6/SS-078,FRESNO,CA
W6/SS-079,FRESNO,CA
W6/SS-080,FRESNO,CA
W6/SS-081,FRESNO,CA
W6/SS-082,FRESNO,CA
W6/SS-083,FRESNO,CA
W6/SS-084,FRESNO,CA
W6/SS-085,TULARE,CA
W6/SS-086,TULARE,CA
W6/SS-087,FRESNO,CA
W6/SS-088,FRESNO,CA
W6/SS-090,MONO,CA
W6/SS-091,INYO,CA
W6/SS-092,INYO,CA
W6/SS-094,FRESNO,CA
W6/SS-096,FRESNO,CA
W6/SS-097,FRESNO,CA
W6/SS-098,FRESNO,CA
W6/SS-099,FRESNO,CA
W6/SS-100,FRESNO,CA
W6/SS-102,INYO,CA
W6/SS-103,TULARE,CA
W6/SS-104,INYO,CA
W6/SS-105,FRESNO,CA
W6/SS-106,FRESNO,CA
W6/SS-107,FRESNO,CA
W6/SS-109,TULARE,CA
W6/SS-110,TULARE,CA
W6/SS-111,FRESNO,CA
W6/SS-112,TULARE,CA
W6/SS-113,MONO,CA
W6/SS-114,FRESNO,CA
W6/SS-115,FRESNO,CA
W6/SS-116,FRESNO,CA
W6/SS-117,FRESNO,CA
W6/SS-118,FRESNO,CA
W6/SS-119,FRESNO,CA
W6/SS-121,MADERA,CA
W6/SS-122,MONO,CA
W6/SS-123,FRESNO,CA
W6/SS-124,TULARE,CA
W6/SS-125,MONO,CA
W6/SS-129,FRESNO,CA
W6/SS-130,TULARE,CA
W6/SS-131,FRESNO,CA
W6/SS-132,FRESNO,CA
W6/SS-133,FRESNO,CA
W6/SS-134,MONO,CA
W6/SS-135,TULARE,CA
W6/SS-136,TULARE,CA
W6/SS-138,TULARE,CA
W6/SS-139,FRESNO,CA
W6/SS-140,FRESNO,CA
W6/SS-141,TULARE,CA
W6/SS-142,TULARE,CA
W6/SS-143,FRESNO,CA
W6/SS-144,FRESNO,CA
W6/SS-145,FRESNO,CA
W6/SS-146,MONO,CA
W6/SS-147,TULARE,CA
W6/SS-149,TULARE,CA
W6/SS-150,FRESNO,CA
W6/SS-151,TULARE,CA
W6/SS-152,MADERA,CA
W6/SS-153,FRESNO,CA
W6/SS-154,FRESNO,CA
W6/SS-155,TULARE,CA
W6/SS-156,FRESNO,CA
W6/SS-158,FRESNO,CA
W6/SS-159,FRESNO,CA
W6/SS-160,FRESNO,CA
W6/SS-161,TULARE,CA
W6/SS-162,FRESNO,CA
W6/SS-163,FRESNO,CA
W6/SS-164,FRESNO,CA
W6/SS-165,TULARE,CA
W6/SS-166,FRESNO,CA
W6/SS-167,FRESNO,CA
W6/SS-169,FRESNO,CA
W6/SS-170,FRESNO,CA
W6/SS-171,TULARE,CA
W6/SS-172,MADERA,CA
W6/SS-173,TULARE,CA
W6/SS-174,FRESNO,CA
W6/SS-175,MONO,CA
W6/SS-176,TULARE,CA
W6/SS-177,FRESNO,CA
W6/SS-178,FRESNO,CA
W6/SS-179,MONO,CA
W6/SS-180,TULARE,CA
W6/SS-181,TULARE,CA
W6/SS-182,TULARE,CA
W6/SS-183,FRESNO,CA
W6/SS-184,FRESNO,CA
W6/SS-185,FRESNO,CA
W6/SS-186,MONO,CA
W6/SS-187,FRESNO,CA
W6/SS-188,MONO,CA
W6/SS-189,MADERA,CA
W6/SS-190,TULARE,CA
W6/SS-191,FRESNO,CA
W6/SS-192,MADERA,CA
W6/SS-193,MADERA,CA
W6/SS-195,TULARE,CA
W6/SS-196,FRESNO,CA
W6/SS-197,MADERA,CA
W6/SS-199,MADERA,CA
W6/SS-200,TULARE,CA
W6/SS-201,MARIPOSA,CA
W6/SS-202,FRESNO,CA
W6/SS-203,FRESNO,CA
W6/SS-204,MARIPOSA,CA
W6/SS-205,MADERA,CA
W6/SS-206,FRESNO,CA
W6/SS-207,MONO,CA
W6/SS-208,MONO,CA
W6/SS-209,FRESNO,CA
W6/SS-210,TULARE,CA
W6/SS-211,MARIPOSA,CA
W6/SS-212,TULARE,CA
W6/SS-213,TULARE,CA
W6/SS-214,FRESNO,CA
W6/SS-215,FRESNO,CA
W6/SS-216,MADERA,CA
W6/SS-217,TULARE,CA
W6/SS-218,INYO,CA
W6/SS-220,FRESNO,CA
W6/SS-221,MADERA,CA
W6/SS-222,FRESNO,CA
W6/SS-224,INYO,CA
W6/SS-225,MADERA,CA
W6/SS-226,INYO,CA
W6/SS-227,INYO,CA
W6/SS-228,FRESNO,CA
W6/SS-229,FRESNO,CA
W6/SS-231,TULARE,CA
W6/SS-232,TULARE,CA
W6/SS-233,FRESNO,CA
W6/SS-234,FRESNO,CA
W6/SS-235,MADERA,CA
W6/SS-236,FRESNO,CA
W6/SS-237,FRESNO,CA
W6/SS-238,FRESNO,CA
W6/SS-239,MARIPOSA,CA
W6/SS-240,FRESNO,CA
W6/SS-241,FRESNO,CA
W6/SS-242,MADERA,CA
W6/SS-243,TULARE,CA
W6/SS-244,FRESNO,CA
W6/SS-245,FRESNO,CA
W6/SS-246,TULARE,CA
W6/SS-247,TULARE,CA
W6/SS-248,TULARE,CA
W6/SS-249,TULARE,CA
W6/SS-250,TULARE,CA
W6/SS-251,FRESNO,CA
W6/SS-252,MONO,CA
W6/SS-253,TULARE,CA
W6/SS-254,TULARE,CA
W6/SS-255,TULARE,CA
W6/SS-256,TULARE,CA
W6/SS-257,MARIPOSA,CA
W6/SS-258,TULARE,CA
W6/SS-259,TULARE,CA
W6/SS-260,FRESNO,CA
W6/SS-261,MADERA,CA
W6/SS-264,FRESNO,CA
W6/SS-265,FRESNO,CA
W6/SS-266,TULARE,CA
W6/SS-267,TUOLUMNE,CA
W6/SS-268,FRESNO,CA
W6/SS-269,FRESNO,CA
W6/SS-270,TULARE,CA
W6/SS-271,FRESNO,CA
W6/SS-272,TULARE,CA
W6/SS-273,FRESNO,CA
W6/SS-274,TULARE,CA
W6/SS-275,TULARE,CA
W6/SS-276,MONO,CA
W6/SS-277,TULARE,CA
W6/SS-278,FRESNO,CA
W6/SS-279,FRESNO,CA
W6/SS-280,INYO,CA
W6/SS-282,TULARE,CA
W6/SS-283,TULARE,CA
W6/SS-284,MONO,CA
W6/SS-285,TULARE,CA
W6/SS-286,TULARE,CA
W6/SS-287,TULARE,CA
W6/SS-288,TULARE,CA
W6/SS-289,TULARE,CA
W6/SS-290,TULARE,CA
W6/SS-291,TULARE,CA
W6/SS-292,TULARE,CA
W6/SS-294,TULARE,CA
W6/SS-295,MADERA,CA
W6/SS-296,MARIPOSA,CA
W6/SS-297,MADERA,CA
W6/SS-298,TULARE,CA
W6/SS-299,TULARE,CA
W6/SS-300,MADERA,CA
W6/SS-301,FRESNO,CA
W6/SS-302,TULARE,CA
W6/SS-303,MARIPOSA,CA
W6/SS-304,FRESNO,CA
W6/SS-305,TULARE,CA
W6/SS-306,MONO,CA
W6/SS-307,FRESNO,CA
W6/SS-308,TULARE,CA
W6/SS-309,FRESNO,CA
W6/SS-310,TULARE,CA
W6/SS-311,TULARE,CA
W6/SS-312,TULARE,CA
W6/SS-313,MARIPOSA,CA
W6/SS-315,TULARE,CA
W6/SS-316,MARIPOSA,CA
W6/SS-317,KERN,CA
W6/SS-318,KERN,CA
W6/SS-319,FRESNO,CA
W6/SS-320,MONO,CA
W6/SS-321,TULARE,CA
W6/SS-322,MADERA,CA
W6/SS-323,MADERA,CA
W6/SS-324,TULARE,CA
W6/SS-325,TULARE,CA
W6/SS-326,TULARE,CA
W6/SS-327,KERN,CA
W6/SS-328,TULARE,CA
W6/SS-329,KERN,CA
W6/SS-330,TULARE,CA
W6/SS-331,TULARE,CA
W6/SS-332,MARIPOSA,CA
W6/SS-333,TULARE,CA
W6/SS-334,TULARE,CA
W6/SS-335,FRESNO,CA
W6/SS-337,TULARE,CA
W6/SS-338,FRESNO,CA
W6/SS-339,INYO,CA
W6/SS-340,TULARE,CA
W6/SS-341,MADERA,CA
W6/SS-343,TULARE,CA
W6/SS-344,TULARE,CA
W6/SS-345,TULARE,CA
W6/SS-346,TULARE,CA
W6/SS-347,KERN,CA
W6/SS-348,KERN,CA
W6/SS-349,MADERA,CA
W6/SS-350,KERN,CA
W6/SS-351,KERN,CA
W6/SS-352,MADERA,CA
W6/SS-353,MARIPOSA,CA
W6/SS-354,FRESNO,CA
W6/SS-355,TULARE,CA
W6/SS-356,KERN,CA
W6/SS-357,TULARE,CA
W6/SS-358,TULARE,CA
W6/SS-359,TULARE,CA
W6/SS-360,TULARE,CA
W6/SS-361,KERN,CA
W6/SS-363,TULARE,CA
W6/SS-364,KERN,CA
W6/SS-365,TULARE,CA
W6/SS-366,TULARE,CA
W6/SS-367,TULARE,CA
W6/SS-368,KERN,CA
W6/SS-369,KERN,CA
W6/SS-370,FRESNO,CA
W6/SS-371,KERN,CA
W6/SS-372,MADERA,CA
W6/SS-373,TULARE,CA
W6/SS-374,TULARE,CA
W6/SS-375,KERN,CA
W6/SS-376,MADERA,CA
W6/SS-377,MARIPOSA,CA
W6/SS-378,KERN,CA
W6/SS-379,INYO,CA
W6/SS-380,TULARE,CA
W6/SS-381,MARIPOSA,CA
W6/SS-382,KERN,CA
W6/SS-383,MADERA,CA
W6/SS-384,KERN,CA
W6/SS-385,KERN,CA
W6/SS-386,KERN,CA
W6/SS-387,TULARE,CA
W6/SS-388,FRESNO,CA
W6/SS-389,TULARE,CA
W6/SS-390,FRESNO,CA
W6/SS-391,TULARE,CA
W6/SS-392,KERN,CA
W6/SS-393,KERN,CA
W6/SS-394,TULARE,CA
W6/SS-395,TULARE,CA
W6/SS-396,MARIPOSA,CA
W6/SS-397,MADERA,CA
W6/SS-398,INYO,CA
W6/SS-399,FRESNO,CA
W6/SS-400,KERN,CA
W6/SS-401,KERN,CA
W6/SS-402,TULARE,CA
W6/SS-403,KERN,CA
W6/SS-404,KERN,CA
W6/SS-405,KERN,CA
W6/SS-406,INYO,CA
W6/SS-407,KERN,CA
W6/SS-408,KERN,CA
W6/SS-409,TULARE,CA
W6/SS-410,KERN,CA
W6/SS-411,KERN,CA
W6/SS-412,KERN,CA
W6/SS-413,KERN,CA
W6/SS-414,KERN,CA
W6/SS-415,TULARE,CA
W6/SS-416,KERN,CA
W6/SS-417,TULARE,CA
W6/SS-418,KERN,CA
W6/SS-419,KERN,CA
W6/SS-420,TULARE,CA
W6/SS-421,MARIPOSA,CA
W6/SS-422,FRESNO,CA
W6/SS-423,KERN,CA
W6/SS-424,TULARE,CA
W6/SS-425,KERN,CA
W6/SS-426,KERN,CA
W6/SS-427,MARIPOSA,CA
W6/SS-428,MARIPOSA,CA
W6/SS-429,TULARE,CA
W6/SS-430,KERN,CA
W6/SS-431,TULARE,CA
W6/SS-432,KERN,CA
W6/SS-433,INYO,CA
W6/SS-434,KERN,CA
W6/SS-435,INYO,CA
W6/SS-436,KERN,CA
W6/SS-437,KERN,CA
W6/SS-438,INYO,CA
W6/SS-439,KERN,CA
W6/SS-440,KERN,CA
W6/SS-441,TULARE,CA
W6/SS-442,INYO,CA
W6/SS-443,KERN,CA
W6/SS-444,FRESNO,CA
W6/SS-445,TULARE,CA
W6/SS-446,FRESNO,CA
W6/SS-447,TULARE,CA
W6/SS-448,KERN,CA
W6/SS-449,INYO,CA
W6/SS-450,MARIPOSA,CA
W6/SS-451,KERN,CA
W6/SS-452,TULARE,CA
W6/SS-453,KERN,CA
W6/SS-454,KERN,CA
W6/SS-455,KERN,CA
W6/SS-456,MADERA,CA
W6/SS-457,MADERA,CA
W6/SS-458,KERN,CA
W6/SS-459,KERN,CA
W6/SS-460,KERN,CA
W6/SS-461,MADERA,CA
W6/SS-462,MARIPOSA,CA
W6/SS-463,TULARE,CA
W6/SS-464,MARIPOSA,CA
W6/SS-465,MADERA,CA
W6/SS-466,TULARE,CA
W6/SS-467,KERN,CA
W6/SS-468,TULARE,CA
W6/SS-469,FRESNO,CA
W6/SS-470,TULARE,CA
W6/SS-471,MARIPOSA,CA
W6/SS-472,FRESNO,CA
W6/SS-473,MARIPOSA,CA
W6/SS-474,KERN,CA
W6/SS-475,KERN,CA
W6/SS-476,TULARE,CA
W6/SS-477,KERN,CA
W6/SS-479,KERN,CA
W6/SS-480,KERN,CA
W6/SS-482,MARIPOSA,CA
W6/SS-483,TULARE,CA
W6/SS-484,KERN,CA
W6/SS-485,FRESNO,CA
W6/SS-486,TULARE,CA
W6/SS-487,MARIPOSA,CA
W6/SS-488,FRESNO,CA
W6/SS-489,MARIPOSA,CA
W6/SS-490,FRESNO,CA
W6/SS-491,FRESNO,CA
W6/SS-492,FRESNO,CA
W6/SS-493,TULARE,CA
W6/SS-494,KERN,CA
W6/SS-495,FRESNO,CA
W6/SS-496,MADERA,CA
W6/SS-497,FRESNO,CA
W6/SS-498,TULARE,CA
W6/SS-499,TULARE,CA
W6/SS-500,FRESNO,CA
W6/SS-501,MARIPOSA,CA
W6/SS-502,TULARE,CA
W6/SS-503,TULARE,CA
W6/SS-504,MADERA,CA
W6/SS-505,MARIPOSA,CA
W6/SS-506,TULARE,CA
W6/SS-507,FRESNO,CA
W6/SS-508,FRESNO,CA
W6/SS-509,MARIPOSA,CA
W6/SS-510,FRESNO,CA
W6/SS-511,FRESNO,CA
W6/SS-512,MADERA,CA
W6/SS-513,FRESNO,CA
W6/SS-514,TULARE,CA
W6/SS-515,TUOLUMNE,CA
W6/SS-516,TUOLUMNE,CA
W6/SS-517,FRESNO,CA
W6/SS-518,FRESNO,CA
W6/SS-519,TULARE,CA
W6/SS-520,TULARE,CA
W6/SS-521,FRESNO,CA
W6/SS-522,FRESNO,CA
W6/SS-523,TULARE,CA
W6/SS-524,FRESNO,CA
W6/SS-525,FRESNO,CA
W6/SS-526,MARIPOSA,CA
W6/SS-527,MARIPOSA,CA
W6/SS-528,MARIPOSA,CA
W6/SS-529,TULARE,CA
W6/SS-530,MARIPOSA,CA
W6/SS-531,MADERA,CA
W6/SS-532,TULARE,CA
W6/SS-533,TUOLUMNE,CA
W6/SS-534,TUOLUMNE,CA
W6/SS-535,TULARE,CA
W6/SS-536,TULARE,CA
W6/SS-537,FRESNO,CA
W6/SS-538,TULARE,CA
W6/SS-539,TULARE,CA
W6/SS-540,FRESNO,CA
W6/SS-541,TULARE,CA
W6/SS-542,TULARE,CA
W6/SS-543,MARIPOSA,CA
W6/SS-544,TULARE,CA
W6/SS-545,FRESNO,CA
W6/SS-546,TULARE,CA
W6/SS-547,TULARE,CA
W6/SS-548,FRESNO,CA
W6/SS-550,FRESNO,CA
W6/SS-551,TULARE,CA
W6/SS-552,MADERA,CA
W6/SS-553,TULARE,CA
W6/SS-554,FRESNO,CA
W6/SS-555,TULARE,CA
W6/SS-556,MADERA,CA
W6/SS-557,MADERA,CA
W6/SS-558,TULARE,CA
W6/SS-559,TULARE,CA
W6/SS-560,MARIPOSA,CA
W6/SS-561,TUOLUMNE,CA
W6/SS-562,TUOLUMNE,CA
W6/SS-563,TULARE,CA
W6/SS-564,TULARE,CA
W6/SS-565,FRESNO,CA
W6/SS-566,TULARE,CA
W6/SS-567,FRESNO,CA
W6/SS-568,TUOLUMNE,CA
W6/SS-569,TULARE,CA
W6/SS-570,TULARE,CA
W6/SS-571,TULARE,CA
W6/SS-572,TULARE,CA
W6/SS-573,TULARE,CA
W6/SS-574,TULARE,CA
W6/SS-575,FRESNO,CA
W6/SS-576,TULARE,CA
W6/SS-577,FRESNO,CA
W6/SS-579,FRESNO,CA
W6/SS-580,TULARE,CA
W6/SS-582,FRESNO,CA
W6/SS-583,MADERA,CA
W6/SS-584,FRESNO,CA
W6/SS-585,TULARE,CA
W6/SS-586,FRESNO,CA
W6/SS-587,FRESNO,CA
W6/SS-588,TULARE,CA
W6/SS-589,FRESNO,CA
W6/SS-590,FRESNO,CA
W6/SS-591,FRESNO,CA
W6/SS-592,TULARE,CA
W6/SS-593,FRESNO,CA
W6/SS-594,FRESNO,CA
W6/SS-595,MADERA,CA
W6/SS-596,TULARE,CA
W6/SS-597,TULARE,CA
W6/SS-598,FRESNO,CA
W6/SS-599,TULARE,CA
W6/SS-601,MADERA,CA
W6/SS-602,TULARE,CA
W6/SS-603,MARIPOSA,CA
W6/SS-605,TULARE,CA
W6/SS-607,TULARE,CA
W6/SS-608,TULARE,CA
W6/SS-609,TULARE,CA
W6/SS-610,TULARE,CA
W6/SS-611,TULARE,CA
W6/SS-612,TULARE,CA
W6/SS-613,MADERA,CA
W6/SS-614,FRESNO,CA
W6/SS-615,FRESNO,CA
W6/SS-616,TULARE,CA
W6/SS-617,TULARE,CA
W6/SS-618,KERN,CA
W6/SS-619,TULARE,CA
W6/SS-620,TULARE,CA
W6/SS-621,TULARE,CA
W6/SS-622,MADERA,CA
W6/SS-623,TULARE,CA
W6/SS-624,TULARE,CA
W6/SS-625,MADERA,CA
W6/SS-627,TULARE,CA
W6/SS-628,KERN,CA
W6/SS-629,TULARE,CA
W6/SS-630,KERN,CA
W6/SS-631,KERN,CA
W6/SS-632,TULARE,CA
W6/SS-633,MADERA,CA
W6/SS-634,KERN,CA
W6/SS-635,TULARE,CA
W6/SS-636,INYO,CA
W6/SS-637,TULARE,CA
W6/SS-638,KERN,CA
W6/SS-639,KERN,CA
W6/SS-640,KERN,CA
W6/SS-641,KERN,CA
W6/SS-642,MARIPOSA,CA
W6/SS-643,KERN,CA
W6/SS-645,FRESNO,CA
W6/SS-646,MARIPOSA,CA
W6/SS-647,KERN,CA
W6/SS-648,TULARE,CA
W6/SS-649,MARIPOSA,CA
W6/SS-650,TULARE,CA
W6/SS-651,FRESNO,CA
W6/SS-652,FRESNO,CA
W6/SS-653,FRESNO,CA
W6/SS-654,TULARE,CA
W6/SS-655,TULARE,CA
W6/SS-656,TULARE,CA
W6/SS-657,TULARE,CA
W6/WH-001,MONO,CA
W6/WH-002,MONO,CA
W6/WH-003,MONO,CA
W6/WH-004,MONO,CA
W6/WH-005,MONO,CA
W6/WH-006,MONO,CA
W6/WH-007,INYO,CA
W6/WH-008,INYO,CA
W6/WH-009,INYO,CA
W6/WH-010,MONO,CA
W6/WH-011,INYO,CA
W6/WH-012,INYO,CA
W6/WH-013,INYO,CA
W6/WH-014,INYO,CA
W0D/BB-001,PENNINGTON,SD
W0D/BB-002,PENNINGTON,SD
W0D/BB-003,CUSTER,SD
W0D/BB-004,PENNINGTON,SD
W0D/BB-005,PENNINGTON,SD
W0D/BB-006,CUSTER,SD
W0D/BB-007,PENNINGTON,SD
W0D/BB-008,PENNINGTON,SD
W0D/BB-009,CUSTER,SD
W0D/BB-010,CUSTER,SD
W0D/BB-011,PENNINGTON,SD
W0D/BB-012,CUSTER,SD
W0D/BB-013,CUSTER,SD
W0D/BB-014,CUSTER,SD
W0D/BB-015,PENNINGTON,SD
W0D/BB-016,CUSTER,SD
W0D/BB-017,PENNINGTON,SD
W0D/BB-018,CUSTER,SD
W0D/BB-019,PENNINGTON,SD
W0D/BB-020,PENNINGTON,SD
W0D/BB-021,FALL RIVER,SD
W0D/BB-022,CUSTER,SD
W0D/BB-023,FALL RIVER,SD
W0D/BB-024,FALL RIVER,SD
W0D/BB-025,FALL RIVER,SD
W0D/BB-026,FALL RIVER,SD
W0D/BB-027,CUSTER,SD
W0D/BB-028,PENNINGTON,SD
W0D/BB-029,PENNINGTON,SD
W0D/BB-030,CUSTER,SD
W0D/BB-031,PENNINGTON,SD
W0D/BB-032,PENNINGTON,SD
W0D/BB-033,PENNINGTON,SD
W0D/BB-034,PENNINGTON,SD
W0D/BB-035,PENNINGTON,SD
W0D/BB-036,CUSTER,SD
W0D/BB-037,CUSTER,SD
W0D/BB-038,CUSTER,SD
W0D/BB-039,CUSTER,SD
W0D/BB-040,PENNINGTON,SD
W0D/BB-041,PENNINGTON,SD
W0D/BB-042,PENNINGTON,SD
W0D/BB-043,CUSTER,SD
W0D/BB-044,CUSTER,SD
W0D/BB-045,PENNINGTON,SD
W0D/BB-046,CUSTER,SD
W0D/BB-047,PENNINGTON,SD
W0D/BB-048,PENNINGTON,SD
W0D/BB-049,PENNINGTON,SD
W0D/BB-050,PENNINGTON,SD
W0D/BB-051,CUSTER,SD
W0D/BB-052,PENNINGTON,SD
W0D/BB-053,CUSTER,SD
W0D/BB-054,PENNINGTON,SD
W0D/BB-055,CUSTER,SD
W0D/BB-056,PENNINGTON,SD
W0D/BB-057,CUSTER,SD
W0D/BB-058,CUSTER,SD
W0D/BB-059,PENNINGTON,SD
W0D/BB-060,PENNINGTON,SD
W0D/BB-061,CUSTER,SD
W0D/BB-062,PENNINGTON,SD
W0D/BB-063,CUSTER,SD
W0D/BB-064,PENNINGTON,SD
W0D/BB-065,PENNINGTON,SD
W0D/BB-066,PENNINGTON,SD
W0D/BB-067,PENNINGTON,SD
W0D/BB-068,CUSTER,SD
W0D/BB-069,CUSTER,SD
W0D/BB-070,CUSTER,SD
W0D/BB-071,PENNINGTON,SD
W0D/BB-072,PENNINGTON,SD
W0D/BB-073,CUSTER,SD
W0D/BB-074,CUSTER,SD
W0D/BB-075,CUSTER,SD
W0D/BB-076,CUSTER,SD
W0D/BB-077,PENNINGTON,SD
W0D/BB-078,PENNINGTON,SD
W0D/BB-079,CUSTER,SD
W0D/BB-080,PENNINGTON,SD
W0D/BB-081,PENNINGTON,SD
W0D/BB-082,PENNINGTON,SD
W0D/BB-083,PENNINGTON,SD
W0D/BB-084,CUSTER,SD
W0D/BB-085,PENNINGTON,SD
W0D/BB-086,CUSTER,SD
W0D/BB-087,PENNINGTON,SD
W0D/BB-088,CUSTER,SD
W0D/BB-089,CUSTER,SD
W0D/BB-090,PENNINGTON,SD
W0D/BB-091,CUSTER,SD
W0D/BB-092,CUSTER,SD
W0D/BB-093,CUSTER,SD
W0D/BB-094,CUSTER,SD
W0D/BB-095,PENNINGTON,SD
W0D/BB-096,PENNINGTON,SD
W0D/BB-097,PENNINGTON,SD
W0D/BB-098,FALL RIVER,SD
W0D/BB-099,CUSTER,SD
W0D/BB-100,FALL RIVER,SD
W0D/BB-101,FALL RIVER,SD
W0D/BB-102,FALL RIVER,SD
W0D/BB-103,CUSTER,SD
W0D/BB-104,FALL RIVER,SD
W0D/BB-105,FALL RIVER,SD
W0D/BB-106,CUSTER,SD
W0D/BB-107,CUSTER,SD
W0D/BB-108,PENNINGTON,SD
W0D/BB-109,FALL RIVER,SD
W0D/BB-110,PENNINGTON,SD
W0D/BB-111,FALL RIVER,SD
W0D/BB-112,PENNINGTON,SD
W0D/BB-113,FALL RIVER,SD
W0D/BB-114,JACKSON,SD
W0D/BB-115,BENNETT,SD
W0D/BB-116,JACKSON,SD
W0D/BB-117,OGLALA LAKOTA,SD
W0D/BB-118,PENNINGTON,SD
W0D/NW-001,LAWRENCE,SD
W0D/NW-002,LAWRENCE,SD
W0D/NW-003,LAWRENCE,SD
W0D/NW-004,LAWRENCE,SD
W0D/NW-005,MEADE,SD
W0D/NW-006,LAWRENCE,SD
W0D/NW-007,LAWRENCE,SD
W0D/NW-008,LAWRENCE,SD
W0D/NW-009,LAWRENCE,SD
W0D/NW-010,LAWRENCE,SD
W0D/NW-011,MEADE,SD
W0D/NW-012,MEADE,SD
W0D/NW-013,HARDING,SD
W0D/NW-014,HARDING,SD
W0D/NW-015,BUTTE,SD
W0D/NW-016,BUTTE,SD
W0D/NW-017,HARDING,SD
W0D/NW-018,LAWRENCE,SD
W0D/NW-019,LAWRENCE,SD
W0D/NW-020,LAWRENCE,SD
W0D/NW-021,LAWRENCE,SD
W0D/NW-022,LAWRENCE,SD
W0D/NW-023,LAWRENCE,SD
W0D/NW-024,LAWRENCE,SD
W0D/NW-025,LAWRENCE,SD
W0D/NW-026,LAWRENCE,SD
W0D/NW-027,LAWRENCE,SD
W0D/NW-028,LAWRENCE,SD
W0D/NW-029,LAWRENCE,SD
W0D/NW-030,LAWRENCE,SD
W0D/NW-031,LAWRENCE,SD
W0D/NW-032,LAWRENCE,SD
W0D/NW-033,LAWRENCE,SD
W0D/NW-034,LAWRENCE,SD
W0D/NW-035,MEADE,SD
W0D/NW-036,LAWRENCE,SD
W0D/NW-037,LAWRENCE,SD
W0D/NW-038,MEADE,SD
W0D/NW-039,MEADE,SD
W0D/NW-040,MEADE,SD
W0D/NW-041,MEADE,SD
W0D/NW-042,LAWRENCE,SD
W0D/NW-043,LAWRENCE,SD
W0D/NW-044,LAWRENCE,SD
W0D/NW-045,LAWRENCE,SD
W0D/NW-046,MEADE,SD
W0D/NW-047,MEADE,SD
W0D/NW-048,MEADE,SD
W0D/NW-049,LAWRENCE,SD
W0D/NW-050,MEADE,SD
W0D/NW-051,MEADE,SD
W0D/NW-052,MEADE,SD
W0D/NW-053,HARDING,SD
W0D/NW-054,BUTTE,SD
W0D/NW-055,HARDING,SD
W0D/NW-056,HARDING,SD
W0D/NW-057,HARDING,SD
W0D/NW-058,HARDING,SD
W0D/NW-059,HARDING,SD
W0D/NW-060,HARDING,SD
W0D/NW-061,BUTTE,SD
W0D/NW-062,HARDING,SD
W0D/NW-063,MEADE,SD
W0D/ES-001,HYDE,SD
W0D/ES-002,ROBERTS,SD
W0D/MR-001,TRIPP,SD
W0D/MR-002,TRIPP,SD
W0D/MR-003,LYMAN,SD
W0D/MR-004,WALWORTH,SD
W0D/MR-005,LYMAN,SD
W0D/MR-006,GREGORY,SD
W0D/MR-007,CAMPBELL,SD
W0D/MR-008,CHARLES MIX,SD
W0D/MR-009,CHARLES MIX,SD
W0D/MR-010,CHARLES MIX,SD
W0D/MR-012,CHARLES MIX,SD
W0D/ND-001,GOLDEN VALLEY,ND
W0D/ND-002,BILLINGS,ND
W0D/ND-003,GOLDEN VALLEY,ND
W0D/ND-004,GOLDEN VALLEY,ND
W0D/ND-005,SLOPE,ND
W0D/ND-006,SLOPE,ND
W0D/ND-007,GOLDEN VALLEY,ND
W0D/ND-008,SLOPE,ND
W0D/ND-009,SLOPE,ND
W0D/ND-010,BOWMAN,ND
W0D/ND-011,GOLDEN VALLEY,ND
W0D/ND-012,GOLDEN VALLEY,ND
W0D/ND-013,DUNN,ND
W0D/ND-014,DUNN,ND
W0D/ND-015,STARK,ND
W0D/ND-016,HETTINGER,ND
W0D/ND-017,GRANT,ND
W0D/ND-018,MCKENZIE,ND
W0D/ND-019,HETTINGER,ND
W0D/ND-020,MCKENZIE,ND
W0D/ND-021,MCKENZIE,ND
W0D/ND-022,DUNN,ND
W0D/ND-023,MCKENZIE,ND
W0D/ND-024,MCKENZIE,ND
W0D/ND-025,MCKENZIE,ND
W0D/ND-026,MCKENZIE,ND
W0D/ND-027,MOUNTRAIL,ND
W0D/ND-028,SIOUX,ND
W0D/ND-029,BOTTINEAU,ND
W0D/ND-030,MOUNTRAIL,ND
W0D/ND-031,MORTON,ND
W0D/ND-032,DUNN,ND
W0D/ND-033,DUNN,ND
W0D/ND-034,MORTON,ND
W0D/ND-035,MORTON,ND
W0D/ND-036,KIDDER,ND
W0D/ND-037,WILLIAMS,ND
W0D/ND-038,MOUNTRAIL,ND
W0D/ND-039,LOGAN,ND
W0D/ND-040,EMMONS,ND
W0D/ND-041,BURLEIGH,ND
W8V/EP-001,BERKELEY,WV
W8V/EP-002,MORGAN,WV
W8V/EP-003,JEFFERSON,WV
W8V/EP-004,BERKELEY,WV
W8V/HM-001,BOONE & WYOMING,WV
W8V/HM-002,BOONE & RALEIGH,WV
W8V/HM-003,BOONE & RALEIGH,WV
W8V/HM-004,LOGAN & WYOMING,WV
W8V/HM-005,LOGAN,WV
W8V/HM-006,LOGAN,WV
W8V/HM-007,LOGAN & MINGO,WV
W8V/HM-008,LOGAN & MINGO,WV
W8V/HM-009,LOGAN,WV
W8V/HM-010,LOGAN,WV
W8V/HM-011,"MCDOWELL, MINGO, & WYOMING",WV
W8V/HM-012,LOGAN,WV
W8V/HM-013,LOGAN,WV
W8V/HM-014,LOGAN & MINGO,WV
W8V/HM-015,LOGAN,WV
W8V/HM-016,LOGAN,WV
W8V/HM-018,LOGAN,WV
W8V/HM-019,BOONE,WV
W8V/HM-020,BOONE,WV
W8V/HM-021,BOONE,WV
W8V/HM-022,LOGAN,WV
W8V/HM-023,LOGAN,WV
W8V/HM-024,LOGAN & MINGO,WV
W8V/HM-025,LOGAN,WV
W8V/HM-026,BOONE,WV
W8V/HM-027,LOGAN & MINGO,WV
W8V/HM-028,LOGAN,WV
W8V/HM-029,LOGAN,WV
W8V/HM-030,LOGAN,WV
W8V/HM-031,LOGAN,WV
W8V/HM-032,LOGAN,WV
W8V/HM-033,LOGAN,WV
W8V/HM-034,LOGAN,WV
W8V/HM-035,MINGO & WAYNE,WV
W8V/HM-036,BOONE,WV
W8V/HM-037,LINCOLN,WV
W8V/MC-001,PRESTON,WV
W8V/MC-002,BARBOUR & TUCKER,WV
W8V/MC-003,PRESTON,WV
W8V/MC-004,BARBOUR & RANDOLPH,WV
W8V/MC-005,BARBOUR & RANDOLPH,WV
W8V/MC-006,PRESTON,WV
W8V/MC-007,PRESTON,WV
W8V/MC-008,PRESTON,WV
W8V/MC-009,MONONGALIA,WV
W8V/MC-010,MONONGALIA,WV
W8V/MC-011,BARBOUR,WV
W8V/MC-012,BARBOUR,WV
W8V/MC-013,TAYLOR,WV
W8V/MC-014,MONONGALIA,WV
W8V/ML-001,WEBSTER,WV
W8V/ML-002,NICHOLAS,WV
W8V/ML-003,WEBSTER,WV
W8V/ML-004,NICHOLAS,WV
W8V/ML-005,WEBSTER,WV
W8V/ML-006,WEBSTER,WV
W8V/ML-007,NICHOLAS,WV
W8V/ML-008,NICHOLAS,WV
W8V/ML-009,NICHOLAS,WV
W8V/ML-010,NICHOLAS,WV
W8V/ML-011,WEBSTER,WV
W8V/ML-012,NICHOLAS,WV
W8V/ML-013,NICHOLAS,WV
W8V/ML-014,NICHOLAS,WV
W8V/ML-015,WEBSTER,WV
W8V/ML-016,BRAXTON,WV
W8V/ML-017,BRAXTON & LEWIS,WV
W8V/ML-018,BRAXTON,WV
W8V/ML-019,BRAXTON,WV
W8V/ML-020,LEWIS,WV
W8V/ML-021,BRAXTON,WV
W8V/ML-022,LEWIS,WV
W8V/ML-023,CLAY,WV
W8V/ML-024,BRAXTON,WV
W8V/MV-001,MINGO,WV
W8V/MV-002,MINGO,WV
W8V/MV-003,MINGO,WV
W8V/MV-004,MINGO,WV
W8V/MV-005,MINGO,WV
W8V/MV-006,MINGO,WV
W8V/MV-007,MINGO,WV
W8V/MV-008,MINGO,WV
W8V/MV-009,MINGO,WV
W8V/MV-010,MINGO,WV
W8V/MV-011,MINGO,WV
W8V/MV-012,MINGO,WV
W8V/MV-013,MINGO,WV
W8V/MV-014,MINGO,WV
W8V/MV-015,MINGO,WV
W8V/MV-016,MINGO,WV
W8V/NP-001,TYLER,WV
W8V/NR-001,GREENBRIER,WV
W8V/NR-002,GREENBRIER,WV
W8V/NR-005,GREENBRIER,WV
W8V/NR-006,RALEIGH & WYOMING,WV
W8V/NR-007,GREENBRIER,WV
W8V/NR-008,GREENBRIER & POCAHONTAS,WV
W8V/NR-009,MERCER & RALEIGH,WV
W8V/NR-010,MERCER & RALEIGH,WV
W8V/NR-011,GREENBRIER,WV
W8V/NR-012,FAYETTE,WV
W8V/NR-013,RALEIGH & SUMMERS,WV
W8V/NR-014,MERCER & WYOMING,WV
W8V/NR-015,MONROE,WV
W8V/NR-016,RALEIGH,WV
W8V/NR-017,MONROE,WV
W8V/NR-018,GREENBRIER,WV
W8V/NR-019,MONROE,WV
W8V/NR-020,GREENBRIER,WV
W8V/NR-021,GREENBRIER,WV
W8V/NR-022,WYOMING,WV
W8V/NR-023,GREENBRIER,WV
W8V/NR-024,GREENBRIER,WV
W8V/NR-025,GREENBRIER,WV
W8V/NR-026,MERCER,WV
W8V/NR-027,GREENBRIER & MONROE,WV
W8V/NR-028,SUMMERS,WV
W8V/NR-029,FAYETTE & RALEIGH,WV
W8V/NR-030,SUMMERS,WV
W8V/NR-031,MONROE,WV
W8V/NR-032,GREENBRIER,WV
W8V/NR-033,GREENBRIER,WV
W8V/NR-034,MERCER,WV
W8V/NR-035,MONROE,WV
W8V/NR-036,MONROE,WV
W8V/NR-037,GREENBRIER,WV
W8V/NR-038,MERCER,WV
W8V/NR-039,MONROE,WV
W8V/NR-040,GREENBRIER,WV
W8V/NR-041,MERCER,WV
W8V/NR-042,FAYETTE & RALEIGH,WV
W8V/NR-043,MERCER,WV
W8V/NR-045,MONROE,WV
W8V/NR-046,WYOMING,WV
W8V/NR-048,WYOMING,WV
W8V/NR-049,GREENBRIER,WV
W8V/NR-050,GREENBRIER,WV
W8V/NR-051,GREENBRIER,WV
W8V/NR-052,SUMMERS,WV
W8V/NR-053,WYOMING,WV
W8V/NR-054,GREENBRIER,WV
W8V/NR-055,FAYETTE,WV
W8V/NR-056,MCDOWELL,WV
W8V/NR-057,MCDOWELL,WV
W8V/NR-058,FAYETTE,WV
W8V/NR-059,FAYETTE,WV
W8V/NR-060,WYOMING,WV
W8V/NR-061,WYOMING,WV
W8V/NR-062,MONROE,WV
W8V/NR-063,MONROE,WV
W8V/NR-064,FAYETTE,WV
W8V/NR-065,FAYETTE,WV
W8V/NR-066,MONROE,WV
W8V/NR-067,RALEIGH,WV
W8V/NR-068,FAYETTE,WV
W8V/NR-069,MONROE,WV
W8V/NR-070,FAYETTE,WV
W8V/NR-071,WYOMING,WV
W8V/NR-072,MCDOWELL,WV
W8V/NR-073,WYOMING,WV
W8V/NR-074,FAYETTE,WV
W8V/NR-076,MCDOWELL,WV
W8V/NR-077,FAYETTE,WV
W8V/NR-078,WYOMING,WV
W8V/NR-079,MCDOWELL,WV
W8V/NR-080,MCDOWELL & WYOMING,WV
W8V/NR-081,WYOMING,WV
W8V/NR-082,RALEIGH,WV
W8V/NR-083,SUMMERS,WV
W8V/NR-084,WYOMING,WV
W8V/NR-085,MCDOWELL & WYOMING,WV
W8V/NR-086,FAYETTE,WV
W8V/NR-087,WYOMING,WV
W8V/NR-088,WYOMING,WV
W8V/NR-089,WYOMING,WV
W8V/NR-090,MCDOWELL,WV
W8V/NR-091,WYOMING,WV
W8V/NR-092,MCDOWELL,WV
W8V/NR-093,FAYETTE,WV
W8V/PH-001,PENDLETON,WV
W8V/PH-002,POCAHONTAS,WV
W8V/PH-003,POCAHONTAS,WV
W8V/PH-004,POCAHONTAS,WV
W8V/PH-005,PENDLETON & RANDOLPH,WV
W8V/PH-006,POCAHONTAS,WV
W8V/PH-007,POCAHONTAS,WV
W8V/PH-008,RANDOLPH,WV
W8V/PH-009,RANDOLPH,WV
W8V/PH-010,RANDOLPH,WV
W8V/PH-011,RANDOLPH,WV
W8V/PH-012,POCAHONTAS,WV
W8V/PH-013,POCAHONTAS,WV
W8V/PH-014,PENDLETON,WV
W8V/PH-015,POCAHONTAS,WV
W8V/PH-016,PENDLETON,WV
W8V/PH-017,POCAHONTAS,WV
W8V/PH-018,RANDOLPH,WV
W8V/PH-019,PENDLETON,WV
W8V/PH-020,PENDLETON,WV
W8V/PH-021,POCAHONTAS,WV
W8V/PH-022,POCAHONTAS,WV
W8V/PH-023,TUCKER,WV
W8V/PH-024,POCAHONTAS & RANDOLPH,WV
W8V/PH-025,POCAHONTAS,WV
W8V/PH-026,RANDOLPH,WV
W8V/PH-027,RANDOLPH,WV
W8V/PH-028,PENDLETON & RANDOLPH,WV
W8V/PH-029,RANDOLPH,WV
W8V/PH-030,POCAHONTAS,WV
W8V/PH-031,RANDOLPH,WV
W8V/PH-032,RANDOLPH,WV
W8V/PH-033,POCAHONTAS,WV
W8V/PH-034,RANDOLPH,WV
W8V/PH-035,RANDOLPH,WV
W8V/PH-036,RANDOLPH,WV
W8V/PH-037,POCAHONTAS & RANDOLPH,WV
W8V/PH-038,POCAHONTAS,WV
W8V/PH-040,RANDOLPH,WV
W8V/PH-041,TUCKER,WV
W8V/PH-042,PENDLETON,WV
W8V/PH-043,RANDOLPH,WV
W8V/PH-044,PENDLETON & RANDOLPH,WV
W8V/PH-045,RANDOLPH,WV
W8V/PH-046,RANDOLPH,WV
W8V/PH-047,RANDOLPH,WV
W8V/PH-048,RANDOLPH,WV
W8V/PH-049,RANDOLPH,WV
W8V/PH-050,RANDOLPH,WV
W8V/PH-051,RANDOLPH,WV
W8V/PH-052,RANDOLPH,WV
W8V/PH-053,TUCKER,WV
W8V/PH-054,PENDLETON,WV
W8V/PH-055,RANDOLPH,WV
W8V/PH-056,RANDOLPH & TUCKER,WV
W8V/PH-057,POCAHONTAS,WV
W8V/PH-058,TUCKER,WV
W8V/PH-059,POCAHONTAS,WV
W8V/PH-060,RANDOLPH,WV
W8V/PH-061,POCAHONTAS,WV
W8V/PH-062,RANDOLPH,WV
W8V/PH-063,POCAHONTAS,WV
W8V/PH-065,TUCKER,WV
W8V/PH-066,GRANT,WV
W8V/PH-067,POCAHONTAS,WV
W8V/PH-068,POCAHONTAS,WV
W8V/PH-069,POCAHONTAS,WV
W8V/PH-070,POCAHONTAS,WV
W8V/PH-071,PENDLETON,WV
W8V/PH-072,PENDLETON,WV
W8V/PH-073,POCAHONTAS,WV
W8V/PH-074,PENDLETON,WV
W8V/PH-075,POCAHONTAS,WV
W8V/PH-076,POCAHONTAS,WV
W8V/PH-077,POCAHONTAS,WV
W8V/PH-078,PENDLETON,WV
W8V/PH-079,HARDY,WV
W8V/PH-080,PENDLETON,WV
W8V/PH-081,PENDLETON,WV
W8V/PH-082,POCAHONTAS,WV
W8V/PH-083,PENDLETON,WV
W8V/PH-084,PENDLETON,WV
W8V/PH-085,RANDOLPH,WV
W8V/PH-086,POCAHONTAS,WV
W8V/PH-087,PENDLETON,WV
W8V/PH-088,RANDOLPH,WV
W8V/PH-089,PENDLETON,WV
W8V/PH-090,PENDLETON,WV
W8V/PH-091,PENDLETON,WV
W8V/PH-092,TUCKER,WV
W8V/PH-093,PENDLETON,WV
W8V/PH-094,HARDY,WV
W8V/PH-095,PENDLETON,WV
W8V/PH-096,GRANT,WV
W8V/PH-097,PENDLETON,WV
W8V/PH-098,HARDY,WV
W8V/PH-099,PENDLETON,WV
W8V/PH-100,GRANT,WV
W8V/PH-101,HARDY,WV
W8V/PH-102,HARDY,WV
W8V/PH-103,PENDLETON,WV
W8V/PH-104,PENDLETON,WV
W8V/PH-105,RANDOLPH,WV
W8V/PH-106,PENDLETON,WV
W8V/PH-107,HARDY,WV
W8V/PH-108,PENDLETON,WV
W8V/PH-109,GRANT & HARDY,WV
W8V/PH-110,HARDY,WV
W8V/PH-111,HARDY,WV
W8V/PH-112,PENDLETON,WV
W8V/PH-113,GRANT & HARDY,WV
W8V/PH-114,PENDLETON,WV
W8V/PH-115,PENDLETON,WV
W8V/PH-116,GRANT,WV
W8V/PH-117,GRANT,WV
W8V/PH-118,HARDY,WV
W8V/PH-119,GRANT & HARDY,WV
W8V/PH-120,GRANT,WV
W8V/PH-121,GRANT & HARDY,WV
W8V/PH-122,GRANT,WV
W8V/PH-123,HAMPSHIRE & HARDY,WV
W8V/PH-124,GRANT,WV
W8V/PH-125,TUCKER,WV
W8V/PH-126,HAMPSHIRE,WV
W8V/PH-127,MINERAL,WV
W8V/PH-128,HARDY,WV
W8V/PH-129,HARDY,WV
W8V/PH-130,GRANT,WV
W8V/PH-131,GRANT,WV
W8V/PH-132,HAMPSHIRE,WV
W8V/PH-133,GRANT,WV
W8V/PH-134,HARDY,WV
W8V/PH-135,PENDLETON,WV
W8V/PH-136,PENDLETON,WV
W8V/PH-137,HAMPSHIRE,WV
W8V/PH-138,HAMPSHIRE,WV
W8V/PH-139,MINERAL,WV
W8V/PH-140,MINERAL,WV
W8V/PH-141,HAMPSHIRE,WV
W8V/PH-142,MINERAL,WV
W8V/PH-143,MINERAL,WV
W8V/PH-144,HAMPSHIRE,WV
W8V/PH-145,HAMPSHIRE,WV
W8V/PH-146,MINERAL,WV
W8V/PH-147,HAMPSHIRE,WV
W8V/PH-148,HAMPSHIRE,WV
W8V/PH-149,HAMPSHIRE,WV
W8V/PH-150,MINERAL,WV
W8V/PH-151,HARDY,WV
W8V/PH-152,GRANT,WV
W8V/PH-153,HAMPSHIRE & MINERAL,WV
W8V/PH-154,MINERAL,WV
W7A/AP-001,APACHE,AZ
W7A/AP-002,APACHE,AZ
W7A/AP-003,APACHE,AZ
W7A/AP-004,APACHE,AZ
W7A/AP-005,APACHE,AZ
W7A/AP-006,APACHE,AZ
W7A/AP-007,APACHE,AZ
W7A/AP-008,APACHE,AZ
W7A/AP-009,APACHE,AZ
W7A/AP-010,APACHE,AZ
W7A/AP-011,APACHE,AZ
W7A/AP-012,APACHE,AZ
W7A/AP-013,APACHE,AZ
W7A/AP-014,APACHE,AZ
W7A/AP-015,APACHE,AZ
W7A/AP-016,APACHE,AZ
W7A/AP-017,APACHE,AZ
W7A/AP-018,APACHE,AZ
W7A/AP-019,APACHE,AZ
W7A/AP-020,APACHE,AZ
W7A/AP-021,APACHE,AZ
W7A/AP-022,APACHE,AZ
W7A/AP-023,APACHE,AZ
W7A/AP-024,APACHE,AZ
W7A/AP-025,APACHE,AZ
W7A/AP-026,APACHE,AZ
W7A/AP-027,APACHE,AZ
W7A/AP-028,APACHE,AZ
W7A/AP-029,APACHE,AZ
W7A/AP-030,APACHE,AZ
W7A/AP-031,APACHE,AZ
W7A/AP-032,APACHE,AZ
W7A/AP-033,APACHE,AZ
W7A/AP-034,APACHE,AZ
W7A/AP-035,APACHE,AZ
W7A/AP-036,APACHE,AZ
W7A/AP-037,APACHE,AZ
W7A/AP-038,APACHE,AZ
W7A/AP-039,APACHE,AZ
W7A/AP-040,APACHE,AZ
W7A/AP-041,APACHE,AZ
W7A/AP-042,APACHE,AZ
W7A/AP-043,APACHE,AZ
W7A/AP-044,APACHE,AZ
W7A/AP-045,APACHE,AZ
W7A/AP-046,APACHE,AZ
W7A/AP-047,APACHE,AZ
W7A/AP-048,APACHE,AZ
W7A/AP-049,APACHE,AZ
W7A/AP-050,APACHE,AZ
W7A/AP-051,APACHE,AZ
W7A/AP-052,APACHE,AZ
W7A/AP-053,APACHE,AZ
W7A/AP-054,APACHE,AZ
W7A/AP-055,APACHE,AZ
W7A/AP-056,APACHE,AZ
W7A/AP-057,APACHE,AZ
W7A/AP-058,APACHE,AZ
W7A/AP-059,APACHE,AZ
W7A/AP-060,APACHE,AZ
W7A/AP-061,APACHE,AZ
W7A/AP-062,APACHE,AZ
W7A/AP-063,APACHE,AZ
W7A/AP-064,APACHE,AZ
W7A/AP-065,APACHE,AZ
W7A/AP-066,APACHE,AZ
W7A/AP-067,APACHE,AZ
W7A/AP-068,APACHE,AZ
W7A/CN-001,COCONINO,AZ
W7A/CN-002,COCONINO,AZ
W7A/CN-003,COCONINO,AZ
W7A/CN-004,COCONINO,AZ
W7A/CN-005,COCONINO,AZ
W7A/CN-006,COCONINO,AZ
W7A/CN-007,COCONINO,AZ
W7A/CN-008,COCONINO,AZ
W7A/CN-009,COCONINO,AZ
W7A/CN-010,COCONINO,AZ
W7A/CN-011,COCONINO,AZ
W7A/CN-012,COCONINO,AZ
W7A/CN-013,COCONINO,AZ
W7A/CN-014,COCONINO,AZ
W7A/CN-015,COCONINO,AZ
W7A/CN-016,COCONINO,AZ
W7A/CN-017,COCONINO,AZ
W7A/CN-018,COCONINO,AZ
W7A/CN-019,COCONINO,AZ
W7A/CN-020,COCONINO,AZ
W7A/CN-021,COCONINO,AZ
W7A/CN-022,COCONINO,AZ
W7A/CN-023,COCONINO,AZ
W7A/CN-024,COCONINO,AZ
W7A/CN-025,COCONINO,AZ
W7A/CN-026,COCONINO,AZ
W7A/CN-027,COCONINO,AZ
W7A/CN-028,COCONINO,AZ
W7A/CN-029,COCONINO,AZ
W7A/CN-030,COCONINO,AZ
W7A/CN-031,COCONINO,AZ
W7A/CN-032,COCONINO,AZ
W7A/CN-033,COCONINO,AZ
W7A/CN-034,COCONINO,AZ
W7A/CN-035,COCONINO,AZ
W7A/CN-036,COCONINO,AZ
W7A/CN-037,COCONINO,AZ
W7A/CN-038,COCONINO,AZ
W7A/CN-039,COCONINO,AZ
W7A/CN-040,COCONINO,AZ
W7A/CN-041,COCONINO,AZ
W7A/CN-042,COCONINO,AZ
W7A/CN-043,COCONINO,AZ
W7A/CN-044,COCONINO,AZ
W7A/CN-045,COCONINO,AZ
W7A/CN-046,COCONINO,AZ
W7A/CN-047,COCONINO,AZ
W7A/CN-048,COCONINO,AZ
W7A/CN-049,COCONINO,AZ
W7A/CN-050,COCONINO,AZ
W7A/CN-051,COCONINO,AZ
W7A/CN-052,COCONINO,AZ
W7A/CN-053,COCONINO,AZ
W7A/CN-054,COCONINO,AZ
W7A/CN-055,COCONINO,AZ
W7A/CN-056,COCONINO,AZ
W7A/CN-057,COCONINO,AZ
W7A/CN-058,COCONINO,AZ
W7A/CN-059,COCONINO,AZ
W7A/CN-060,COCONINO,AZ
W7A/CN-061,COCONINO,AZ
W7A/CN-062,COCONINO,AZ
W7A/CN-063,COCONINO,AZ
W7A/CN-064,COCONINO,AZ
W7A/CN-065,COCONINO,AZ
W7A/CN-066,COCONINO,AZ
W7A/CN-067,COCONINO,AZ
W7A/CN-068,COCONINO,AZ
W7A/CN-069,COCONINO,AZ
W7A/CN-070,COCONINO,AZ
W7A/CN-071,COCONINO,AZ
W7A/CN-072,COCONINO,AZ
W7A/CN-073,COCONINO,AZ
W7A/CN-074,COCONINO,AZ
W7A/CN-075,COCONINO,AZ
W7A/CN-076,COCONINO,AZ
W7A/CN-077,COCONINO,AZ
W7A/CN-078,COCONINO,AZ
W7A/CN-079,COCONINO,AZ
W7A/CN-080,COCONINO,AZ
W7A/CN-081,COCONINO,AZ
W7A/CN-082,COCONINO,AZ
W7A/CN-083,COCONINO,AZ
W7A/CN-084,COCONINO,AZ
W7A/CN-085,COCONINO,AZ
W7A/CN-086,COCONINO,AZ
W7A/CN-087,COCONINO,AZ
W7A/CN-088,COCONINO,AZ
W7A/CN-089,COCONINO,AZ
W7A/CN-090,COCONINO,AZ
W7A/CN-091,COCONINO,AZ
W7A/CN-092,COCONINO,AZ
W7A/CN-093,COCONINO,AZ
W7A/CN-094,COCONINO,AZ
W7A/CN-095,COCONINO,AZ
W7A/CN-096,COCONINO,AZ
W7A/CN-097,COCONINO,AZ
W7A/CN-098,COCONINO,AZ
W7A/CN-099,COCONINO,AZ
W7A/CN-100,COCONINO,AZ
W7A/CN-101,COCONINO,AZ
W7A/CN-102,COCONINO,AZ
W7A/CN-103,COCONINO,AZ
W7A/CN-104,COCONINO,AZ
W7A/CN-105,COCONINO,AZ
W7A/CN-106,COCONINO,AZ
W7A/CN-107,COCONINO,AZ
W7A/CN-108,COCONINO,AZ
W7A/CN-109,COCONINO,AZ
W7A/CN-110,COCONINO,AZ
W7A/CN-111,COCONINO,AZ
W7A/CN-112,COCONINO,AZ
W7A/CN-113,COCONINO,AZ
W7A/CN-114,COCONINO,AZ
W7A/CN-115,COCONINO,AZ
W7A/CN-116,COCONINO,AZ
W7A/CN-117,COCONINO,AZ
W7A/CN-118,COCONINO,AZ
W7A/CN-119,COCONINO,AZ
W7A/CN-120,COCONINO,AZ
W7A/CN-121,COCONINO,AZ
W7A/CN-122,COCONINO,AZ
W7A/CN-123,COCONINO,AZ
W7A/CN-124,COCONINO,AZ
W7A/CN-125,COCONINO,AZ
W7A/CN-126,COCONINO,AZ
W7A/CN-127,COCONINO,AZ
W7A/CN-128,COCONINO,AZ
W7A/CN-129,COCONINO,AZ
W7A/CN-130,COCONINO,AZ
W7A/CN-131,COCONINO,AZ
W7A/CN-132,COCONINO,AZ
W7A/CN-133,COCONINO,AZ
W7A/CN-134,COCONINO,AZ
W7A/CO-001,COCHISE,AZ
W7A/CO-002,COCHISE,AZ
W7A/CO-003,COCHISE,AZ
W7A/CO-004,COCHISE,AZ
W7A/CO-005,COCHISE,AZ
W7A/CO-006,COCHISE,AZ
W7A/CO-007,COCHISE,AZ
W7A/CO-008,COCHISE,AZ
W7A/CO-009,COCHISE,AZ
W7A/CO-010,COCHISE,AZ
W7A/CO-011,COCHISE,AZ
W7A/CO-012,COCHISE,AZ
W7A/CO-013,COCHISE,AZ
W7A/CO-014,COCHISE,AZ
W7A/CO-015,COCHISE,AZ
W7A/CO-016,COCHISE,AZ
W7A/CO-017,COCHISE,AZ
W7A/CO-018,COCHISE,AZ
W7A/CO-019,COCHISE,AZ
W7A/CO-020,COCHISE,AZ
W7A/CO-021,COCHISE,AZ
W7A/CO-022,COCHISE,AZ
W7A/CO-023,COCHISE,AZ
W7A/CO-024,COCHISE,AZ
W7A/CO-025,COCHISE,AZ
W7A/CO-026,COCHISE,AZ
W7A/CO-027,COCHISE,AZ
W7A/CO-028,COCHISE,AZ
W7A/CO-029,COCHISE,AZ
W7A/CO-030,COCHISE,AZ
W7A/CO-031,COCHISE,AZ
W7A/CO-032,COCHISE,AZ
W7A/CO-033,COCHISE,AZ
W7A/CO-034,COCHISE,AZ
W7A/CO-035,COCHISE,AZ
W7A/CO-036,COCHISE,AZ
W7A/CO-037,COCHISE,AZ
W7A/CO-038,COCHISE,AZ
W7A/CO-039,COCHISE,AZ
W7A/CO-040,COCHISE,AZ
W7A/CO-041,COCHISE,AZ
W7A/CO-042,COCHISE,AZ
W7A/CO-043,COCHISE,AZ
W7A/CO-044,COCHISE,AZ
W7A/CO-045,COCHISE,AZ
W7A/CO-046,COCHISE,AZ
W7A/CO-047,COCHISE,AZ
W7A/CO-048,COCHISE,AZ
W7A/CO-049,COCHISE,AZ
W7A/CO-050,COCHISE,AZ
W7A/CO-051,COCHISE,AZ
W7A/CO-052,COCHISE,AZ
W7A/CO-053,COCHISE,AZ
W7A/CO-054,COCHISE,AZ
W7A/CO-055,COCHISE,AZ
W7A/CO-056,COCHISE,AZ
W7A/CO-057,COCHISE,AZ
W7A/CO-058,COCHISE,AZ
W7A/CO-059,COCHISE,AZ
W7A/CO-060,COCHISE,AZ
W7A/CO-061,COCHISE,AZ
W7A/CO-062,COCHISE,AZ
W7A/CO-063,COCHISE,AZ
W7A/CO-064,COCHISE,AZ
W7A/CO-065,COCHISE,AZ
W7A/CO-066,COCHISE,AZ
W7A/CO-067,COCHISE,AZ
W7A/CO-068,COCHISE,AZ
W7A/CO-069,COCHISE,AZ
W7A/CO-070,COCHISE,AZ
W7A/CO-071,COCHISE,AZ
W7A/CO-072,COCHISE,AZ
W7A/CO-073,COCHISE,AZ
W7A/CO-074,COCHISE,AZ
W7A/CO-075,COCHISE,AZ
W7A/CO-076,COCHISE,AZ
W7A/CO-077,COCHISE,AZ
W7A/CO-078,COCHISE,AZ
W7A/CO-079,COCHISE,AZ
W7A/CO-080,COCHISE,AZ
W7A/CO-081,COCHISE,AZ
W7A/CO-082,COCHISE,AZ
W7A/CO-083,COCHISE,AZ
W7A/CO-084,COCHISE,AZ
W7A/CO-085,COCHISE,AZ
W7A/CO-086,COCHISE,AZ
W7A/CO-087,COCHISE,AZ
W7A/CO-088,COCHISE,AZ
W7A/CO-089,COCHISE,AZ
W7A/CO-090,COCHISE,AZ
W7A/CO-091,COCHISE,AZ
W7A/CO-092,COCHISE,AZ
W7A/CO-093,COCHISE,AZ
W7A/CO-094,COCHISE,AZ
W7A/CO-095,COCHISE,AZ
W7A/CO-096,COCHISE,AZ
W7A/CO-097,COCHISE,AZ
W7A/CO-098,COCHISE,AZ
W7A/CO-099,COCHISE,AZ
W7A/CO-100,COCHISE,AZ
W7A/CO-101,COCHISE,AZ
W7A/CO-102,COCHISE,AZ
W7A/CO-103,COCHISE,AZ
W7A/CO-104,COCHISE,AZ
W7A/CO-105,COCHISE,AZ
W7A/CO-106,COCHISE,AZ
W7A/CO-107,COCHISE,AZ
W7A/CO-108,COCHISE,AZ
W7A/CO-109,COCHISE,AZ
W7A/CO-110,COCHISE,AZ
W7A/CO-111,COCHISE,AZ
W7A/CO-112,COCHISE,AZ
W7A/CO-113,COCHISE,AZ
W7A/CO-114,COCHISE,AZ
W7A/CO-115,COCHISE,AZ
W7A/CO-116,COCHISE,AZ
W7A/CO-117,COCHISE,AZ
W7A/CO-118,COCHISE,AZ
W7A/CO-119,COCHISE,AZ
W7A/CO-120,COCHISE,AZ
W7A/CO-121,COCHISE,AZ
W7A/CO-122,COCHISE,AZ
W7A/CO-123,COCHISE,AZ
W7A/CO-124,COCHISE,AZ
W7A/CO-125,COCHISE,AZ
W7A/CO-126,COCHISE,AZ
W7A/CO-127,COCHISE,AZ
W7A/CO-128,COCHISE,AZ
W7A/CO-129,COCHISE,AZ
W7A/CO-130,COCHISE,AZ
W7A/CO-131,COCHISE,AZ
W7A/CO-132,COCHISE,AZ
W7A/CO-133,COCHISE,AZ
W7A/CO-134,COCHISE,AZ
W7A/CO-135,COCHISE,AZ
W7A/CO-136,COCHISE,AZ
W7A/CO-137,COCHISE,AZ
W7A/CO-138,COCHISE,AZ
W7A/CO-139,COCHISE,AZ
W7A/CO-140,COCHISE,AZ
W7A/CO-141,COCHISE,AZ
W7A/CO-142,COCHISE,AZ
W7A/CO-143,COCHISE,AZ
W7A/CO-144,COCHISE,AZ
W7A/CO-145,COCHISE,AZ
W7A/CO-146,COCHISE,AZ
W7A/CO-147,COCHISE,AZ
W7A/CO-148,COCHISE,AZ
W7A/CO-149,COCHISE,AZ
W7A/CO-150,COCHISE,AZ
W7A/CO-151,COCHISE,AZ
W7A/CO-152,COCHISE,AZ
W7A/CO-153,COCHISE,AZ
W7A/CO-154,COCHISE,AZ
W7A/CO-155,COCHISE,AZ
W7A/CO-156,COCHISE,AZ
W7A/CO-157,COCHISE,AZ
W7A/CO-158,COCHISE,AZ
W7A/CO-159,COCHISE,AZ
W7A/CO-160,COCHISE,AZ
W7A/CO-161,COCHISE,AZ
W7A/CO-162,COCHISE,AZ
W7A/CO-163,COCHISE,AZ
W7A/CO-164,COCHISE,AZ
W7A/CO-165,COCHISE,AZ
W7A/CO-166,COCHISE,AZ
W7A/CO-167,COCHISE,AZ
W7A/CO-168,COCHISE,AZ
W7A/CO-170,COCHISE,AZ
W7A/CO-171,COCHISE,AZ
W7A/CO-172,COCHISE,AZ
W7A/CO-173,COCHISE,AZ
W7A/CO-174,COCHISE,AZ
W7A/CO-175,COCHISE,AZ
W7A/CO-176,COCHISE,AZ
W7A/CO-177,COCHISE,AZ
W7A/CO-178,COCHISE,AZ
W7A/CO-179,COCHISE,AZ
W7A/CO-180,COCHISE,AZ
W7A/CO-181,COCHISE,AZ
W7A/CO-182,COCHISE,AZ
W7A/CS-001,COCONINO,AZ
W7A/CS-002,COCONINO,AZ
W7A/CS-003,COCONINO,AZ
W7A/CS-004,COCONINO,AZ
W7A/CS-005,COCONINO,AZ
W7A/CS-006,COCONINO,AZ
W7A/CS-007,COCONINO,AZ
W7A/CS-008,COCONINO,AZ
W7A/CS-009,COCONINO,AZ
W7A/CS-010,COCONINO,AZ
W7A/CS-011,COCONINO,AZ
W7A/CS-012,COCONINO,AZ
W7A/CS-013,COCONINO,AZ
W7A/CS-014,COCONINO,AZ
W7A/CS-015,COCONINO,AZ
W7A/CS-016,COCONINO,AZ
W7A/CS-017,COCONINO,AZ
W7A/CS-018,COCONINO,AZ
W7A/CS-019,COCONINO,AZ
W7A/CS-021,COCONINO,AZ
W7A/CS-022,COCONINO,AZ
W7A/CS-023,COCONINO,AZ
W7A/CS-024,COCONINO,AZ
W7A/CS-025,COCONINO,AZ
W7A/CS-026,COCONINO,AZ
W7A/CS-027,COCONINO,AZ
W7A/CS-028,COCONINO,AZ
W7A/CS-029,COCONINO,AZ
W7A/CS-030,COCONINO,AZ
W7A/CS-031,COCONINO,AZ
W7A/CS-032,COCONINO,AZ
W7A/CS-033,COCONINO,AZ
W7A/CS-034,COCONINO,AZ
W7A/CS-035,COCONINO,AZ
W7A/CS-036,COCONINO,AZ
W7A/CS-037,COCONINO,AZ
W7A/CS-038,COCONINO,AZ
W7A/CS-039,COCONINO,AZ
W7A/CS-040,COCONINO,AZ
W7A/CS-041,COCONINO,AZ
W7A/CS-042,COCONINO,AZ
W7A/CS-043,COCONINO,AZ
W7A/CS-044,COCONINO,AZ
W7A/CS-045,COCONINO,AZ
W7A/CS-046,COCONINO,AZ
W7A/CS-047,COCONINO,AZ
W7A/CS-048,COCONINO,AZ
W7A/CS-049,COCONINO,AZ
W7A/CS-050,COCONINO,AZ
W7A/CS-051,COCONINO,AZ
W7A/CS-052,COCONINO,AZ
W7A/CS-053,COCONINO,AZ
W7A/CS-054,COCONINO,AZ
W7A/CS-056,COCONINO,AZ
W7A/CS-057,COCONINO,AZ
W7A/CS-058,COCONINO,AZ
W7A/CS-059,COCONINO,AZ
W7A/CS-060,COCONINO,AZ
W7A/CS-061,COCONINO,AZ
W7A/CS-062,COCONINO,AZ
W7A/CS-063,COCONINO,AZ
W7A/CS-064,COCONINO,AZ
W7A/CS-065,COCONINO,AZ
W7A/CS-066,COCONINO,AZ
W7A/CS-067,COCONINO,AZ
W7A/CS-068,COCONINO,AZ
W7A/CS-069,COCONINO,AZ
W7A/CS-070,COCONINO,AZ
W7A/CS-071,COCONINO,AZ
W7A/CS-072,COCONINO,AZ
W7A/CS-073,COCONINO,AZ
W7A/CS-074,COCONINO,AZ
W7A/CS-075,COCONINO,AZ
W7A/CS-076,COCONINO,AZ
W7A/CS-077,COCONINO,AZ
W7A/CS-078,COCONINO,AZ
W7A/CS-079,COCONINO,AZ
W7A/CS-080,COCONINO,AZ
W7A/CS-081,COCONINO,AZ
W7A/CS-082,COCONINO,AZ
W7A/CS-083,COCONINO,AZ
W7A/CS-084,COCONINO,AZ
W7A/CS-085,COCONINO,AZ
W7A/CS-086,COCONINO,AZ
W7A/CS-087,COCONINO,AZ
W7A/CS-088,COCONINO,AZ
W7A/CS-089,COCONINO,AZ
W7A/CS-090,COCONINO,AZ
W7A/GI-001,GILA,AZ
W7A/GI-002,GILA,AZ
W7A/GI-007,GILA,AZ
W7A/GI-008,GILA,AZ
W7A/GI-009,GILA,AZ
W7A/GI-011,GILA,AZ
W7A/GI-012,GILA,AZ
W7A/GI-013,GILA,AZ
W7A/GI-014,GILA,AZ
W7A/GI-015,GILA,AZ
W7A/GI-016,GILA,AZ
W7A/GI-017,GILA,AZ
W7A/GI-018,GILA,AZ
W7A/GI-019,GILA,AZ
W7A/GI-020,GILA,AZ
W7A/GI-021,GILA,AZ
W7A/GI-022,GILA,AZ
W7A/GI-023,GILA,AZ
W7A/GI-024,GILA,AZ
W7A/GI-025,GILA,AZ
W7A/GI-026,GILA,AZ
W7A/GI-027,GILA,AZ
W7A/GI-028,GILA,AZ
W7A/GI-029,GILA,AZ
W7A/GI-030,GILA,AZ
W7A/GI-031,GILA,AZ
W7A/GI-032,GILA,AZ
W7A/GI-033,GILA,AZ
W7A/GI-034,GILA,AZ
W7A/GI-035,GILA,AZ
W7A/GI-036,GILA,AZ
W7A/GI-037,GILA,AZ
W7A/GI-039,GILA,AZ
W7A/GI-040,GILA,AZ
W7A/GI-041,GILA,AZ
W7A/GI-042,GILA,AZ
W7A/GI-043,GILA,AZ
W7A/GI-044,GILA,AZ
W7A/GI-045,GILA,AZ
W7A/GI-046,GILA,AZ
W7A/GI-048,GILA,AZ
W7A/GI-049,GILA,AZ
W7A/GI-050,GILA,AZ
W7A/GI-051,GILA,AZ
W7A/GI-052,GILA,AZ
W7A/GI-053,GILA,AZ
W7A/GI-054,GILA,AZ
W7A/GI-055,GILA,AZ
W7A/GI-056,GILA,AZ
W7A/GI-057,GILA,AZ
W7A/GI-058,GILA,AZ
W7A/GI-059,GILA,AZ
W7A/GI-060,GILA,AZ
W7A/GI-061,GILA,AZ
W7A/GI-062,GILA,AZ
W7A/GI-064,GILA,AZ
W7A/GI-065,GILA,AZ
W7A/GI-066,GILA,AZ
W7A/GI-067,GILA,AZ
W7A/GI-068,GILA,AZ
W7A/GI-069,GILA,AZ
W7A/GI-070,GILA,AZ
W7A/GI-071,GILA,AZ
W7A/GI-072,GILA,AZ
W7A/GI-073,GILA,AZ
W7A/GI-074,GILA,AZ
W7A/GI-075,GILA,AZ
W7A/GI-076,GILA,AZ
W7A/GI-077,GILA,AZ
W7A/GI-078,GILA,AZ
W7A/GI-079,GILA,AZ
W7A/GI-080,GILA,AZ
W7A/GI-081,GILA,AZ
W7A/GI-082,GILA,AZ
W7A/GI-083,GILA,AZ
W7A/GI-084,GILA,AZ
W7A/GI-085,GILA,AZ
W7A/GI-086,GILA,AZ
W7A/GI-087,GILA,AZ
W7A/GI-088,GILA,AZ
W7A/GI-089,GILA,AZ
W7A/GI-090,GILA,AZ
W7A/GI-091,GILA,AZ
W7A/GI-092,GILA,AZ
W7A/GI-093,GILA,AZ
W7A/GI-094,GILA,AZ
W7A/GI-095,GILA,AZ
W7A/GI-096,GILA,AZ
W7A/GI-097,GILA,AZ
W7A/GI-098,GILA,AZ
W7A/GI-099,GILA,AZ
W7A/GI-100,GILA,AZ
W7A/GI-101,GILA,AZ
W7A/GI-102,GILA,AZ
W7A/GI-103,GILA,AZ
W7A/GI-104,GILA,AZ
W7A/GI-105,GILA,AZ
W7A/GI-106,GILA,AZ
W7A/GI-107,GILA,AZ
W7A/GI-108,GILA,AZ
W7A/GI-109,GILA,AZ
W7A/GI-110,GILA,AZ
W7A/GI-111,GILA,AZ
W7A/GI-112,GILA,AZ
W7A/GI-113,GILA,AZ
W7A/GI-114,GILA,AZ
W7A/GI-115,GILA,AZ
W7A/GI-116,GILA,AZ
W7A/GI-117,GILA,AZ
W7A/GI-118,GILA,AZ
W7A/GI-119,GILA,AZ
W7A/GI-120,GILA,AZ
W7A/GI-121,GILA,AZ
W7A/GI-122,GILA,AZ
W7A/GI-123,GILA,AZ
W7A/GI-124,GILA,AZ
W7A/GI-125,GILA,AZ
W7A/GI-126,GILA,AZ
W7A/GI-127,GILA,AZ
W7A/GI-128,GILA,AZ
W7A/GI-129,GILA,AZ
W7A/GI-130,GILA,AZ
W7A/GI-131,GILA,AZ
W7A/GI-132,GILA,AZ
W7A/GI-133,GILA,AZ
W7A/GI-134,GILA,AZ
W7A/GI-135,GILA,AZ
W7A/GI-136,GILA,AZ
W7A/GI-137,GILA,AZ
W7A/GI-138,GILA,AZ
W7A/GI-139,GILA,AZ
W7A/GI-140,GILA,AZ
W7A/GI-141,GILA,AZ
W7A/GI-142,GILA,AZ
W7A/GI-143,GILA,AZ
W7A/GI-144,GILA,AZ
W7A/GI-145,GILA,AZ
W7A/GI-146,GILA,AZ
W7A/GI-147,GILA,AZ
W7A/GI-148,GILA,AZ
W7A/GM-001,GRAHAM,AZ
W7A/GM-002,GRAHAM,AZ
W7A/GM-003,GRAHAM,AZ
W7A/GM-004,GRAHAM,AZ
W7A/GM-005,GRAHAM,AZ
W7A/GM-006,GRAHAM,AZ
W7A/GM-007,GRAHAM,AZ
W7A/GM-008,GRAHAM,AZ
W7A/GM-009,GRAHAM,AZ
W7A/GM-010,GRAHAM,AZ
W7A/GM-011,GRAHAM,AZ
W7A/GM-012,GRAHAM,AZ
W7A/GM-013,GRAHAM,AZ
W7A/GM-014,GRAHAM,AZ
W7A/GM-015,GRAHAM,AZ
W7A/GM-016,GRAHAM,AZ
W7A/GM-017,GRAHAM,AZ
W7A/GM-018,GRAHAM,AZ
W7A/GM-019,GRAHAM,AZ
W7A/GM-020,GRAHAM,AZ
W7A/GM-021,GRAHAM,AZ
W7A/GM-022,GRAHAM,AZ
W7A/GM-023,GRAHAM,AZ
W7A/GM-024,GRAHAM,AZ
W7A/GM-025,GRAHAM,AZ
W7A/GM-026,GRAHAM,AZ
W7A/GM-027,GRAHAM,AZ
W7A/GM-028,GRAHAM,AZ
W7A/GM-029,GRAHAM,AZ
W7A/GM-030,GRAHAM,AZ
W7A/GM-031,GRAHAM,AZ
W7A/GM-032,GRAHAM,AZ
W7A/GM-033,GRAHAM,AZ
W7A/GM-034,GRAHAM,AZ
W7A/GM-035,GRAHAM,AZ
W7A/GM-036,GRAHAM,AZ
W7A/GM-037,GRAHAM,AZ
W7A/GM-038,GRAHAM,AZ
W7A/GM-039,GRAHAM,AZ
W7A/GM-040,GRAHAM,AZ
W7A/GM-041,GRAHAM,AZ
W7A/GM-042,GRAHAM,AZ
W7A/GM-043,GRAHAM,AZ
W7A/GM-044,GRAHAM,AZ
W7A/GM-045,GRAHAM,AZ
W7A/GM-046,GRAHAM,AZ
W7A/GM-047,GRAHAM,AZ
W7A/GM-048,GRAHAM,AZ
W7A/GM-049,GRAHAM,AZ
W7A/GM-050,GRAHAM,AZ
W7A/GM-051,GRAHAM,AZ
W7A/GM-052,GRAHAM,AZ
W7A/GM-053,GRAHAM,AZ
W7A/GM-054,GRAHAM,AZ
W7A/GM-055,GRAHAM,AZ
W7A/GM-056,GRAHAM,AZ
W7A/GM-057,GRAHAM,AZ
W7A/GM-058,GRAHAM,AZ
W7A/GM-059,GRAHAM,AZ
W7A/GM-060,GRAHAM,AZ
W7A/GM-062,GRAHAM,AZ
W7A/GM-063,GRAHAM,AZ
W7A/GM-064,GRAHAM,AZ
W7A/GM-065,GRAHAM,AZ
W7A/GM-066,GRAHAM,AZ
W7A/GM-067,GRAHAM,AZ
W7A/GM-068,GRAHAM,AZ
W7A/GM-069,GRAHAM,AZ
W7A/GM-070,GRAHAM,AZ
W7A/GM-071,GRAHAM,AZ
W7A/GM-072,GRAHAM,AZ
W7A/GM-073,GRAHAM,AZ
W7A/GM-074,GRAHAM,AZ
W7A/GM-075,GRAHAM,AZ
W7A/GM-076,GRAHAM,AZ
W7A/GM-077,GRAHAM,AZ
W7A/GM-078,GRAHAM,AZ
W7A/GM-079,GRAHAM,AZ
W7A/GM-080,GRAHAM,AZ
W7A/GM-081,GRAHAM,AZ
W7A/GM-082,GRAHAM,AZ
W7A/GM-083,GRAHAM,AZ
W7A/GM-084,GRAHAM,AZ
W7A/GM-085,GRAHAM,AZ
W7A/GM-086,GRAHAM,AZ
W7A/GM-087,GRAHAM,AZ
W7A/GM-088,GRAHAM,AZ
W7A/GM-090,GRAHAM,AZ
W7A/GM-092,GRAHAM,AZ
W7A/GM-093,GRAHAM,AZ
W7A/GM-094,GRAHAM,AZ
W7A/GM-095,GRAHAM,AZ
W7A/GM-096,GRAHAM,AZ
W7A/GM-097,GRAHAM,AZ
W7A/GM-098,GRAHAM,AZ
W7A/GM-099,GRAHAM,AZ
W7A/GM-100,GRAHAM,AZ
W7A/GM-101,GRAHAM,AZ
W7A/GM-102,GRAHAM,AZ
W7A/GM-103,GRAHAM,AZ
W7A/GM-104,GRAHAM,AZ
W7A/GM-105,GRAHAM,AZ
W7A/GM-106,GRAHAM,AZ
W7A/GM-107,GRAHAM,AZ
W7A/GM-108,GRAHAM,AZ
W7A/GM-109,GRAHAM,AZ
W7A/GM-110,GRAHAM,AZ
W7A/GM-111,GRAHAM,AZ
W7A/GM-112,GRAHAM,AZ
W7A/GM-113,GRAHAM,AZ
W7A/GM-114,GRAHAM,AZ
W7A/GM-115,GRAHAM,AZ
W7A/GM-116,GRAHAM,AZ
W7A/GM-117,GRAHAM,AZ
W7A/GM-118,GRAHAM,AZ
W7A/GM-119,GRAHAM,AZ
W7A/GM-120,GRAHAM,AZ
W7A/GM-121,GRAHAM,AZ
W7A/GR-001,GREENLEE,AZ
W7A/GR-002,GREENLEE,AZ
W7A/GR-003,GREENLEE,AZ
W7A/GR-004,GREENLEE,AZ
W7A/GR-005,GREENLEE,AZ
W7A/GR-006,GREENLEE,AZ
W7A/GR-007,GREENLEE,AZ
W7A/GR-008,GREENLEE,AZ
W7A/GR-009,GREENLEE,AZ
W7A/GR-010,GREENLEE,AZ
W7A/GR-011,GREENLEE,AZ
W7A/GR-012,GREENLEE,AZ
W7A/GR-013,GREENLEE,AZ
W7A/GR-014,GREENLEE,AZ
W7A/GR-015,GREENLEE,AZ
W7A/GR-016,GREENLEE,AZ
W7A/GR-017,GREENLEE,AZ
W7A/GR-018,GREENLEE,AZ
W7A/GR-019,GREENLEE,AZ
W7A/GR-020,GREENLEE,AZ
W7A/GR-021,GREENLEE,AZ
W7A/GR-022,GREENLEE,AZ
W7A/GR-023,GREENLEE,AZ
W7A/GR-024,GREENLEE,AZ
W7A/GR-025,GREENLEE,AZ
W7A/GR-026,GREENLEE,AZ
W7A/GR-027,GREENLEE,AZ
W7A/GR-028,GREENLEE,AZ
W7A/GR-029,GREENLEE,AZ
W7A/GR-030,GREENLEE,AZ
W7A/GR-031,GREENLEE,AZ
W7A/GR-032,GREENLEE,AZ
W7A/GR-033,GREENLEE,AZ
W7A/GR-034,GREENLEE,AZ
W7A/GR-035,GREENLEE,AZ
W7A/GR-036,GREENLEE,AZ
W7A/GR-038,GREENLEE,AZ
W7A/GR-039,GREENLEE,AZ
W7A/GR-043,GREENLEE,AZ
W7A/GR-044,GREENLEE,AZ
W7A/GR-045,GREENLEE,AZ
W7A/GR-046,GREENLEE,AZ
W7A/GR-047,GREENLEE,AZ
W7A/GR-048,GREENLEE,AZ
W7A/GR-049,GREENLEE,AZ
W7A/MN-001,MARICOPA,AZ
W7A/MN-002,MARICOPA,AZ
W7A/MN-003,MARICOPA,AZ
W7A/MN-005,MARICOPA,AZ
W7A/MN-006,MARICOPA,AZ
W7A/MN-007,MARICOPA,AZ
W7A/MN-008,MARICOPA,AZ
W7A/MN-009,MARICOPA,AZ
W7A/MN-010,MARICOPA,AZ
W7A/MN-011,MARICOPA,AZ
W7A/MN-012,MARICOPA,AZ
W7A/MN-013,MARICOPA,AZ
W7A/MN-014,MARICOPA,AZ
W7A/MN-015,MARICOPA,AZ
W7A/MN-016,MARICOPA,AZ
W7A/MN-017,MARICOPA,AZ
W7A/MN-018,MARICOPA,AZ
W7A/MN-019,MARICOPA,AZ
W7A/MN-020,MARICOPA,AZ
W7A/MN-021,MARICOPA,AZ
W7A/MN-022,MARICOPA,AZ
W7A/MN-023,MARICOPA,AZ
W7A/MN-024,MARICOPA,AZ
W7A/MN-025,MARICOPA,AZ
W7A/MN-026,MARICOPA,AZ
W7A/MN-027,MARICOPA,AZ
W7A/MN-028,MARICOPA,AZ
W7A/MN-029,MARICOPA,AZ
W7A/MN-030,MARICOPA,AZ
W7A/MN-031,MARICOPA,AZ
W7A/MN-032,MARICOPA,AZ
W7A/MN-033,MARICOPA,AZ
W7A/MN-034,MARICOPA,AZ
W7A/MN-035,MARICOPA,AZ
W7A/MN-036,MARICOPA,AZ
W7A/MN-037,MARICOPA,AZ
W7A/MN-038,MARICOPA,AZ
W7A/MN-039,MARICOPA,AZ
W7A/MN-040,MARICOPA,AZ
W7A/MN-041,MARICOPA,AZ
W7A/MN-042,MARICOPA,AZ
W7A/MN-043,MARICOPA,AZ
W7A/MN-044,MARICOPA,AZ
W7A/MN-045,MARICOPA,AZ
W7A/MN-046,MARICOPA,AZ
W7A/MN-047,MARICOPA,AZ
W7A/MN-048,MARICOPA,AZ
W7A/MN-049,MARICOPA,AZ
W7A/MN-050,MARICOPA,AZ
W7A/MN-051,MARICOPA,AZ
W7A/MN-052,MARICOPA,AZ
W7A/MN-053,MARICOPA,AZ
W7A/MN-054,MARICOPA,AZ
W7A/MN-055,MARICOPA,AZ
W7A/MN-056,MARICOPA,AZ
W7A/MN-057,MARICOPA,AZ
W7A/MN-058,MARICOPA,AZ
W7A/MN-059,MARICOPA,AZ
W7A/MN-060,MARICOPA,AZ
W7A/MN-061,MARICOPA,AZ
W7A/MN-062,MARICOPA,AZ
W7A/MN-063,MARICOPA,AZ
W7A/MN-064,MARICOPA,AZ
W7A/MN-065,MARICOPA,AZ
W7A/MN-066,MARICOPA,AZ
W7A/MN-067,MARICOPA,AZ
W7A/MN-068,MARICOPA,AZ
W7A/MN-069,MARICOPA,AZ
W7A/MN-070,MARICOPA,AZ
W7A/MN-071,MARICOPA,AZ
W7A/MN-072,MARICOPA,AZ
W7A/MN-073,MARICOPA,AZ
W7A/MN-074,MARICOPA,AZ
W7A/MN-075,MARICOPA,AZ
W7A/MN-076,MARICOPA,AZ
W7A/MN-077,MARICOPA,AZ
W7A/MN-078,MARICOPA,AZ
W7A/MN-079,MARICOPA,AZ
W7A/MN-080,MARICOPA,AZ
W7A/MN-081,MARICOPA,AZ
W7A/MN-082,MARICOPA,AZ
W7A/MN-083,MARICOPA,AZ
W7A/MN-084,MARICOPA,AZ
W7A/MN-085,MARICOPA,AZ
W7A/MN-086,MARICOPA,AZ
W7A/MN-087,MARICOPA,AZ
W7A/MN-088,MARICOPA,AZ
W7A/MN-089,MARICOPA,AZ
W7A/MN-090,MARICOPA,AZ
W7A/MN-091,MARICOPA,AZ
W7A/MN-092,MARICOPA,AZ
W7A/MN-093,MARICOPA,AZ
W7A/MN-094,MARICOPA,AZ
W7A/MN-095,MARICOPA,AZ
W7A/MN-096,MARICOPA,AZ
W7A/MN-097,MARICOPA,AZ
W7A/MN-098,MARICOPA,AZ
W7A/MN-099,MARICOPA,AZ
W7A/MN-100,MARICOPA,AZ
W7A/MN-101,MARICOPA,AZ
W7A/MN-102,MARICOPA,AZ
W7A/MN-103,MARICOPA,AZ
W7A/MN-104,MARICOPA,AZ
W7A/MN-105,MARICOPA,AZ
W7A/MN-106,MARICOPA,AZ
W7A/MN-107,MARICOPA,AZ
W7A/MN-108,MARICOPA,AZ
W7A/MN-109,MARICOPA,AZ
W7A/MN-110,MARICOPA,AZ
W7A/MN-111,MARICOPA,AZ
W7A/MN-112,MARICOPA,AZ
W7A/MN-113,MARICOPA,AZ
W7A/MN-114,MARICOPA,AZ
W7A/MN-115,MARICOPA,AZ
W7A/MN-116,MARICOPA,AZ
W7A/MN-117,MARICOPA,AZ
W7A/MN-118,MARICOPA,AZ
W7A/MN-119,MARICOPA,AZ
W7A/MN-120,MARICOPA,AZ
W7A/MN-121,MARICOPA,AZ
W7A/MN-122,MARICOPA,AZ
W7A/MN-123,MARICOPA,AZ
W7A/MN-124,MARICOPA,AZ
W7A/MN-125,MARICOPA,AZ
W7A/MN-126,MARICOPA,AZ
W7A/MN-127,MARICOPA,AZ
W7A/MN-128,MARICOPA,AZ
W7A/MN-129,MARICOPA,AZ
W7A/MN-130,MARICOPA,AZ
W7A/MN-131,MARICOPA,AZ
W7A/MN-132,MARICOPA,AZ
W7A/MN-133,MARICOPA,AZ
W7A/MN-134,MARICOPA,AZ
W7A/MN-135,MARICOPA,AZ
W7A/MN-136,MARICOPA,AZ
W7A/MN-137,MARICOPA,AZ
W7A/MN-138,MARICOPA,AZ
W7A/MN-139,MARICOPA,AZ
W7A/MN-140,MARICOPA,AZ
W7A/MN-141,MARICOPA,AZ
W7A/MN-142,MARICOPA,AZ
W7A/MN-143,MARICOPA,AZ
W7A/MN-144,MARICOPA,AZ
W7A/MN-145,MARICOPA,AZ
W7A/MN-146,MARICOPA,AZ
W7A/MN-147,MARICOPA,AZ
W7A/MN-148,MARICOPA,AZ
W7A/MN-149,MARICOPA,AZ
W7A/MN-150,MARICOPA,AZ
W7A/MN-151,MARICOPA,AZ
W7A/MN-152,MARICOPA,AZ
W7A/MN-153,MARICOPA,AZ
W7A/MN-154,MARICOPA,AZ
W7A/MN-155,MARICOPA,AZ
W7A/MN-156,MARICOPA,AZ
W7A/MS-001,MARICOPA,AZ
W7A/MS-002,MARICOPA,AZ
W7A/MS-003,MARICOPA,AZ
W7A/MS-004,MARICOPA,AZ
W7A/MS-005,MARICOPA,AZ
W7A/MS-006,MARICOPA,AZ
W7A/MS-007,MARICOPA,AZ
W7A/MS-008,MARICOPA,AZ
W7A/MS-009,MARICOPA,AZ
W7A/MS-010,MARICOPA,AZ
W7A/MS-011,MARICOPA,AZ
W7A/MS-012,MARICOPA,AZ
W7A/MS-013,MARICOPA,AZ
W7A/MS-014,MARICOPA,AZ
W7A/MS-015,MARICOPA,AZ
W7A/MS-016,MARICOPA,AZ
W7A/MS-017,MARICOPA,AZ
W7A/MS-018,MARICOPA,AZ
W7A/MS-019,MARICOPA,AZ
W7A/MS-020,MARICOPA,AZ
W7A/MS-021,MARICOPA,AZ
W7A/MS-022,MARICOPA,AZ
W7A/MS-023,MARICOPA,AZ
W7A/MS-024,MARICOPA,AZ
W7A/MS-025,MARICOPA,AZ
W7A/MS-026,MARICOPA,AZ
W7A/MS-027,MARICOPA,AZ
W7A/MS-028,MARICOPA,AZ
W7A/MS-029,MARICOPA,AZ
W7A/MS-030,MARICOPA,AZ
W7A/MS-031,MARICOPA,AZ
W7A/MS-032,MARICOPA,AZ
W7A/MS-033,MARICOPA,AZ
W7A/MS-034,MARICOPA,AZ
W7A/MS-035,MARICOPA,AZ
W7A/MS-036,MARICOPA,AZ
W7A/MS-037,MARICOPA,AZ
W7A/MS-038,MARICOPA,AZ
W7A/MS-039,MARICOPA,AZ
W7A/MS-040,MARICOPA,AZ
W7A/MS-041,MARICOPA,AZ
W7A/MS-042,MARICOPA,AZ
W7A/MS-043,MARICOPA,AZ
W7A/MS-044,MARICOPA,AZ
W7A/MS-045,MARICOPA,AZ
W7A/MS-046,MARICOPA,AZ
W7A/MS-047,MARICOPA,AZ
W7A/MS-048,MARICOPA,AZ
W7A/MS-049,MARICOPA,AZ
W7A/MS-050,MARICOPA,AZ
W7A/MS-051,MARICOPA,AZ
W7A/MS-052,MARICOPA,AZ
W7A/MS-053,MARICOPA,AZ
W7A/MS-054,MARICOPA,AZ
W7A/MS-055,MARICOPA,AZ
W7A/MS-056,MARICOPA,AZ
W7A/MS-057,MARICOPA,AZ
W7A/MS-058,MARICOPA,AZ
W7A/MS-059,MARICOPA,AZ
W7A/MS-060,MARICOPA,AZ
W7A/MS-061,MARICOPA,AZ
W7A/MS-062,MARICOPA,AZ
W7A/MS-063,MARICOPA,AZ
W7A/MS-064,MARICOPA,AZ
W7A/MS-065,MARICOPA,AZ
W7A/MS-066,MARICOPA,AZ
W7A/MS-067,MARICOPA,AZ
W7A/MS-068,MARICOPA,AZ
W7A/MS-069,MARICOPA,AZ
W7A/MS-070,MARICOPA,AZ
W7A/MS-071,MARICOPA,AZ
W7A/MS-072,MARICOPA,AZ
W7A/MS-073,MARICOPA,AZ
W7A/MS-074,MARICOPA,AZ
W7A/MS-075,MARICOPA,AZ
W7A/MS-076,MARICOPA,AZ
W7A/MS-077,MARICOPA,AZ
W7A/MS-078,MARICOPA,AZ
W7A/MS-079,MARICOPA,AZ
W7A/MS-080,MARICOPA,AZ
W7A/MS-081,MARICOPA,AZ
W7A/MS-082,MARICOPA,AZ
W7A/MS-083,MARICOPA,AZ
W7A/MS-084,MARICOPA,AZ
W7A/MS-085,MARICOPA,AZ
W7A/MS-086,MARICOPA,AZ
W7A/MS-087,MARICOPA,AZ
W7A/MS-088,MARICOPA,AZ
W7A/MS-089,MARICOPA,AZ
W7A/MS-090,MARICOPA,AZ
W7A/MS-091,MARICOPA,AZ
W7A/MS-092,MARICOPA,AZ
W7A/MS-093,MARICOPA,AZ
W7A/MS-094,MARICOPA,AZ
W7A/MS-095,MARICOPA,AZ
W7A/MS-096,MARICOPA,AZ
W7A/MS-097,MARICOPA,AZ
W7A/MS-098,MARICOPA,AZ
W7A/MS-099,MARICOPA,AZ
W7A/MS-100,MARICOPA,AZ
W7A/MS-101,MARICOPA,AZ
W7A/MS-102,MARICOPA,AZ
W7A/MS-103,MARICOPA,AZ
W7A/MS-105,MARICOPA,AZ
W7A/MS-106,MARICOPA,AZ
W7A/MS-107,MARICOPA,AZ
W7A/MS-108,MARICOPA,AZ
W7A/MS-109,MARICOPA,AZ
W7A/MS-110,MARICOPA,AZ
W7A/MS-111,MARICOPA,AZ
W7A/MS-112,MARICOPA,AZ
W7A/MS-113,MARICOPA,AZ
W7A/MS-114,MARICOPA,AZ
W7A/MS-115,MARICOPA,AZ
W7A/MS-116,MARICOPA,AZ
W7A/MS-117,MARICOPA,AZ
W7A/MS-118,MARICOPA,AZ
W7A/MS-119,MARICOPA,AZ
W7A/MS-120,MARICOPA,AZ
W7A/MS-121,MARICOPA,AZ
W7A/MS-122,MARICOPA,AZ
W7A/MS-123,MARICOPA,AZ
W7A/MS-124,MARICOPA,AZ
W7A/MS-125,MARICOPA,AZ
W7A/MS-126,MARICOPA,AZ
W7A/MS-127,MARICOPA,AZ
W7A/MS-128,MARICOPA,AZ
W7A/MS-129,MARICOPA,AZ
W7A/MS-130,MARICOPA,AZ
W7A/MS-131,MARICOPA,AZ
W7A/MS-132,MARICOPA,AZ
W7A/MS-133,MARICOPA,AZ
W7A/MS-134,MARICOPA,AZ
W7A/MS-135,MARICOPA,AZ
W7A/MS-136,MARICOPA,AZ
W7A/MS-137,MARICOPA,AZ
W7A/MS-138,MARICOPA,AZ
W7A/MS-139,MARICOPA,AZ
W7A/MS-140,MARICOPA,AZ
W7A/MS-141,MARICOPA,AZ
W7A/MS-142,MARICOPA,AZ
W7A/MS-143,MARICOPA,AZ
W7A/MS-144,MARICOPA,AZ
W7A/MS-145,MARICOPA,AZ
W7A/MS-146,MARICOPA,AZ
W7A/MS-147,MARICOPA,AZ
W7A/MS-148,MARICOPA,AZ
W7A/MS-149,MARICOPA,AZ
W7A/MS-150,MARICOPA,AZ
W7A/MS-151,MARICOPA,AZ
W7A/MS-152,MARICOPA,AZ
W7A/MS-153,MARICOPA,AZ
W7A/MS-154,MARICOPA,AZ
W7A/MS-155,MARICOPA,AZ
W7A/MS-156,MARICOPA,AZ
W7A/MS-157,MARICOPA,AZ
W7A/MS-158,MARICOPA,AZ
W7A/MS-159,MARICOPA,AZ
W7A/MS-160,MARICOPA,AZ
W7A/MS-161,MARICOPA,AZ
W7A/MS-162,MARICOPA,AZ
W7A/MS-163,MARICOPA,AZ
W7A/MS-164,MARICOPA,AZ
W7A/MS-165,MARICOPA,AZ
W7A/NA-001,NAVAJO,AZ
W7A/NA-002,NAVAJO,AZ
W7A/NA-003,NAVAJO,AZ
W7A/NA-004,NAVAJO,AZ
W7A/NA-005,NAVAJO,AZ
W7A/NA-006,NAVAJO,AZ
W7A/NA-007,NAVAJO,AZ
W7A/NA-008,NAVAJO,AZ
W7A/NA-009,NAVAJO,AZ
W7A/NA-010,NAVAJO,AZ
W7A/NA-011,NAVAJO,AZ
W7A/NA-012,NAVAJO,AZ
W7A/NA-013,NAVAJO,AZ
W7A/NA-014,NAVAJO,AZ
W7A/NA-015,NAVAJO,AZ
W7A/NA-016,NAVAJO,AZ
W7A/NA-017,NAVAJO,AZ
W7A/NA-018,NAVAJO,AZ
W7A/NA-019,NAVAJO,AZ
W7A/NA-020,NAVAJO,AZ
W7A/NA-021,NAVAJO,AZ
W7A/NA-022,NAVAJO,AZ
W7A/NA-023,NAVAJO,AZ
W7A/NA-024,NAVAJO,AZ
W7A/NA-025,NAVAJO,AZ
W7A/NA-026,NAVAJO,AZ
W7A/NA-027,NAVAJO,AZ
W7A/NA-028,NAVAJO,AZ
W7A/NA-029,NAVAJO,AZ
W7A/NA-030,NAVAJO,AZ
W7A/NA-031,NAVAJO,AZ
W7A/NA-032,NAVAJO,AZ
W7A/NA-033,NAVAJO,AZ
W7A/NA-034,NAVAJO,AZ
W7A/NA-035,NAVAJO,AZ
W7A/NA-036,NAVAJO,AZ
W7A/NA-037,NAVAJO,AZ
W7A/NA-038,NAVAJO,AZ
W7A/NA-039,NAVAJO,AZ
W7A/NA-040,NAVAJO,AZ
W7A/NA-041,NAVAJO,AZ
W7A/NA-042,NAVAJO,AZ
W7A/NA-043,NAVAJO,AZ
W7A/NA-044,NAVAJO,AZ
W7A/NA-045,NAVAJO,AZ
W7A/NA-046,NAVAJO,AZ
W7A/NA-047,NAVAJO,AZ
W7A/NA-048,NAVAJO,AZ
W7A/NA-049,NAVAJO,AZ
W7A/NA-050,NAVAJO,AZ
W7A/NA-051,NAVAJO,AZ
W7A/NA-052,NAVAJO,AZ
W7A/NA-053,NAVAJO,AZ
W7A/NA-054,NAVAJO,AZ
W7A/NA-055,NAVAJO,AZ
W7A/NA-056,NAVAJO,AZ
W7A/NA-057,NAVAJO,AZ
W7A/NA-058,NAVAJO,AZ
W7A/NA-059,NAVAJO,AZ
W7A/NA-060,NAVAJO,AZ
W7A/NA-061,NAVAJO,AZ
W7A/NA-062,NAVAJO,AZ
W7A/NA-063,NAVAJO,AZ
W7A/NA-064,NAVAJO,AZ
W7A/NA-065,NAVAJO,AZ
W7A/NA-066,NAVAJO,AZ
W7A/NA-067,NAVAJO,AZ
W7A/NA-068,NAVAJO,AZ
W7A/NM-001,MOHAVE,AZ
W7A/NM-002,MOHAVE,AZ
W7A/NM-003,MOHAVE,AZ
W7A/NM-004,MOHAVE,AZ
W7A/NM-005,MOHAVE,AZ
W7A/NM-006,MOHAVE,AZ
W7A/NM-007,MOHAVE,AZ
W7A/NM-008,MOHAVE,AZ
W7A/NM-009,MOHAVE,AZ
W7A/NM-010,MOHAVE,AZ
W7A/NM-011,MOHAVE,AZ
W7A/NM-012,MOHAVE,AZ
W7A/NM-014,MOHAVE,AZ
W7A/NM-015,MOHAVE,AZ
W7A/NM-016,MOHAVE,AZ
W7A/NM-017,MOHAVE,AZ
W7A/NM-018,MOHAVE,AZ
W7A/NM-019,MOHAVE,AZ
W7A/NM-020,MOHAVE,AZ
W7A/NM-021,MOHAVE,AZ
W7A/NM-022,MOHAVE,AZ
W7A/NM-023,MOHAVE,AZ
W7A/NM-024,MOHAVE,AZ
W7A/NM-025,MOHAVE,AZ
W7A/NM-026,MOHAVE,AZ
W7A/NM-027,MOHAVE,AZ
W7A/NM-028,MOHAVE,AZ
W7A/NM-029,MOHAVE,AZ
W7A/NM-030,MOHAVE,AZ
W7A/NM-031,MOHAVE,AZ
W7A/NM-032,MOHAVE,AZ
W7A/NM-033,MOHAVE,AZ
W7A/NM-034,MOHAVE,AZ
W7A/NM-035,MOHAVE,AZ
W7A/NM-036,MOHAVE,AZ
W7A/NM-037,MOHAVE,AZ
W7A/NM-038,MOHAVE,AZ
W7A/NM-039,MOHAVE,AZ
W7A/NM-040,MOHAVE,AZ
W7A/NM-041,MOHAVE,AZ
W7A/NM-042,MOHAVE,AZ
W7A/NM-043,MOHAVE,AZ
W7A/NM-044,MOHAVE,AZ
W7A/NM-045,MOHAVE,AZ
W7A/NM-046,MOHAVE,AZ
W7A/NM-047,MOHAVE,AZ
W7A/NM-048,MOHAVE,AZ
W7A/NM-049,MOHAVE,AZ
W7A/NM-050,MOHAVE,AZ
W7A/NM-051,MOHAVE,AZ
W7A/NM-052,MOHAVE,AZ
W7A/NM-053,MOHAVE,AZ
W7A/NM-054,MOHAVE,AZ
W7A/NM-055,MOHAVE,AZ
W7A/NM-056,MOHAVE,AZ
W7A/NM-057,MOHAVE,AZ
W7A/NM-058,MOHAVE,AZ
W7A/NM-059,MOHAVE,AZ
W7A/NM-060,MOHAVE,AZ
W7A/NM-061,MOHAVE,AZ
W7A/NM-062,MOHAVE,AZ
W7A/NM-063,MOHAVE,AZ
W7A/NM-064,MOHAVE,AZ
W7A/NM-065,MOHAVE,AZ
W7A/NM-066,MOHAVE,AZ
W7A/NM-067,MOHAVE,AZ
W7A/NM-068,MOHAVE,AZ
W7A/NM-069,MOHAVE,AZ
W7A/NM-070,MOHAVE,AZ
W7A/NM-071,MOHAVE,AZ
W7A/NM-072,MOHAVE,AZ
W7A/NM-073,MOHAVE,AZ
W7A/NM-074,MOHAVE,AZ
W7A/NM-075,MOHAVE,AZ
W7A/NM-076,MOHAVE,AZ
W7A/NM-077,MOHAVE,AZ
W7A/NM-078,MOHAVE,AZ
W7A/NM-079,MOHAVE,AZ
W7A/NM-080,MOHAVE,AZ
W7A/NM-081,MOHAVE,AZ
W7A/NM-082,MOHAVE,AZ
W7A/NM-083,MOHAVE,AZ
W7A/NM-084,MOHAVE,AZ
W7A/NM-085,MOHAVE,AZ
W7A/NM-086,MOHAVE,AZ
W7A/NM-087,MOHAVE,AZ
W7A/NM-088,MOHAVE,AZ
W7A/NM-089,MOHAVE,AZ
W7A/NM-090,MOHAVE,AZ
W7A/NM-091,MOHAVE,AZ
W7A/NM-092,MOHAVE,AZ
W7A/NM-093,MOHAVE,AZ
W7A/NM-094,MOHAVE,AZ
W7A/NM-095,MOHAVE,AZ
W7A/NM-096,MOHAVE,AZ
W7A/NM-097,MOHAVE,AZ
W7A/NM-098,MOHAVE,AZ
W7A/NM-099,MOHAVE,AZ
W7A/NM-100,MOHAVE,AZ
W7A/NM-101,MOHAVE,AZ
W7A/NM-102,MOHAVE,AZ
W7A/NM-103,MOHAVE,AZ
W7A/NM-104,MOHAVE,AZ
W7A/NM-105,MOHAVE,AZ
W7A/NM-106,MOHAVE,AZ
W7A/NM-107,MOHAVE,AZ
W7A/NM-108,MOHAVE,AZ
W7A/NM-109,MOHAVE,AZ
W7A/NM-110,MOHAVE,AZ
W7A/NM-111,MOHAVE,AZ
W7A/NM-112,MOHAVE,AZ
W7A/NM-113,MOHAVE,AZ
W7A/NM-114,MOHAVE,AZ
W7A/NM-115,MOHAVE,AZ
W7A/NM-116,MOHAVE,AZ
W7A/NM-117,MOHAVE,AZ
W7A/NM-118,MOHAVE,AZ
W7A/NM-119,MOHAVE,AZ
W7A/NM-120,MOHAVE,AZ
W7A/NM-121,MOHAVE,AZ
W7A/NM-122,MOHAVE,AZ
W7A/NM-123,MOHAVE,AZ
W7A/NM-124,MOHAVE,AZ
W7A/NM-125,MOHAVE,AZ
W7A/NM-126,MOHAVE,AZ
W7A/NM-127,MOHAVE,AZ
W7A/NM-128,MOHAVE,AZ
W7A/NM-129,MOHAVE,AZ
W7A/NM-130,MOHAVE,AZ
W7A/NM-131,MOHAVE,AZ
W7A/NM-132,MOHAVE,AZ
W7A/NM-133,MOHAVE,AZ
W7A/NM-134,MOHAVE,AZ
W7A/NM-135,MOHAVE,AZ
W7A/NM-136,MOHAVE,AZ
W7A/NM-137,MOHAVE,AZ
W7A/NM-138,MOHAVE,AZ
W7A/NM-139,MOHAVE,AZ
W7A/NM-140,MOHAVE,AZ
W7A/NM-141,MOHAVE,AZ
W7A/NM-142,MOHAVE,AZ
W7A/NM-143,MOHAVE,AZ
W7A/NM-144,MOHAVE,AZ
W7A/NM-145,MOHAVE,AZ
W7A/NM-146,MOHAVE,AZ
W7A/NM-147,MOHAVE,AZ
W7A/NM-148,MOHAVE,AZ
W7A/NM-149,MOHAVE,AZ
W7A/NM-150,MOHAVE,AZ
W7A/NM-151,MOHAVE,AZ
W7A/NM-152,MOHAVE,AZ
W7A/NM-153,MOHAVE,AZ
W7A/NM-154,MOHAVE,AZ
W7A/NM-155,MOHAVE,AZ
W7A/NM-156,MOHAVE,AZ
W7A/NM-157,MOHAVE,AZ
W7A/NM-158,MOHAVE,AZ
W7A/NM-159,MOHAVE,AZ
W7A/NM-160,MOHAVE,AZ
W7A/NM-161,MOHAVE,AZ
W7A/NM-162,MOHAVE,AZ
W7A/NM-163,MOHAVE,AZ
W7A/NM-164,MOHAVE,AZ
W7A/NM-165,MOHAVE,AZ
W7A/PE-001,PIMA,AZ
W7A/PE-002,PIMA,AZ
W7A/PE-003,PIMA,AZ
W7A/PE-004,PIMA,AZ
W7A/PE-005,PIMA,AZ
W7A/PE-006,PIMA,AZ
W7A/PE-007,PIMA,AZ
W7A/PE-008,PIMA,AZ
W7A/PE-009,PIMA,AZ
W7A/PE-010,PIMA,AZ
W7A/PE-011,PIMA,AZ
W7A/PE-012,PIMA,AZ
W7A/PE-013,PIMA,AZ
W7A/PE-014,PIMA,AZ
W7A/PE-015,PIMA,AZ
W7A/PE-016,PIMA,AZ
W7A/PE-017,PIMA,AZ
W7A/PE-018,PIMA,AZ
W7A/PE-019,PIMA,AZ
W7A/PE-020,PIMA,AZ
W7A/PE-021,PIMA,AZ
W7A/PE-022,PIMA,AZ
W7A/PE-023,PIMA,AZ
W7A/PE-024,PIMA,AZ
W7A/PE-025,PIMA,AZ
W7A/PE-026,PIMA,AZ
W7A/PE-027,PIMA,AZ
W7A/PE-028,PIMA,AZ
W7A/PE-029,PIMA,AZ
W7A/PE-030,PIMA,AZ
W7A/PE-031,PIMA,AZ
W7A/PE-032,PIMA,AZ
W7A/PE-033,PIMA,AZ
W7A/PE-034,PIMA,AZ
W7A/PE-035,PIMA,AZ
W7A/PE-036,PIMA,AZ
W7A/PE-037,PIMA,AZ
W7A/PE-038,PIMA,AZ
W7A/PE-039,PIMA,AZ
W7A/PE-040,PIMA,AZ
W7A/PE-041,PIMA,AZ
W7A/PE-042,PIMA,AZ
W7A/PE-043,PIMA,AZ
W7A/PE-044,PIMA,AZ
W7A/PE-045,PIMA,AZ
W7A/PE-046,PIMA,AZ
W7A/PE-047,PIMA,AZ
W7A/PE-048,PIMA,AZ
W7A/PE-049,PIMA,AZ
W7A/PE-050,PIMA,AZ
W7A/PE-051,PIMA,AZ
W7A/PE-052,PIMA,AZ
W7A/PE-053,PIMA,AZ
W7A/PE-054,PIMA,AZ
W7A/PE-055,PIMA,AZ
W7A/PE-056,PIMA,AZ
W7A/PE-057,PIMA,AZ
W7A/PE-058,PIMA,AZ
W7A/PE-059,PIMA,AZ
W7A/PE-060,PIMA,AZ
W7A/PE-061,PIMA,AZ
W7A/PE-062,PIMA,AZ
W7A/PE-063,PIMA,AZ
W7A/PE-064,PIMA,AZ
W7A/PE-065,PIMA,AZ
W7A/PE-066,PIMA,AZ
W7A/PE-067,PIMA,AZ
W7A/PE-068,PIMA,AZ
W7A/PE-069,PIMA,AZ
W7A/PE-070,PIMA,AZ
W7A/PE-071,PIMA,AZ
W7A/PE-072,PIMA,AZ
W7A/PE-073,PIMA,AZ
W7A/PE-074,PIMA,AZ
W7A/PE-075,PIMA,AZ
W7A/PE-076,PIMA,AZ
W7A/PE-077,PIMA,AZ
W7A/PE-078,PIMA,AZ
W7A/PE-079,PIMA,AZ
W7A/PE-080,PIMA,AZ
W7A/PE-081,PIMA,AZ
W7A/PE-082,PIMA,AZ
W7A/PE-083,PIMA,AZ
W7A/PE-084,PIMA,AZ
W7A/PE-085,PIMA,AZ
W7A/PE-086,PIMA,AZ
W7A/PE-087,PIMA,AZ
W7A/PE-088,PIMA,AZ
W7A/PE-089,PIMA,AZ
W7A/PE-090,PIMA,AZ
W7A/PE-091,PIMA,AZ
W7A/PE-092,PIMA,AZ
W7A/PE-093,PIMA,AZ
W7A/PE-094,PIMA,AZ
W7A/PE-095,PIMA,AZ
W7A/PE-096,PIMA,AZ
W7A/PE-097,PIMA,AZ
W7A/PE-098,PIMA,AZ
W7A/PE-099,PIMA,AZ
W7A/PE-100,PIMA,AZ
W7A/PE-101,PIMA,AZ
W7A/PE-102,PIMA,AZ
W7A/PE-103,PIMA,AZ
W7A/PE-104,PIMA,AZ
W7A/PE-105,PIMA,AZ
W7A/PE-106,PIMA,AZ
W7A/PE-107,PIMA,AZ
W7A/PE-108,PIMA,AZ
W7A/PE-109,PIMA,AZ
W7A/PE-110,PIMA,AZ
W7A/PE-111,PIMA,AZ
W7A/PE-112,PIMA,AZ
W7A/PE-113,PIMA,AZ
W7A/PE-114,PIMA,AZ
W7A/PE-115,PIMA,AZ
W7A/PE-116,PIMA,AZ
W7A/PE-117,PIMA,AZ
W7A/PE-118,PIMA,AZ
W7A/PE-119,PIMA,AZ
W7A/PE-120,PIMA,AZ
W7A/PE-121,PIMA,AZ
W7A/PE-122,PIMA,AZ
W7A/PE-123,PIMA,AZ
W7A/PE-124,PIMA,AZ
W7A/PE-125,PIMA,AZ
W7A/PE-126,PIMA,AZ
W7A/PE-127,PIMA,AZ
W7A/PN-001,PINAL,AZ
W7A/PN-002,PINAL,AZ
W7A/PN-003,PINAL,AZ
W7A/PN-004,PINAL,AZ
W7A/PN-005,PINAL,AZ
W7A/PN-006,PINAL,AZ
W7A/PN-007,PINAL,AZ
W7A/PN-008,PINAL,AZ
W7A/PN-009,PINAL,AZ
W7A/PN-010,PINAL,AZ
W7A/PN-011,PINAL,AZ
W7A/PN-012,PINAL,AZ
W7A/PN-013,PINAL,AZ
W7A/PN-014,PINAL,AZ
W7A/PN-015,PINAL,AZ
W7A/PN-016,PINAL,AZ
W7A/PN-017,PINAL,AZ
W7A/PN-018,PINAL,AZ
W7A/PN-019,PINAL,AZ
W7A/PN-020,PINAL,AZ
W7A/PN-021,PINAL,AZ
W7A/PN-022,PINAL,AZ
W7A/PN-023,PINAL,AZ
W7A/PN-024,PINAL,AZ
W7A/PN-025,PINAL,AZ
W7A/PN-026,PINAL,AZ
W7A/PN-027,PINAL,AZ
W7A/PN-028,PINAL,AZ
W7A/PN-029,PINAL,AZ
W7A/PN-030,PINAL,AZ
W7A/PN-031,PINAL,AZ
W7A/PN-032,PINAL,AZ
W7A/PN-033,PINAL,AZ
W7A/PN-034,PINAL,AZ
W7A/PN-035,PINAL,AZ
W7A/PN-036,PINAL,AZ
W7A/PN-037,PINAL,AZ
W7A/PN-038,PINAL,AZ
W7A/PN-039,PINAL,AZ
W7A/PN-040,PINAL,AZ
W7A/PN-041,PINAL,AZ
W7A/PN-042,PINAL,AZ
W7A/PN-043,PINAL,AZ
W7A/PN-044,PINAL,AZ
W7A/PN-045,PINAL,AZ
W7A/PN-046,PINAL,AZ
W7A/PN-047,PINAL,AZ
W7A/PN-048,PINAL,AZ
W7A/PN-049,PINAL,AZ
W7A/PN-050,PINAL,AZ
W7A/PN-051,PINAL,AZ
W7A/PN-052,PINAL,AZ
W7A/PN-053,PINAL,AZ
W7A/PN-054,PINAL,AZ
W7A/PN-055,PINAL,AZ
W7A/PN-056,PINAL,AZ
W7A/PN-057,PINAL,AZ
W7A/PN-058,PINAL,AZ
W7A/PN-059,PINAL,AZ
W7A/PN-060,PINAL,AZ
W7A/PN-061,PINAL,AZ
W7A/PN-062,PINAL,AZ
W7A/PN-063,PINAL,AZ
W7A/PN-064,PINAL,AZ
W7A/PN-065,PINAL,AZ
W7A/PN-066,PINAL,AZ
W7A/PN-067,PINAL,AZ
W7A/PN-068,PINAL,AZ
W7A/PN-069,PINAL,AZ
W7A/PN-070,PINAL,AZ
W7A/PN-071,PINAL,AZ
W7A/PN-072,PINAL,AZ
W7A/PN-073,PINAL,AZ
W7A/PN-074,PINAL,AZ
W7A/PN-075,PINAL,AZ
W7A/PN-076,PINAL,AZ
W7A/PN-077,PINAL,AZ
W7A/PN-078,PINAL,AZ
W7A/PN-079,PINAL,AZ
W7A/PN-080,PINAL,AZ
W7A/PN-081,PINAL,AZ
W7A/PN-082,PINAL,AZ
W7A/PN-083,PINAL,AZ
W7A/PN-084,PINAL,AZ
W7A/PN-085,PINAL,AZ
W7A/PN-086,PINAL,AZ
W7A/PN-087,PINAL,AZ
W7A/PN-088,PINAL,AZ
W7A/PN-089,PINAL,AZ
W7A/PN-090,PINAL,AZ
W7A/PN-091,PINAL,AZ
W7A/PN-092,PINAL,AZ
W7A/PN-093,PINAL,AZ
W7A/PN-094,PINAL,AZ
W7A/PN-095,PINAL,AZ
W7A/PN-096,PINAL,AZ
W7A/PN-097,PINAL,AZ
W7A/PN-098,PINAL,AZ
W7A/PN-099,PINAL,AZ
W7A/PN-100,PINAL,AZ
W7A/PN-101,PINAL,AZ
W7A/PN-102,PINAL,AZ
W7A/PN-103,PINAL,AZ
W7A/PN-104,PINAL,AZ
W7A/PN-105,PINAL,AZ
W7A/PN-106,PINAL,AZ
W7A/PN-107,PINAL,AZ
W7A/PN-108,PINAL,AZ
W7A/PN-109,PINAL,AZ
W7A/PN-110,PINAL,AZ
W7A/PN-111,PINAL,AZ
W7A/PN-112,PINAL,AZ
W7A/PN-113,PINAL,AZ
W7A/PN-114,PINAL,AZ
W7A/PN-115,PINAL,AZ
W7A/PN-116,PINAL,AZ
W7A/PN-117,PINAL,AZ
W7A/PN-118,PINAL,AZ
W7A/PN-119,PINAL,AZ
W7A/PN-120,PINAL,AZ
W7A/PN-121,PINAL,AZ
W7A/PN-122,PINAL,AZ
W7A/PN-123,PINAL,AZ
W7A/PN-124,PINAL,AZ
W7A/PN-125,PINAL,AZ
W7A/PN-126,PINAL,AZ
W7A/PN-127,PINAL,AZ
W7A/PN-128,PINAL,AZ
W7A/PN-129,PINAL,AZ
W7A/PN-130,PINAL,AZ
W7A/PN-131,PINAL,AZ
W7A/PN-132,PINAL,AZ
W7A/PN-133,PINAL,AZ
W7A/PN-134,PINAL,AZ
W7A/PN-135,PINAL,AZ
W7A/PN-136,PINAL,AZ
W7A/PN-137,PINAL,AZ
W7A/PN-138,PINAL,AZ
W7A/PN-139,PINAL,AZ
W7A/PN-140,PINAL,AZ
W7A/PN-141,PINAL,AZ
W7A/PN-142,PINAL,AZ
W7A/PN-143,PINAL,AZ
W7A/PN-144,PINAL,AZ
W7A/PN-145,PINAL,AZ
W7A/PN-146,PINAL,AZ
W7A/PN-147,PINAL,AZ
W7A/PN-148,PINAL,AZ
W7A/PN-149,PINAL,AZ
W7A/PW-001,PIMA,AZ
W7A/PW-002,PIMA,AZ
W7A/PW-003,PIMA,AZ
W7A/PW-004,PIMA,AZ
W7A/PW-005,PIMA,AZ
W7A/PW-006,PIMA,AZ
W7A/PW-007,PIMA,AZ
W7A/PW-008,PIMA,AZ
W7A/PW-009,PIMA,AZ
W7A/PW-010,PIMA,AZ
W7A/PW-011,PIMA,AZ
W7A/PW-012,PIMA,AZ
W7A/PW-013,PIMA,AZ
W7A/PW-014,PIMA,AZ
W7A/PW-015,PIMA,AZ
W7A/PW-016,PIMA,AZ
W7A/PW-017,PIMA,AZ
W7A/PW-018,PIMA,AZ
W7A/PW-019,PIMA,AZ
W7A/PW-020,PIMA,AZ
W7A/PW-021,PIMA,AZ
W7A/PW-022,PIMA,AZ
W7A/PW-023,PIMA,AZ
W7A/PW-024,PIMA,AZ
W7A/PW-025,PIMA,AZ
W7A/PW-026,PIMA,AZ
W7A/PW-027,PIMA,AZ
W7A/PW-028,PIMA,AZ
W7A/PW-029,PIMA,AZ
W7A/PW-030,PIMA,AZ
W7A/PW-031,PIMA,AZ
W7A/PW-032,PIMA,AZ
W7A/PW-033,PIMA,AZ
W7A/PW-034,PIMA,AZ
W7A/PW-035,PIMA,AZ
W7A/PW-036,PIMA,AZ
W7A/PW-037,PIMA,AZ
W7A/PW-038,PIMA,AZ
W7A/PW-039,PIMA,AZ
W7A/PW-040,PIMA,AZ
W7A/PW-041,PIMA,AZ
W7A/PW-042,PIMA,AZ
W7A/PW-043,PIMA,AZ
W7A/PW-044,PIMA,AZ
W7A/PW-045,PIMA,AZ
W7A/PW-046,PIMA,AZ
W7A/PW-047,PIMA,AZ
W7A/PW-048,PIMA,AZ
W7A/PW-049,PIMA,AZ
W7A/PW-050,PIMA,AZ
W7A/PW-051,PIMA,AZ
W7A/PW-052,PIMA,AZ
W7A/PW-053,PIMA,AZ
W7A/PW-054,PIMA,AZ
W7A/PW-055,PIMA,AZ
W7A/PW-056,PIMA,AZ
W7A/PW-057,PIMA,AZ
W7A/PW-058,PIMA,AZ
W7A/PW-059,PIMA,AZ
W7A/PW-060,PIMA,AZ
W7A/PW-061,PIMA,AZ
W7A/PW-062,PIMA,AZ
W7A/PW-063,PIMA,AZ
W7A/PW-064,PIMA,AZ
W7A/PW-065,PIMA,AZ
W7A/PW-066,PIMA,AZ
W7A/PW-067,PIMA,AZ
W7A/PW-068,PIMA,AZ
W7A/PW-069,PIMA,AZ
W7A/PW-070,PIMA,AZ
W7A/PW-071,PIMA,AZ
W7A/PW-072,PIMA,AZ
W7A/PW-073,PIMA,AZ
W7A/PW-074,PIMA,AZ
W7A/PW-075,PIMA,AZ
W7A/PW-076,PIMA,AZ
W7A/PW-077,PIMA,AZ
W7A/PW-078,PIMA,AZ
W7A/PW-079,PIMA,AZ
W7A/PW-080,PIMA,AZ
W7A/PW-081,PIMA,AZ
W7A/PW-082,PIMA,AZ
W7A/PW-083,PIMA,AZ
W7A/PW-084,PIMA,AZ
W7A/PW-085,PIMA,AZ
W7A/PW-086,PIMA,AZ
W7A/PW-087,PIMA,AZ
W7A/PW-088,PIMA,AZ
W7A/PW-089,PIMA,AZ
W7A/PW-090,PIMA,AZ
W7A/PW-091,PIMA,AZ
W7A/PW-092,PIMA,AZ
W7A/PW-093,PIMA,AZ
W7A/PW-094,PIMA,AZ
W7A/PW-095,PIMA,AZ
W7A/PW-096,PIMA,AZ
W7A/PW-097,PIMA,AZ
W7A/PW-098,PIMA,AZ
W7A/PW-099,PIMA,AZ
W7A/PW-100,PIMA,AZ
W7A/PW-101,PIMA,AZ
W7A/PW-102,PIMA,AZ
W7A/PW-103,PIMA,AZ
W7A/PW-104,PIMA,AZ
W7A/PW-105,PIMA,AZ
W7A/PW-106,PIMA,AZ
W7A/PW-107,PIMA,AZ
W7A/PW-108,PIMA,AZ
W7A/PW-109,PIMA,AZ
W7A/PW-110,PIMA,AZ
W7A/PW-111,PIMA,AZ
W7A/PW-112,PIMA,AZ
W7A/PW-113,PIMA,AZ
W7A/PW-114,PIMA,AZ
W7A/PW-115,PIMA,AZ
W7A/PW-116,PIMA,AZ
W7A/PW-117,PIMA,AZ
W7A/PW-118,PIMA,AZ
W7A/PW-119,PIMA,AZ
W7A/PW-120,PIMA,AZ
W7A/PW-121,PIMA,AZ
W7A/PW-122,PIMA,AZ
W7A/PW-123,PIMA,AZ
W7A/PW-124,PIMA,AZ
W7A/PW-125,PIMA,AZ
W7A/PW-126,PIMA,AZ
W7A/PW-127,PIMA,AZ
W7A/PW-128,PIMA,AZ
W7A/PZ-001,LA PAZ,AZ
W7A/PZ-002,LA PAZ,AZ
W7A/PZ-003,LA PAZ,AZ
W7A/PZ-004,LA PAZ,AZ
W7A/PZ-005,LA PAZ,AZ
W7A/PZ-006,LA PAZ,AZ
W7A/PZ-007,LA PAZ,AZ
W7A/PZ-008,LA PAZ,AZ
W7A/PZ-009,LA PAZ,AZ
W7A/PZ-010,LA PAZ,AZ
W7A/PZ-011,LA PAZ,AZ
W7A/PZ-012,LA PAZ,AZ
W7A/PZ-013,LA PAZ,AZ
W7A/PZ-014,LA PAZ,AZ
W7A/PZ-015,LA PAZ,AZ
W7A/PZ-016,LA PAZ,AZ
W7A/PZ-017,LA PAZ,AZ
W7A/PZ-018,LA PAZ,AZ
W7A/PZ-019,LA PAZ,AZ
W7A/PZ-020,LA PAZ,AZ
W7A/PZ-021,LA PAZ,AZ
W7A/PZ-022,LA PAZ,AZ
W7A/PZ-023,LA PAZ,AZ
W7A/PZ-024,LA PAZ,AZ
W7A/PZ-025,LA PAZ,AZ
W7A/PZ-026,LA PAZ,AZ
W7A/PZ-027,LA PAZ,AZ
W7A/PZ-028,LA PAZ,AZ
W7A/PZ-029,LA PAZ,AZ
W7A/PZ-030,LA PAZ,AZ
W7A/PZ-031,LA PAZ,AZ
W7A/PZ-032,LA PAZ,AZ
W7A/PZ-033,LA PAZ,AZ
W7A/PZ-034,LA PAZ,AZ
W7A/PZ-035,LA PAZ,AZ
W7A/PZ-036,LA PAZ,AZ
W7A/PZ-037,LA PAZ,AZ
W7A/PZ-038,LA PAZ,AZ
W7A/PZ-039,LA PAZ,AZ
W7A/PZ-040,LA PAZ,AZ
W7A/PZ-041,LA PAZ,AZ
W7A/PZ-042,LA PAZ,AZ
W7A/PZ-043,LA PAZ,AZ
W7A/PZ-044,LA PAZ,AZ
W7A/PZ-045,LA PAZ,AZ
W7A/PZ-046,LA PAZ,AZ
W7A/PZ-047,LA PAZ,AZ
W7A/PZ-048,LA PAZ,AZ
W7A/PZ-049,LA PAZ,AZ
W7A/PZ-050,LA PAZ,AZ
W7A/PZ-051,LA PAZ,AZ
W7A/PZ-053,LA PAZ,AZ
W7A/PZ-054,LA PAZ,AZ
W7A/PZ-055,LA PAZ,AZ
W7A/PZ-056,LA PAZ,AZ
W7A/PZ-057,LA PAZ,AZ
W7A/PZ-059,LA PAZ,AZ
W7A/PZ-060,LA PAZ,AZ
W7A/PZ-061,LA PAZ,AZ
W7A/PZ-062,LA PAZ,AZ
W7A/PZ-063,LA PAZ,AZ
W7A/PZ-064,LA PAZ,AZ
W7A/PZ-065,LA PAZ,AZ
W7A/PZ-066,LA PAZ,AZ
W7A/PZ-068,LA PAZ,AZ
W7A/PZ-069,LA PAZ,AZ
W7A/PZ-070,LA PAZ,AZ
W7A/PZ-071,LA PAZ,AZ
W7A/PZ-072,LA PAZ,AZ
W7A/PZ-073,LA PAZ,AZ
W7A/PZ-074,LA PAZ,AZ
W7A/PZ-075,LA PAZ,AZ
W7A/PZ-076,LA PAZ,AZ
W7A/PZ-077,LA PAZ,AZ
W7A/PZ-078,LA PAZ,AZ
W7A/PZ-079,LA PAZ,AZ
W7A/PZ-080,LA PAZ,AZ
W7A/PZ-081,LA PAZ,AZ
W7A/PZ-082,LA PAZ,AZ
W7A/PZ-083,LA PAZ,AZ
W7A/PZ-084,LA PAZ,AZ
W7A/PZ-085,LA PAZ,AZ
W7A/PZ-086,LA PAZ,AZ
W7A/PZ-087,LA PAZ,AZ
W7A/PZ-088,LA PAZ,AZ
W7A/PZ-089,LA PAZ,AZ
W7A/PZ-090,LA PAZ,AZ
W7A/PZ-091,LA PAZ,AZ
W7A/PZ-092,LA PAZ,AZ
W7A/PZ-093,LA PAZ,AZ
W7A/PZ-094,LA PAZ,AZ
W7A/PZ-095,LA PAZ,AZ
W7A/PZ-096,LA PAZ,AZ
W7A/PZ-098,LA PAZ,AZ
W7A/PZ-099,LA PAZ,AZ
W7A/PZ-100,LA PAZ,AZ
W7A/PZ-101,LA PAZ,AZ
W7A/PZ-102,LA PAZ,AZ
W7A/PZ-103,LA PAZ,AZ
W7A/PZ-104,LA PAZ,AZ
W7A/PZ-105,LA PAZ,AZ
W7A/PZ-106,LA PAZ,AZ
W7A/PZ-107,LA PAZ,AZ
W7A/PZ-108,LA PAZ,AZ
W7A/PZ-109,LA PAZ,AZ
W7A/PZ-110,LA PAZ,AZ
W7A/PZ-111,LA PAZ,AZ
W7A/PZ-112,LA PAZ,AZ
W7A/PZ-113,LA PAZ,AZ
W7A/PZ-114,LA PAZ,AZ
W7A/PZ-115,LA PAZ,AZ
W7A/PZ-116,LA PAZ,AZ
W7A/PZ-117,LA PAZ,AZ
W7A/PZ-118,LA PAZ,AZ
W7A/PZ-119,LA PAZ,AZ
W7A/PZ-120,LA PAZ,AZ
W7A/PZ-121,LA PAZ,AZ
W7A/PZ-122,LA PAZ,AZ
W7A/PZ-123,LA PAZ,AZ
W7A/PZ-124,LA PAZ,AZ
W7A/PZ-125,LA PAZ,AZ
W7A/PZ-126,LA PAZ,AZ
W7A/PZ-127,LA PAZ,AZ
W7A/PZ-128,LA PAZ,AZ
W7A/PZ-129,LA PAZ,AZ
W7A/PZ-130,LA PAZ,AZ
W7A/PZ-131,LA PAZ,AZ
W7A/PZ-132,LA PAZ,AZ
W7A/PZ-133,LA PAZ,AZ
W7A/PZ-134,LA PAZ,AZ
W7A/PZ-135,LA PAZ,AZ
W7A/PZ-136,LA PAZ,AZ
W7A/PZ-137,LA PAZ,AZ
W7A/PZ-138,LA PAZ,AZ
W7A/PZ-139,LA PAZ,AZ
W7A/PZ-140,LA PAZ,AZ
W7A/PZ-141,LA PAZ,AZ
W7A/PZ-142,LA PAZ,AZ
W7A/PZ-143,LA PAZ,AZ
W7A/PZ-144,LA PAZ,AZ
W7A/PZ-145,LA PAZ,AZ
W7A/PZ-146,LA PAZ,AZ
W7A/PZ-147,LA PAZ,AZ
W7A/PZ-148,LA PAZ,AZ
W7A/PZ-149,LA PAZ,AZ
W7A/PZ-150,LA PAZ,AZ
W7A/PZ-151,LA PAZ,AZ
W7A/PZ-152,LA PAZ,AZ
W7A/PZ-153,LA PAZ,AZ
W7A/SC-001,SANTA CRUZ,AZ
W7A/SC-002,SANTA CRUZ,AZ
W7A/SC-003,SANTA CRUZ,AZ
W7A/SC-004,SANTA CRUZ,AZ
W7A/SC-005,SANTA CRUZ,AZ
W7A/SC-006,SANTA CRUZ,AZ
W7A/SC-007,SANTA CRUZ,AZ
W7A/SC-008,SANTA CRUZ,AZ
W7A/SC-009,SANTA CRUZ,AZ
W7A/SC-010,SANTA CRUZ,AZ
W7A/SC-011,SANTA CRUZ,AZ
W7A/SC-012,SANTA CRUZ,AZ
W7A/SC-013,SANTA CRUZ,AZ
W7A/SC-014,SANTA CRUZ,AZ
W7A/SC-015,SANTA CRUZ,AZ
W7A/SC-016,SANTA CRUZ,AZ
W7A/SC-017,SANTA CRUZ,AZ
W7A/SC-018,SANTA CRUZ,AZ
W7A/SC-019,SANTA CRUZ,AZ
W7A/SC-020,SANTA CRUZ,AZ
W7A/SC-021,SANTA CRUZ,AZ
W7A/SC-022,SANTA CRUZ,AZ
W7A/SC-024,SANTA CRUZ,AZ
W7A/SC-025,SANTA CRUZ,AZ
W7A/SC-026,SANTA CRUZ,AZ
W7A/SC-027,SANTA CRUZ,AZ
W7A/SC-028,SANTA CRUZ,AZ
W7A/SC-029,SANTA CRUZ,AZ
W7A/SC-030,SANTA CRUZ,AZ
W7A/SC-031,SANTA CRUZ,AZ
W7A/SC-032,SANTA CRUZ,AZ
W7A/SC-033,SANTA CRUZ,AZ
W7A/SC-034,SANTA CRUZ,AZ
W7A/SC-035,SANTA CRUZ,AZ
W7A/SC-036,SANTA CRUZ,AZ
W7A/SC-037,SANTA CRUZ,AZ
W7A/SC-038,SANTA CRUZ,AZ
W7A/SC-039,SANTA CRUZ,AZ
W7A/SC-040,SANTA CRUZ,AZ
W7A/SC-041,SANTA CRUZ,AZ
W7A/SC-042,SANTA CRUZ,AZ
W7A/SC-043,SANTA CRUZ,AZ
W7A/SC-044,SANTA CRUZ,AZ
W7A/SC-045,SANTA CRUZ,AZ
W7A/SC-046,SANTA CRUZ,AZ
W7A/SC-047,SANTA CRUZ,AZ
W7A/SC-048,SANTA CRUZ,AZ
W7A/SM-001,MOHAVE,AZ
W7A/SM-002,MOHAVE,AZ
W7A/SM-003,MOHAVE,AZ
W7A/SM-004,MOHAVE,AZ
W7A/SM-005,MOHAVE,AZ
W7A/SM-006,MOHAVE,AZ
W7A/SM-007,MOHAVE,AZ
W7A/SM-008,MOHAVE,AZ
W7A/SM-009,MOHAVE,AZ
W7A/SM-010,MOHAVE,AZ
W7A/SM-011,MOHAVE,AZ
W7A/SM-012,MOHAVE,AZ
W7A/SM-013,MOHAVE,AZ
W7A/SM-014,MOHAVE,AZ
W7A/SM-015,MOHAVE,AZ
W7A/SM-016,MOHAVE,AZ
W7A/SM-017,MOHAVE,AZ
W7A/SM-018,MOHAVE,AZ
W7A/SM-019,MOHAVE,AZ
W7A/SM-020,MOHAVE,AZ
W7A/SM-021,MOHAVE,AZ
W7A/SM-022,MOHAVE,AZ
W7A/SM-023,MOHAVE,AZ
W7A/SM-024,MOHAVE,AZ
W7A/SM-025,MOHAVE,AZ
W7A/SM-026,MOHAVE,AZ
W7A/SM-027,MOHAVE,AZ
W7A/SM-028,MOHAVE,AZ
W7A/SM-029,MOHAVE,AZ
W7A/SM-030,MOHAVE,AZ
W7A/SM-031,MOHAVE,AZ
W7A/SM-032,MOHAVE,AZ
W7A/SM-033,MOHAVE,AZ
W7A/SM-034,MOHAVE,AZ
W7A/SM-035,MOHAVE,AZ
W7A/SM-036,MOHAVE,AZ
W7A/SM-037,MOHAVE,AZ
W7A/SM-038,MOHAVE,AZ
W7A/SM-039,MOHAVE,AZ
W7A/SM-040,MOHAVE,AZ
W7A/SM-041,MOHAVE,AZ
W7A/SM-042,MOHAVE,AZ
W7A/SM-043,MOHAVE,AZ
W7A/SM-044,MOHAVE,AZ
W7A/SM-045,MOHAVE,AZ
W7A/SM-046,MOHAVE,AZ
W7A/SM-047,MOHAVE,AZ
W7A/SM-048,MOHAVE,AZ
W7A/SM-049,MOHAVE,AZ
W7A/SM-050,MOHAVE,AZ
W7A/SM-051,MOHAVE,AZ
W7A/SM-052,MOHAVE,AZ
W7A/SM-053,MOHAVE,AZ
W7A/SM-054,MOHAVE,AZ
W7A/SM-055,MOHAVE,AZ
W7A/SM-056,MOHAVE,AZ
W7A/SM-057,MOHAVE,AZ
W7A/SM-058,MOHAVE,AZ
W7A/SM-059,MOHAVE,AZ
W7A/SM-060,MOHAVE,AZ
W7A/SM-061,MOHAVE,AZ
W7A/SM-062,MOHAVE,AZ
W7A/SM-063,MOHAVE,AZ
W7A/SM-064,MOHAVE,AZ
W7A/SM-065,MOHAVE,AZ
W7A/SM-066,MOHAVE,AZ
W7A/SM-067,MOHAVE,AZ
W7A/SM-068,MOHAVE,AZ
W7A/SM-069,MOHAVE,AZ
W7A/SM-070,MOHAVE,AZ
W7A/SM-071,MOHAVE,AZ
W7A/SM-072,MOHAVE,AZ
W7A/SM-073,MOHAVE,AZ
W7A/SM-074,MOHAVE,AZ
W7A/SM-075,MOHAVE,AZ
W7A/SM-076,MOHAVE,AZ
W7A/SM-077,MOHAVE,AZ
W7A/SM-078,MOHAVE,AZ
W7A/SM-079,MOHAVE,AZ
W7A/SM-080,MOHAVE,AZ
W7A/SM-081,MOHAVE,AZ
W7A/SM-082,MOHAVE,AZ
W7A/SM-083,MOHAVE,AZ
W7A/SM-084,MOHAVE,AZ
W7A/SM-085,MOHAVE,AZ
W7A/SM-086,MOHAVE,AZ
W7A/SM-087,MOHAVE,AZ
W7A/SM-088,MOHAVE,AZ
W7A/SM-089,MOHAVE,AZ
W7A/SM-090,MOHAVE,AZ
W7A/SM-091,MOHAVE,AZ
W7A/SM-092,MOHAVE,AZ
W7A/SM-093,MOHAVE,AZ
W7A/SM-094,MOHAVE,AZ
W7A/SM-095,MOHAVE,AZ
W7A/SM-096,MOHAVE,AZ
W7A/SM-097,MOHAVE,AZ
W7A/SM-098,MOHAVE,AZ
W7A/SM-099,MOHAVE,AZ
W7A/SM-100,MOHAVE,AZ
W7A/SM-101,MOHAVE,AZ
W7A/SM-102,MOHAVE,AZ
W7A/SM-103,MOHAVE,AZ
W7A/SM-104,MOHAVE,AZ
W7A/SM-105,MOHAVE,AZ
W7A/SM-106,MOHAVE,AZ
W7A/SM-107,MOHAVE,AZ
W7A/SM-108,MOHAVE,AZ
W7A/SM-109,MOHAVE,AZ
W7A/SM-110,MOHAVE,AZ
W7A/SM-111,MOHAVE,AZ
W7A/SM-112,MOHAVE,AZ
W7A/SM-113,MOHAVE,AZ
W7A/SM-114,MOHAVE,AZ
W7A/SM-115,MOHAVE,AZ
W7A/SM-116,MOHAVE,AZ
W7A/SM-117,MOHAVE,AZ
W7A/SM-118,MOHAVE,AZ
W7A/SM-119,MOHAVE,AZ
W7A/SM-120,MOHAVE,AZ
W7A/SM-121,MOHAVE,AZ
W7A/SM-122,MOHAVE,AZ
W7A/SM-123,MOHAVE,AZ
W7A/SM-124,MOHAVE,AZ
W7A/SM-125,MOHAVE,AZ
W7A/SM-126,MOHAVE,AZ
W7A/SM-127,MOHAVE,AZ
W7A/SM-128,MOHAVE,AZ
W7A/SM-129,MOHAVE,AZ
W7A/SM-130,MOHAVE,AZ
W7A/SM-131,MOHAVE,AZ
W7A/SM-132,MOHAVE,AZ
W7A/SM-133,MOHAVE,AZ
W7A/SM-134,MOHAVE,AZ
W7A/SM-135,MOHAVE,AZ
W7A/SM-136,MOHAVE,AZ
W7A/SM-137,MOHAVE,AZ
W7A/SM-138,MOHAVE,AZ
W7A/SM-139,MOHAVE,AZ
W7A/SM-140,MOHAVE,AZ
W7A/SM-141,MOHAVE,AZ
W7A/SM-142,MOHAVE,AZ
W7A/SM-144,MOHAVE,AZ
W7A/SM-145,MOHAVE,AZ
W7A/SM-146,MOHAVE,AZ
W7A/SM-147,MOHAVE,AZ
W7A/SM-148,MOHAVE,AZ
W7A/SM-149,MOHAVE,AZ
W7A/SM-150,MOHAVE,AZ
W7A/SM-151,MOHAVE,AZ
W7A/SM-152,MOHAVE,AZ
W7A/SM-153,MOHAVE,AZ
W7A/SM-154,MOHAVE,AZ
W7A/SM-155,MOHAVE,AZ
W7A/SM-156,MOHAVE,AZ
W7A/SM-157,MOHAVE,AZ
W7A/SM-158,MOHAVE,AZ
W7A/SM-160,MOHAVE,AZ
W7A/SM-161,MOHAVE,AZ
W7A/SM-162,MOHAVE,AZ
W7A/SM-163,MOHAVE,AZ
W7A/SM-164,MOHAVE,AZ
W7A/SM-165,MOHAVE,AZ
W7A/SM-166,MOHAVE,AZ
W7A/SM-167,MOHAVE,AZ
W7A/SM-168,MOHAVE,AZ
W7A/SM-169,MOHAVE,AZ
W7A/SM-170,MOHAVE,AZ
W7A/SM-171,MOHAVE,AZ
W7A/YU-001,YUMA,AZ
W7A/YU-002,YUMA,AZ
W7A/YU-003,YUMA,AZ
W7A/YU-004,YUMA,AZ
W7A/YU-005,YUMA,AZ
W7A/YU-006,YUMA,AZ
W7A/YU-007,YUMA,AZ
W7A/YU-008,YUMA,AZ
W7A/YU-009,YUMA,AZ
W7A/YU-010,YUMA,AZ
W7A/YU-011,YUMA,AZ
W7A/YU-012,YUMA,AZ
W7A/YU-013,YUMA,AZ
W7A/YU-014,YUMA,AZ
W7A/YU-015,YUMA,AZ
W7A/YU-016,YUMA,AZ
W7A/YU-017,YUMA,AZ
W7A/YU-018,YUMA,AZ
W7A/YU-019,YUMA,AZ
W7A/YU-020,YUMA,AZ
W7A/YU-021,YUMA,AZ
W7A/YU-022,YUMA,AZ
W7A/YU-023,YUMA,AZ
W7A/YU-024,YUMA,AZ
W7A/YU-025,YUMA,AZ
W7A/YU-026,YUMA,AZ
W7A/YU-027,YUMA,AZ
W7A/YU-028,YUMA,AZ
W7A/YU-029,YUMA,AZ
W7A/YU-030,YUMA,AZ
W7A/YU-031,YUMA,AZ
W7A/YU-032,YUMA,AZ
W7A/YU-033,YUMA,AZ
W7A/YU-034,YUMA,AZ
W7A/YU-035,YUMA,AZ
W7A/YU-036,YUMA,AZ
W7A/YU-037,YUMA,AZ
W7A/YU-038,YUMA,AZ
W7A/YU-039,YUMA,AZ
W7A/YU-040,YUMA,AZ
W7A/YU-041,YUMA,AZ
W7A/YU-042,YUMA,AZ
W7A/YU-043,YUMA,AZ
W7A/YU-044,YUMA,AZ
W7A/YU-045,YUMA,AZ
W7A/YU-046,YUMA,AZ
W7A/YU-047,YUMA,AZ
W7A/YU-048,YUMA,AZ
W7A/YU-049,YUMA,AZ
W7A/YU-050,YUMA,AZ
W7A/YU-051,YUMA,AZ
W7A/YU-052,YUMA,AZ
W7A/YU-053,YUMA,AZ
W7A/YU-054,YUMA,AZ
W7A/YU-055,YUMA,AZ
W7A/YU-056,YUMA,AZ
W7A/YU-057,YUMA,AZ
W7A/YU-058,YUMA,AZ
W7A/YU-059,YUMA,AZ
W7A/YU-060,YUMA,AZ
W7A/YU-061,YUMA,AZ
W7A/YU-062,YUMA,AZ
W7A/YU-063,YUMA,AZ
W7A/YU-064,YUMA,AZ
W7A/YU-065,YUMA,AZ
W7A/YU-066,YUMA,AZ
W7A/YU-067,YUMA,AZ
W7A/YU-068,YUMA,AZ
W7A/YU-069,YUMA,AZ
W7A/YU-070,YUMA,AZ
W7A/YU-071,YUMA,AZ
W7A/YU-072,YUMA,AZ
W7A/YU-073,YUMA,AZ
W7A/YU-074,YUMA,AZ
W7A/YU-075,YUMA,AZ
W7A/YU-076,YUMA,AZ
W7A/YU-077,YUMA,AZ
W7A/YU-078,YUMA,AZ
W7A/YU-079,YUMA,AZ
W7A/YU-080,YUMA,AZ
W7A/YU-081,YUMA,AZ
W7A/YU-082,YUMA,AZ
W7A/YU-083,YUMA,AZ
W7A/YU-084,YUMA,AZ
W7A/YU-085,YUMA,AZ
W7A/YU-086,YUMA,AZ
W7A/YU-087,YUMA,AZ
W7A/YU-088,YUMA,AZ
W7A/YU-089,YUMA,AZ
W7A/YU-090,YUMA,AZ
W7A/YU-091,YUMA,AZ
W7A/YU-092,YUMA,AZ
W7A/YU-093,YUMA,AZ
W7A/YU-094,YUMA,AZ
W7A/YU-095,YUMA,AZ
W7A/YU-096,YUMA,AZ
W7A/YU-097,YUMA,AZ
W7A/YU-098,YUMA,AZ
W7A/YU-099,YUMA,AZ
W7A/YU-100,YUMA,AZ
W7A/YU-101,YUMA,AZ
W7A/YU-102,YUMA,AZ
W7A/YU-103,YUMA,AZ
W7A/YU-104,YUMA,AZ
W7A/YU-105,YUMA,AZ
W7A/YU-106,YUMA,AZ
W7A/YU-107,YUMA,AZ
W7A/YU-108,YUMA,AZ
W7A/YU-109,YUMA,AZ
W7A/YU-110,YUMA,AZ
W7A/YU-111,YUMA,AZ
W7A/YU-112,YUMA,AZ
W7A/YU-113,YUMA,AZ
W7A/YU-114,YUMA,AZ
W7A/YU-115,YUMA,AZ
W7A/YU-116,YUMA,AZ
W7A/YU-117,YUMA,AZ
W7A/YU-118,YUMA,AZ
W7A/YU-119,YUMA,AZ
W7A/YU-120,YUMA,AZ
W7A/YU-121,YUMA,AZ
W7A/YU-122,YUMA,AZ
W7A/YU-123,YUMA,AZ
W7A/YU-124,YUMA,AZ
W7A/YU-125,YUMA,AZ
W7A/YU-126,YUMA,AZ
W7A/YU-127,YUMA,AZ
W7A/YU-128,YUMA,AZ
W7A/YU-129,YUMA,AZ
W7A/YU-130,YUMA,AZ
W7A/YU-131,YUMA,AZ
W7A/YU-132,YUMA,AZ
W7A/YU-133,YUMA,AZ
W7A/YU-134,YUMA,AZ
W7A/YU-135,YUMA,AZ
W7A/YU-136,YUMA,AZ
W7A/YU-137,YUMA,AZ
W7A/YU-138,YUMA,AZ
W7A/YU-139,YUMA,AZ
W7A/YU-140,YUMA,AZ
W7A/YU-141,YUMA,AZ
W7A/YU-142,YUMA,AZ
W7A/YU-143,YUMA,AZ
W7A/YU-144,YUMA,AZ
W7A/YU-145,YUMA,AZ
W7A/YU-146,YUMA,AZ
W7A/YU-147,YUMA,AZ
W7A/YU-148,YUMA,AZ
W7A/YU-149,YUMA,AZ
W7A/YU-150,YUMA,AZ
W7A/YU-151,YUMA,AZ
W7A/YU-152,YUMA,AZ
W7A/YU-153,YUMA,AZ
W7A/YU-154,YUMA,AZ
W7A/YU-155,YUMA,AZ
W7A/YU-156,YUMA,AZ
W7A/YU-157,YUMA,AZ
W7A/YU-158,YUMA,AZ
W7A/YU-159,YUMA,AZ
W7A/YU-160,YUMA,AZ
W7A/YU-161,YUMA,AZ
W7A/YU-162,YUMA,AZ
W7A/YU-163,YUMA,AZ
W7A/YU-164,YUMA,AZ
W7A/YU-165,YUMA,AZ
W7A/YU-166,YUMA,AZ
W7A/YU-167,YUMA,AZ
W7A/YU-168,YUMA,AZ
W7A/YU-169,YUMA,AZ
W7A/YU-170,YUMA,AZ
W7A/YU-171,YUMA,AZ
W7A/YU-172,YUMA,AZ
W7A/YU-173,YUMA,AZ
W7A/YU-174,YUMA,AZ
W7A/YU-175,YUMA,AZ
W7A/YU-176,YUMA,AZ
W7A/YU-177,YUMA,AZ
W7A/YU-178,YUMA,AZ
W7A/YU-179,YUMA,AZ
W7A/YU-180,YUMA,AZ
W7A/YU-181,YUMA,AZ
W7A/YU-182,YUMA,AZ
W7A/YU-183,YUMA,AZ
W7A/YU-184,YUMA,AZ
W7A/YU-185,YUMA,AZ
W7A/YU-186,YUMA,AZ
W7A/YU-187,YUMA,AZ
W7A/YU-188,YUMA,AZ
W7A/YU-189,YUMA,AZ
W7A/YU-190,YUMA,AZ
W7A/YU-191,YUMA,AZ
W7A/YU-192,YUMA,AZ
W7A/YU-193,YUMA,AZ
W7A/YU-194,YUMA,AZ
W7A/YU-195,YUMA,AZ
W7A/YU-196,YUMA,AZ
W7A/YU-197,YUMA,AZ
W7A/YU-198,YUMA,AZ
W7A/YU-199,YUMA,AZ
W7A/YU-200,YUMA,AZ
W7A/YU-201,YUMA,AZ
W7A/YU-202,YUMA,AZ
W7A/YU-203,YUMA,AZ
W7A/YU-204,YUMA,AZ
W7A/YU-205,YUMA,AZ
W7A/YU-206,YUMA,AZ
W7A/YU-207,YUMA,AZ
W7A/YU-208,YUMA,AZ
W7A/YU-209,YUMA,AZ
W7A/YV-001,YAVAPAI,AZ
W7A/YV-002,YAVAPAI,AZ
W7A/YV-003,YAVAPAI,AZ
W7A/YV-004,YAVAPAI,AZ
W7A/YV-005,YAVAPAI,AZ
W7A/YV-006,YAVAPAI,AZ
W7A/YV-007,YAVAPAI,AZ
W7A/YV-008,YAVAPAI,AZ
W7A/YV-009,YAVAPAI,AZ
W7A/YV-010,YAVAPAI,AZ
W7A/YV-011,YAVAPAI,AZ
W7A/YV-012,YAVAPAI,AZ
W7A/YV-013,YAVAPAI,AZ
W7A/YV-014,YAVAPAI,AZ
W7A/YV-015,YAVAPAI,AZ
W7A/YV-016,YAVAPAI,AZ
W7A/YV-017,YAVAPAI,AZ
W7A/YV-018,YAVAPAI,AZ
W7A/YV-019,YAVAPAI,AZ
W7A/YV-020,YAVAPAI,AZ
W7A/YV-021,YAVAPAI,AZ
W7A/YV-022,YAVAPAI,AZ
W7A/YV-023,YAVAPAI,AZ
W7A/YV-024,YAVAPAI,AZ
W7A/YV-025,YAVAPAI,AZ
W7A/YV-026,YAVAPAI,AZ
W7A/YV-027,YAVAPAI,AZ
W7A/YV-028,YAVAPAI,AZ
W7A/YV-029,YAVAPAI,AZ
W7A/YV-030,YAVAPAI,AZ
W7A/YV-031,YAVAPAI,AZ
W7A/YV-032,YAVAPAI,AZ
W7A/YV-033,YAVAPAI,AZ
W7A/YV-034,YAVAPAI,AZ
W7A/YV-035,YAVAPAI,AZ
W7A/YV-036,YAVAPAI,AZ
W7A/YV-037,YAVAPAI,AZ
W7A/YV-038,YAVAPAI,AZ
W7A/YV-039,YAVAPAI,AZ
W7A/YV-040,YAVAPAI,AZ
W7A/YV-041,YAVAPAI,AZ
W7A/YV-042,YAVAPAI,AZ
W7A/YV-043,YAVAPAI,AZ
W7A/YV-044,YAVAPAI,AZ
W7A/YV-045,YAVAPAI,AZ
W7A/YV-046,YAVAPAI,AZ
W7A/YV-047,YAVAPAI,AZ
W7A/YV-048,YAVAPAI,AZ
W7A/YV-049,YAVAPAI,AZ
W7A/YV-050,YAVAPAI,AZ
W7A/YV-051,YAVAPAI,AZ
W7A/YV-052,YAVAPAI,AZ
W7A/YV-053,YAVAPAI,AZ
W7A/YV-054,YAVAPAI,AZ
W7A/YV-055,YAVAPAI,AZ
W7A/YV-056,YAVAPAI,AZ
W7A/YV-057,YAVAPAI,AZ
W7A/YV-058,YAVAPAI,AZ
W7A/YV-059,YAVAPAI,AZ
W7A/YV-060,YAVAPAI,AZ
W7A/YV-061,YAVAPAI,AZ
W7A/YV-062,YAVAPAI,AZ
W7A/YV-063,YAVAPAI,AZ
W7A/YV-064,YAVAPAI,AZ
W7A/YV-065,YAVAPAI,AZ
W7A/YV-066,YAVAPAI,AZ
W7A/YV-067,YAVAPAI,AZ
W7A/YV-068,YAVAPAI,AZ
W7A/YV-069,YAVAPAI,AZ
W7A/YV-070,YAVAPAI,AZ
W7A/YV-071,YAVAPAI,AZ
W7A/YV-072,YAVAPAI,AZ
W7A/YV-073,YAVAPAI,AZ
W7A/YV-074,YAVAPAI,AZ
W7A/YV-075,YAVAPAI,AZ
W7A/YV-076,YAVAPAI,AZ
W7A/YV-077,YAVAPAI,AZ
W7A/YV-078,YAVAPAI,AZ
W7A/YV-079,YAVAPAI,AZ
W7A/YV-080,YAVAPAI,AZ
W7A/YV-081,YAVAPAI,AZ
W7A/YV-082,YAVAPAI,AZ
W7A/YV-083,YAVAPAI,AZ
W7A/YV-084,YAVAPAI,AZ
W7A/YV-085,YAVAPAI,AZ
W7A/YV-086,YAVAPAI,AZ
W7A/YV-087,YAVAPAI,AZ
W7A/YV-088,YAVAPAI,AZ
W7A/YV-089,YAVAPAI,AZ
W7A/YV-090,YAVAPAI,AZ
W7A/YV-091,YAVAPAI,AZ
W7A/YV-092,YAVAPAI,AZ
W7A/YV-093,YAVAPAI,AZ
W7A/YV-094,YAVAPAI,AZ
W7A/YV-095,YAVAPAI,AZ
W7A/YV-096,YAVAPAI,AZ
W7A/YV-097,YAVAPAI,AZ
W7A/YV-098,YAVAPAI,AZ
W7A/YV-099,YAVAPAI,AZ
W7A/YV-100,YAVAPAI,AZ
W7A/YV-101,YAVAPAI,AZ
W7A/YV-102,YAVAPAI,AZ
W7A/YV-103,YAVAPAI,AZ
W7A/YV-104,YAVAPAI,AZ
W7A/YV-105,YAVAPAI,AZ
W7A/YV-106,YAVAPAI,AZ
W7A/YV-107,YAVAPAI,AZ
W7A/YV-108,YAVAPAI,AZ
W7A/YV-109,YAVAPAI,AZ
W7A/YV-110,YAVAPAI,AZ
W7A/YV-111,YAVAPAI,AZ
W7A/YV-112,YAVAPAI,AZ
W7A/YV-113,YAVAPAI,AZ
W7A/YV-114,YAVAPAI,AZ
W7A/YV-115,YAVAPAI,AZ
W7A/YV-116,YAVAPAI,AZ
W7A/YV-117,YAVAPAI,AZ
W7A/YV-118,YAVAPAI,AZ
W7A/YV-119,YAVAPAI,AZ
W7A/YV-120,YAVAPAI,AZ
W7A/YV-121,YAVAPAI,AZ
W7A/YV-122,YAVAPAI,AZ
W7A/YV-123,YAVAPAI,AZ
W7A/YV-124,YAVAPAI,AZ
W7A/YV-125,YAVAPAI,AZ
W7A/YV-126,YAVAPAI,AZ
W7A/YV-127,YAVAPAI,AZ
W7A/YV-128,YAVAPAI,AZ
W7A/YV-129,YAVAPAI,AZ
W7A/YV-130,YAVAPAI,AZ
W7A/YV-131,YAVAPAI,AZ
W7A/YV-132,YAVAPAI,AZ
W7A/YV-133,YAVAPAI,AZ
W7A/YV-134,YAVAPAI,AZ
W7A/YV-135,YAVAPAI,AZ
W7A/YV-136,YAVAPAI,AZ
W7A/YV-137,YAVAPAI,AZ
W7A/YV-138,YAVAPAI,AZ
W7A/YV-139,YAVAPAI,AZ
W7A/YV-140,YAVAPAI,AZ
W7A/YV-141,YAVAPAI,AZ
W7A/YV-142,YAVAPAI,AZ
W7A/YV-143,YAVAPAI,AZ
W7A/YV-144,YAVAPAI,AZ
W7A/YV-145,YAVAPAI,AZ
W7A/YV-147,YAVAPAI,AZ
W7A/YV-148,YAVAPAI,AZ
W7A/YV-149,YAVAPAI,AZ
W7A/YV-150,YAVAPAI,AZ
W7A/YV-151,YAVAPAI,AZ
W7A/YV-152,YAVAPAI,AZ
W7A/YV-153,YAVAPAI,AZ
W7A/YV-154,YAVAPAI,AZ
W7A/YV-155,YAVAPAI,AZ
W7A/YV-156,YAVAPAI,AZ
W7A/YV-157,YAVAPAI,AZ
W7A/YV-158,YAVAPAI,AZ
W7A/YV-159,YAVAPAI,AZ
W7A/YV-160,YAVAPAI,AZ
W7A/YV-161,YAVAPAI,AZ
W7A/YV-162,YAVAPAI,AZ
W7A/YV-163,YAVAPAI,AZ
W7A/YV-164,YAVAPAI,AZ
W7A/YV-165,YAVAPAI,AZ
W7A/YV-166,YAVAPAI,AZ
W7A/YV-167,YAVAPAI,AZ
W7A/YV-169,YAVAPAI,AZ
W7A/YV-170,YAVAPAI,AZ
W7A/YV-171,YAVAPAI,AZ
W7A/YV-172,YAVAPAI,AZ
W7A/YV-173,YAVAPAI,AZ
W7A/YV-174,YAVAPAI,AZ
W7A/YV-175,YAVAPAI,AZ
W7A/YV-176,YAVAPAI,AZ
W7A/YV-177,YAVAPAI,AZ
W7A/YV-178,YAVAPAI,AZ
W7A/YV-179,YAVAPAI,AZ
W7A/YV-180,YAVAPAI,AZ
W7A/YV-182,YAVAPAI,AZ
W7A/YV-183,YAVAPAI,AZ
W7A/YV-184,YAVAPAI,AZ
W7A/YV-185,YAVAPAI,AZ
W7A/YV-186,YAVAPAI,AZ
W7A/YV-187,YAVAPAI,AZ
W7A/YV-188,YAVAPAI,AZ
W7A/YV-189,YAVAPAI,AZ
W7A/YV-190,YAVAPAI,AZ
W7A/YV-191,YAVAPAI,AZ
W7A/YV-192,YAVAPAI,AZ
W7A/YV-193,YAVAPAI,AZ
W7A/YV-194,YAVAPAI,AZ
W7A/YV-195,YAVAPAI,AZ
W7A/YV-196,YAVAPAI,AZ
W7A/YV-197,YAVAPAI,AZ
W7A/YV-198,YAVAPAI,AZ
W7A/YV-199,YAVAPAI,AZ
W7U/NU-001,DUCHESNE,UT
W7U/NU-003,DUCHESNE,UT
W7U/NU-005,DUCHESNE,UT
W7U/NU-006,SUMMIT,UT
W7U/NU-008,SAN JUAN,UT
W7U/NU-009,SAN JUAN,UT
W7U/NU-011,SAN JUAN,UT
W7U/NU-012,DAGGETT,UT
W7U/NU-013,JUAB,UT
W7U/NU-015,JUAB,UT
W7U/NU-016,UTAH,UT
W7U/NU-019,SANPETE,UT
W7U/NU-020,SEVIER,UT
W7U/NU-021,DUCHESNE,UT
W7U/NU-022,SANPETE,UT
W7U/NU-023,UTAH,UT
W7U/NU-025,TOOELE,UT
W7U/NU-026,UTAH,UT
W7U/NU-027,SALT LAKE,UT
W7U/NU-028,UTAH,UT
W7U/NU-029,GARFIELD,UT
W7U/NU-030,EMERY,UT
W7U/NU-031,SAN JUAN,UT
W7U/NU-032,WASATCH,UT
W7U/NU-033,SALT LAKE,UT
W7U/NU-034,WASATCH,UT
W7U/NU-035,UTAH,UT
W7U/NU-036,DUCHESNE,UT
W7U/NU-037,JUAB,UT
W7U/NU-038,CACHE,UT
W7U/NU-039,UTAH,UT
W7U/NU-040,UTAH,UT
W7U/NU-041,CARBON,UT
W7U/NU-044,CACHE,UT
W7U/NU-045,BOX ELDER,UT
W7U/NU-046,GARFIELD,UT
W7U/NU-047,SANPETE,UT
W7U/NU-048,WEBER,UT
W7U/NU-050,SUMMIT,UT
W7U/NU-053,RICH,UT
W7U/NU-055,CACHE,UT
W7U/NU-056,CACHE,UT
W7U/NU-057,SUMMIT,UT
W7U/NU-058,SALT LAKE,UT
W7U/NU-059,UTAH,UT
W7U/NU-060,SALT LAKE,UT
W7U/NU-061,UINTAH,UT
W7U/NU-062,UTAH,UT
W7U/NU-063,SAN JUAN,UT
W7U/NU-065,SALT LAKE,UT
W7U/NU-066,DAGGETT,UT
W7U/NU-067,SUMMIT,UT
W7U/NU-068,BOX ELDER,UT
W7U/NU-069,SEVIER,UT
W7U/NU-070,SAN JUAN,UT
W7U/NU-071,UTAH,UT
W7U/NU-073,DAVIS,UT
W7U/NU-074,JUAB,UT
W7U/NU-075,TOOELE,UT
W7U/SU-062,SAN JUAN,UT
W7U/SU-001,SAN JUAN,UT
W7U/SU-002,SAN JUAN,UT
W7U/SU-003,GRAND,UT
W7U/SU-004,GRAND,UT
W7U/SU-005,GRAND,UT
W7U/SU-008,BEAVER,UT
W7U/SU-009,SEVIER,UT
W7U/SU-010,SEVIER,UT
W7U/SU-011,SEVIER,UT
W7U/SU-012,GARFIELD,UT
W7U/SU-013,GARFIELD,UT
W7U/SU-014,SAN JUAN,UT
W7U/SU-015,WAYNE,UT
W7U/SU-016,IRON,UT
W7U/SU-017,WAYNE,UT
W7U/SU-018,SANPETE,UT
W7U/SU-019,SEVIER,UT
W7U/SU-020,SANPETE,UT
W7U/SU-021,GARFIELD,UT
W7U/SU-022,GARFIELD,UT
W7U/SU-023,GARFIELD,UT
W7U/SU-024,WASHINGTON,UT
W7U/SU-025,SAN JUAN,UT
W7U/SU-026,PIUTE,UT
W7U/SU-027,MILLARD,UT
W7U/SU-028,IRON,UT
W7U/SU-029,MILLARD,UT
W7U/SU-030,EMERY,UT
W7U/SU-032,BEAVER,UT
W7U/SU-033,MILLARD,UT
W7U/SU-063,GARFIELD,UT
W7U/SU-034,SANPETE,UT
W7U/SU-035,CACHE,UT
W7U/SU-036,GARFIELD,UT
W7U/SU-037,SEVIER,UT
W7U/SU-038,IRON,UT
W7U/SU-039,SAN JUAN,UT
W7U/SU-040,GARFIELD,UT
W7U/SU-041,KANE,UT
W7U/SU-042,GARFIELD,UT
W7U/SU-043,EMERY,UT
W7U/SU-044,BEAVER,UT
W7U/SU-045,WASHINGTON,UT
W7U/SU-046,EMERY,UT
W7U/SU-047,KANE,UT
W7U/SU-048,IRON,UT
W7U/SU-049,WASHINGTON,UT
W7U/SU-050,WASHINGTON,UT
W7U/SU-051,WASHINGTON,UT
W7U/SU-052,GARFIELD,UT
W7U/SU-064,SEVIER,UT
W7U/SU-065,SAN JUAN,UT
W7U/SU-055,SEVIER,UT
W7U/SU-057,EMERY,UT
W7U/SU-058,SAN JUAN,UT
W7U/SU-059,GRAND,UT
W7U/SU-060,WASHINGTON,UT
W7U/SU-061,WASHINGTON,UT
W7U/BE-001,BEAVER,UT
W7U/BE-003,BEAVER,UT
W7U/BE-006,BEAVER,UT
W7U/BE-007,BEAVER,UT
W7U/BE-008,BEAVER,UT
W7U/BE-009,BEAVER,UT
W7U/BE-010,BEAVER,UT
W7U/BE-011,BEAVER,UT
W7U/BE-012,BEAVER,UT
W7U/BE-013,BEAVER,UT
W7U/BE-014,BEAVER,UT
W7U/BE-015,BEAVER,UT
W7U/BE-016,BEAVER,UT
W7U/BE-017,BEAVER,UT
W7U/BE-018,BEAVER,UT
W7U/BE-019,BEAVER,UT
W7U/BE-020,BEAVER,UT
W7U/BE-022,BEAVER,UT
W7U/BE-023,BEAVER,UT
W7U/BE-024,BEAVER,UT
W7U/BE-025,BEAVER,UT
W7U/BE-026,BEAVER,UT
W7U/BE-027,BEAVER,UT
W7U/BE-028,BEAVER,UT
W7U/BE-029,BEAVER,UT
W7U/BE-030,BEAVER,UT
W7U/BE-031,BEAVER,UT
W7U/BE-032,BEAVER,UT
W7U/BE-033,BEAVER,UT
W7U/BE-034,BEAVER,UT
W7U/BE-035,BEAVER,UT
W7U/BE-036,BEAVER,UT
W7U/BE-037,BEAVER,UT
W7U/BE-038,BEAVER,UT
W7U/BE-039,BEAVER,UT
W7U/BE-040,BEAVER,UT
W7U/BE-041,BEAVER,UT
W7U/BE-042,BEAVER,UT
W7U/BE-043,BEAVER,UT
W7U/BE-044,BEAVER,UT
W7U/BE-045,BEAVER,UT
W7U/BE-046,BEAVER,UT
W7U/BE-047,BEAVER,UT
W7U/BE-048,BEAVER,UT
W7U/BE-049,BEAVER,UT
W7U/BE-050,BEAVER,UT
W7U/BE-051,BEAVER,UT
W7U/BE-052,BEAVER,UT
W7U/BE-053,BEAVER,UT
W7U/BE-054,BEAVER,UT
W7U/BE-055,BEAVER,UT
W7U/BE-056,BEAVER,UT
W7U/BE-057,BEAVER,UT
W7U/BE-058,BEAVER,UT
W7U/BE-059,BEAVER,UT
W7U/BE-060,BEAVER,UT
W7U/BE-061,BEAVER,UT
W7U/BE-062,BEAVER,UT
W7U/BE-063,BEAVER,UT
W7U/BE-064,BEAVER,UT
W7U/BE-065,BEAVER,UT
W7U/BE-066,BEAVER,UT
W7U/BE-067,BEAVER,UT
W7U/BE-068,BEAVER,UT
W7U/BE-069,BEAVER,UT
W7U/BO-001,BOX ELDER,UT
W7U/BO-002,BOX ELDER,UT
W7U/BO-003,BOX ELDER,UT
W7U/BO-004,BOX ELDER,UT
W7U/BO-005,BOX ELDER,UT
W7U/BO-006,BOX ELDER,UT
W7U/BO-007,BOX ELDER,UT
W7U/BO-008,BOX ELDER,UT
W7U/BO-009,BOX ELDER,UT
W7U/BO-010,BOX ELDER,UT
W7U/BO-011,BOX ELDER,UT
W7U/BO-012,BOX ELDER,UT
W7U/BO-013,BOX ELDER,UT
W7U/BO-014,BOX ELDER,UT
W7U/BO-015,BOX ELDER,UT
W7U/BO-016,BOX ELDER,UT
W7U/BO-017,BOX ELDER,UT
W7U/BO-018,BOX ELDER,UT
W7U/BO-019,BOX ELDER,UT
W7U/BO-020,BOX ELDER,UT
W7U/BO-021,BOX ELDER,UT
W7U/BO-022,BOX ELDER,UT
W7U/BO-023,BOX ELDER,UT
W7U/BO-024,BOX ELDER,UT
W7U/BO-025,BOX ELDER,UT
W7U/BO-026,BOX ELDER,UT
W7U/BO-028,BOX ELDER,UT
W7U/BO-029,BOX ELDER,UT
W7U/BO-030,BOX ELDER,UT
W7U/BO-031,BOX ELDER,UT
W7U/BO-032,BOX ELDER,UT
W7U/BO-033,BOX ELDER,UT
W7U/BO-034,BOX ELDER,UT
W7U/BO-035,BOX ELDER,UT
W7U/BO-036,BOX ELDER,UT
W7U/BO-037,BOX ELDER,UT
W7U/BO-038,BOX ELDER,UT
W7U/BO-039,BOX ELDER,UT
W7U/BO-040,BOX ELDER,UT
W7U/BO-041,BOX ELDER,UT
W7U/BO-042,BOX ELDER,UT
W7U/BO-043,BOX ELDER,UT
W7U/BO-044,BOX ELDER,UT
W7U/BO-045,BOX ELDER,UT
W7U/BO-046,BOX ELDER,UT
W7U/BO-047,BOX ELDER,UT
W7U/BO-048,BOX ELDER,UT
W7U/BO-049,BOX ELDER,UT
W7U/BO-050,BOX ELDER,UT
W7U/BO-051,BOX ELDER,UT
W7U/BO-052,BOX ELDER,UT
W7U/BO-053,BOX ELDER,UT
W7U/BO-054,BOX ELDER,UT
W7U/BO-055,BOX ELDER,UT
W7U/BO-056,BOX ELDER,UT
W7U/BO-057,BOX ELDER,UT
W7U/BO-058,BOX ELDER,UT
W7U/BO-059,BOX ELDER,UT
W7U/BO-060,BOX ELDER,UT
W7U/BO-061,BOX ELDER,UT
W7U/BO-062,BOX ELDER,UT
W7U/BO-063,BOX ELDER,UT
W7U/BO-064,BOX ELDER,UT
W7U/BO-065,BOX ELDER,UT
W7U/BO-066,BOX ELDER,UT
W7U/BO-067,BOX ELDER,UT
W7U/BO-068,BOX ELDER,UT
W7U/BO-069,BOX ELDER,UT
W7U/BO-070,BOX ELDER,UT
W7U/BO-071,BOX ELDER,UT
W7U/BO-072,BOX ELDER,UT
W7U/BO-073,BOX ELDER,UT
W7U/BO-074,BOX ELDER,UT
W7U/BO-075,BOX ELDER,UT
W7U/BO-076,BOX ELDER,UT
W7U/BO-078,BOX ELDER,UT
W7U/BO-079,BOX ELDER,UT
W7U/BO-080,BOX ELDER,UT
W7U/BO-081,BOX ELDER,UT
W7U/BO-082,BOX ELDER,UT
W7U/BO-083,BOX ELDER,UT
W7U/BO-084,BOX ELDER,UT
W7U/BO-085,BOX ELDER,UT
W7U/BO-086,BOX ELDER,UT
W7U/BO-087,BOX ELDER,UT
W7U/BO-088,BOX ELDER,UT
W7U/BO-089,BOX ELDER,UT
W7U/BO-090,BOX ELDER,UT
W7U/BO-091,BOX ELDER,UT
W7U/BO-092,BOX ELDER,UT
W7U/CA-001,CACHE,UT
W7U/CA-002,CACHE,UT
W7U/CA-003,CACHE,UT
W7U/CA-004,CACHE,UT
W7U/CA-005,CACHE,UT
W7U/CA-006,CACHE,UT
W7U/CA-008,CACHE,UT
W7U/CA-009,CACHE,UT
W7U/CA-010,CACHE,UT
W7U/CA-011,CACHE,UT
W7U/CA-012,CACHE,UT
W7U/CA-013,CACHE,UT
W7U/CA-014,CACHE,UT
W7U/CA-015,CACHE,UT
W7U/CA-016,CACHE,UT
W7U/CA-017,CACHE,UT
W7U/CA-018,CACHE,UT
W7U/CA-019,CACHE,UT
W7U/CA-020,CACHE,UT
W7U/CA-021,CACHE,UT
W7U/CA-022,CACHE,UT
W7U/CA-023,CACHE,UT
W7U/CA-024,CACHE,UT
W7U/CA-026,CACHE,UT
W7U/CA-028,CACHE,UT
W7U/CA-029,CACHE,UT
W7U/CA-030,CACHE,UT
W7U/CR-002,CARBON,UT
W7U/CR-004,CARBON,UT
W7U/CR-005,CARBON,UT
W7U/CR-006,CARBON,UT
W7U/CR-007,CARBON,UT
W7U/CR-008,CARBON,UT
W7U/CR-009,CARBON,UT
W7U/CR-010,CARBON,UT
W7U/CR-011,CARBON,UT
W7U/CR-012,CARBON,UT
W7U/CR-013,CARBON,UT
W7U/CR-015,CARBON,UT
W7U/CR-016,CARBON,UT
W7U/CR-017,CARBON,UT
W7U/DA-003,DAGGETT,UT
W7U/DA-006,DAGGETT,UT
W7U/DA-007,DAGGETT,UT
W7U/DA-008,DAGGETT,UT
W7U/DA-009,DAGGETT,UT
W7U/DA-010,DAGGETT,UT
W7U/DA-011,DAGGETT,UT
W7U/DA-012,DAGGETT,UT
W7U/DA-014,DAGGETT,UT
W7U/DA-017,DAGGETT,UT
W7U/DA-018,DAGGETT,UT
W7U/DA-019,DAGGETT,UT
W7U/DA-021,DAGGETT,UT
W7U/DA-023,DAGGETT,UT
W7U/DA-024,DAGGETT,UT
W7U/DA-025,DAGGETT,UT
W7U/DA-026,DAGGETT,UT
W7U/DA-027,DAGGETT,UT
W7U/DA-028,DAGGETT,UT
W7U/DA-029,DAGGETT,UT
W7U/DA-030,DAGGETT,UT
W7U/DA-031,DAGGETT,UT
W7U/DA-032,DAGGETT,UT
W7U/DA-033,DAGGETT,UT
W7U/DA-034,DAGGETT,UT
W7U/DV-001,DAVIS,UT
W7U/DV-002,DAVIS,UT
W7U/DV-003,DAVIS,UT
W7U/DV-004,DAVIS,UT
W7U/DV-005,DAVIS,UT
W7U/DU-001,DUCHESNE,UT
W7U/DU-003,DUCHESNE,UT
W7U/DU-005,DUCHESNE,UT
W7U/DU-006,DUCHESNE,UT
W7U/DU-007,DUCHESNE,UT
W7U/DU-008,DUCHESNE,UT
W7U/DU-010,DUCHESNE,UT
W7U/DU-011,DUCHESNE,UT
W7U/DU-012,DUCHESNE,UT
W7U/DU-013,DUCHESNE,UT
W7U/DU-014,DUCHESNE,UT
W7U/DU-015,DUCHESNE,UT
W7U/DU-016,DUCHESNE,UT
W7U/DU-017,DUCHESNE,UT
W7U/DU-018,DUCHESNE,UT
W7U/DU-020,DUCHESNE,UT
W7U/DU-021,DUCHESNE,UT
W7U/DU-022,DUCHESNE,UT
W7U/DU-023,DUCHESNE,UT
W7U/DU-024,DUCHESNE,UT
W7U/DU-025,DUCHESNE,UT
W7U/DU-026,DUCHESNE,UT
W7U/DU-027,DUCHESNE,UT
W7U/DU-028,DUCHESNE,UT
W7U/DU-029,DUCHESNE,UT
W7U/DU-030,DUCHESNE,UT
W7U/DU-031,DUCHESNE,UT
W7U/DU-032,DUCHESNE,UT
W7U/DU-033,DUCHESNE,UT
W7U/DU-034,DUCHESNE,UT
W7U/DU-035,DUCHESNE,UT
W7U/DU-036,DUCHESNE,UT
W7U/DU-037,DUCHESNE,UT
W7U/DU-038,DUCHESNE,UT
W7U/DU-039,DUCHESNE,UT
W7U/DU-040,DUCHESNE,UT
W7U/DU-041,DUCHESNE,UT
W7U/DU-042,DUCHESNE,UT
W7U/DU-043,DUCHESNE,UT
W7U/DU-044,DUCHESNE,UT
W7U/DU-045,DUCHESNE,UT
W7U/DU-046,DUCHESNE,UT
W7U/DU-047,DUCHESNE,UT
W7U/DU-048,DUCHESNE,UT
W7U/DU-049,DUCHESNE,UT
W7U/DU-050,DUCHESNE,UT
W7U/DU-051,DUCHESNE,UT
W7U/DU-052,DUCHESNE,UT
W7U/DU-053,DUCHESNE,UT
W7U/DU-054,DUCHESNE,UT
W7U/DU-055,DUCHESNE,UT
W7U/EM-001,EMERY,UT
W7U/EM-002,EMERY,UT
W7U/EM-003,EMERY,UT
W7U/EM-004,EMERY,UT
W7U/EM-006,EMERY,UT
W7U/EM-007,EMERY,UT
W7U/EM-008,EMERY,UT
W7U/EM-009,EMERY,UT
W7U/EM-010,EMERY,UT
W7U/EM-011,EMERY,UT
W7U/EM-012,EMERY,UT
W7U/EM-013,EMERY,UT
W7U/EM-014,EMERY,UT
W7U/EM-015,EMERY,UT
W7U/EM-016,EMERY,UT
W7U/EM-017,EMERY,UT
W7U/EM-018,EMERY,UT
W7U/EM-019,EMERY,UT
W7U/EM-020,EMERY,UT
W7U/EM-021,EMERY,UT
W7U/EM-022,EMERY,UT
W7U/EM-023,EMERY,UT
W7U/EM-024,EMERY,UT
W7U/EM-025,EMERY,UT
W7U/EM-026,EMERY,UT
W7U/EM-027,EMERY,UT
W7U/EM-028,EMERY,UT
W7U/EM-029,EMERY,UT
W7U/EM-030,EMERY,UT
W7U/EM-031,EMERY,UT
W7U/EM-032,EMERY,UT
W7U/EM-033,EMERY,UT
W7U/EM-034,EMERY,UT
W7U/EM-035,EMERY,UT
W7U/EM-036,EMERY,UT
W7U/EM-037,EMERY,UT
W7U/EM-038,EMERY,UT
W7U/EM-039,EMERY,UT
W7U/EM-040,EMERY,UT
W7U/EM-041,EMERY,UT
W7U/EM-042,EMERY,UT
W7U/EM-043,EMERY,UT
W7U/EM-044,EMERY,UT
W7U/EM-045,EMERY,UT
W7U/EM-046,EMERY,UT
W7U/EM-047,EMERY,UT
W7U/EM-048,EMERY,UT
W7U/EM-049,EMERY,UT
W7U/EM-050,EMERY,UT
W7U/EM-051,EMERY,UT
W7U/EM-052,EMERY,UT
W7U/EM-053,EMERY,UT
W7U/EM-054,EMERY,UT
W7U/EM-055,EMERY,UT
W7U/EM-056,EMERY,UT
W7U/EM-057,EMERY,UT
W7U/EM-058,EMERY,UT
W7U/EM-059,EMERY,UT
W7U/EM-060,EMERY,UT
W7U/EM-061,EMERY,UT
W7U/EM-062,EMERY,UT
W7U/EM-063,EMERY,UT
W7U/EM-064,EMERY,UT
W7U/EM-065,EMERY,UT
W7U/EM-066,EMERY,UT
W7U/EM-067,EMERY,UT
W7U/EM-068,EMERY,UT
W7U/EM-069,EMERY,UT
W7U/EM-070,EMERY,UT
W7U/EM-071,EMERY,UT
W7U/EM-072,EMERY,UT
W7U/EM-073,EMERY,UT
W7U/EM-074,EMERY,UT
W7U/EM-075,EMERY,UT
W7U/EM-076,EMERY,UT
W7U/EM-077,EMERY,UT
W7U/EM-078,EMERY,UT
W7U/EM-079,EMERY,UT
W7U/EM-080,EMERY,UT
W7U/EM-081,EMERY,UT
W7U/EM-082,EMERY,UT
W7U/EM-084,EMERY,UT
W7U/GA-001,GARFIELD,UT
W7U/GA-002,GARFIELD,UT
W7U/GA-003,GARFIELD,UT
W7U/GA-004,GARFIELD,UT
W7U/GA-005,GARFIELD,UT
W7U/GA-006,GARFIELD,UT
W7U/GA-007,GARFIELD,UT
W7U/GA-008,GARFIELD,UT
W7U/GA-009,GARFIELD,UT
W7U/GA-010,GARFIELD,UT
W7U/GA-011,GARFIELD,UT
W7U/GA-012,GARFIELD,UT
W7U/GA-013,GARFIELD,UT
W7U/GA-014,GARFIELD,UT
W7U/GA-015,GARFIELD,UT
W7U/GA-016,GARFIELD,UT
W7U/GA-017,GARFIELD,UT
W7U/GA-018,GARFIELD,UT
W7U/GA-019,GARFIELD,UT
W7U/GA-020,GARFIELD,UT
W7U/GA-021,GARFIELD,UT
W7U/GA-022,GARFIELD,UT
W7U/GA-023,GARFIELD,UT
W7U/GA-024,GARFIELD,UT
W7U/GA-025,GARFIELD,UT
W7U/GA-026,GARFIELD,UT
W7U/GA-027,GARFIELD,UT
W7U/GA-028,GARFIELD,UT
W7U/GA-029,GARFIELD,UT
W7U/GA-030,GARFIELD,UT
W7U/GA-031,GARFIELD,UT
W7U/GA-032,GARFIELD,UT
W7U/GA-033,GARFIELD,UT
W7U/GA-034,GARFIELD,UT
W7U/GA-035,GARFIELD,UT
W7U/GA-036,GARFIELD,UT
W7U/GA-037,GARFIELD,UT
W7U/GA-038,GARFIELD,UT
W7U/GA-039,GARFIELD,UT
W7U/GA-040,GARFIELD,UT
W7U/GA-041,GARFIELD,UT
W7U/GA-042,GARFIELD,UT
W7U/GA-043,GARFIELD,UT
W7U/GA-044,GARFIELD,UT
W7U/GA-045,GARFIELD,UT
W7U/GA-046,GARFIELD,UT
W7U/GA-047,GARFIELD,UT
W7U/GA-048,GARFIELD,UT
W7U/GA-049,GARFIELD,UT
W7U/GA-050,GARFIELD,UT
W7U/GA-051,GARFIELD,UT
W7U/GA-052,GARFIELD,UT
W7U/GA-053,GARFIELD,UT
W7U/GA-054,GARFIELD,UT
W7U/GA-055,GARFIELD,UT
W7U/GA-056,GARFIELD,UT
W7U/GA-057,GARFIELD,UT
W7U/GA-058,GARFIELD,UT
W7U/GA-059,GARFIELD,UT
W7U/GA-060,GARFIELD,UT
W7U/GA-061,GARFIELD,UT
W7U/GA-062,GARFIELD,UT
W7U/GA-063,GARFIELD,UT
W7U/GA-064,GARFIELD,UT
W7U/GA-065,GARFIELD,UT
W7U/GA-066,GARFIELD,UT
W7U/GA-067,GARFIELD,UT
W7U/GA-068,GARFIELD,UT
W7U/GA-069,GARFIELD,UT
W7U/GA-070,GARFIELD,UT
W7U/GA-071,GARFIELD,UT
W7U/GA-072,GARFIELD,UT
W7U/GA-073,GARFIELD,UT
W7U/GA-074,GARFIELD,UT
W7U/GA-075,GARFIELD,UT
W7U/GA-076,GARFIELD,UT
W7U/GA-077,GARFIELD,UT
W7U/GA-078,GARFIELD,UT
W7U/GA-079,GARFIELD,UT
W7U/GA-080,GARFIELD,UT
W7U/GA-081,GARFIELD,UT
W7U/GA-083,GARFIELD,UT
W7U/GA-084,GARFIELD,UT
W7U/GA-085,GARFIELD,UT
W7U/GA-086,GARFIELD,UT
W7U/GA-088,GARFIELD,UT
W7U/GR-001,GRAND,UT
W7U/GR-002,GRAND,UT
W7U/GR-003,GRAND,UT
W7U/GR-004,GRAND,UT
W7U/GR-005,GRAND,UT
W7U/GR-006,GRAND,UT
W7U/GR-007,GRAND,UT
W7U/GR-008,GRAND,UT
W7U/GR-009,GRAND,UT
W7U/GR-010,GRAND,UT
W7U/GR-011,GRAND,UT
W7U/GR-012,GRAND,UT
W7U/GR-013,GRAND,UT
W7U/GR-014,GRAND,UT
W7U/GR-015,GRAND,UT
W7U/GR-016,GRAND,UT
W7U/GR-017,GRAND,UT
W7U/GR-018,GRAND,UT
W7U/GR-019,GRAND,UT
W7U/GR-020,GRAND,UT
W7U/GR-021,GRAND,UT
W7U/GR-022,GRAND,UT
W7U/GR-023,GRAND,UT
W7U/GR-024,GRAND,UT
W7U/GR-025,GRAND,UT
W7U/GR-026,GRAND,UT
W7U/GR-027,GRAND,UT
W7U/GR-028,GRAND,UT
W7U/GR-029,GRAND,UT
W7U/GR-030,GRAND,UT
W7U/GR-031,GRAND,UT
W7U/GR-032,GRAND,UT
W7U/GR-033,GRAND,UT
W7U/GR-034,GRAND,UT
W7U/GR-035,GRAND,UT
W7U/GR-036,GRAND,UT
W7U/GR-037,GRAND,UT
W7U/GR-038,GRAND,UT
W7U/GR-039,GRAND,UT
W7U/GR-040,GRAND,UT
W7U/GR-041,GRAND,UT
W7U/GR-042,GRAND,UT
W7U/GR-043,GRAND,UT
W7U/GR-044,GRAND,UT
W7U/GR-045,GRAND,UT
W7U/GR-046,GRAND,UT
W7U/GR-047,GRAND,UT
W7U/GR-048,GRAND,UT
W7U/GR-049,GRAND,UT
W7U/GR-050,GRAND,UT
W7U/GR-051,GRAND,UT
W7U/GR-052,GRAND,UT
W7U/IR-001,IRON,UT
W7U/IR-002,IRON,UT
W7U/IR-003,IRON,UT
W7U/IR-004,IRON,UT
W7U/IR-005,IRON,UT
W7U/IR-006,IRON,UT
W7U/IR-007,IRON,UT
W7U/IR-008,IRON,UT
W7U/IR-009,IRON,UT
W7U/IR-010,IRON,UT
W7U/IR-011,IRON,UT
W7U/IR-012,IRON,UT
W7U/IR-013,IRON,UT
W7U/IR-014,IRON,UT
W7U/IR-015,IRON,UT
W7U/IR-017,IRON,UT
W7U/IR-018,IRON,UT
W7U/IR-019,IRON,UT
W7U/IR-020,IRON,UT
W7U/IR-021,IRON,UT
W7U/IR-022,IRON,UT
W7U/IR-023,IRON,UT
W7U/IR-024,IRON,UT
W7U/IR-025,IRON,UT
W7U/IR-026,IRON,UT
W7U/IR-027,IRON,UT
W7U/IR-028,IRON,UT
W7U/IR-029,IRON,UT
W7U/IR-030,IRON,UT
W7U/IR-032,IRON,UT
W7U/IR-033,IRON,UT
W7U/IR-034,IRON,UT
W7U/IR-035,IRON,UT
W7U/IR-036,IRON,UT
W7U/IR-037,IRON,UT
W7U/IR-038,IRON,UT
W7U/IR-039,IRON,UT
W7U/IR-040,IRON,UT
W7U/IR-041,IRON,UT
W7U/IR-042,IRON,UT
W7U/IR-043,IRON,UT
W7U/IR-044,IRON,UT
W7U/IR-045,IRON,UT
W7U/IR-046,IRON,UT
W7U/IR-047,IRON,UT
W7U/IR-048,IRON,UT
W7U/IR-049,IRON,UT
W7U/IR-050,IRON,UT
W7U/IR-051,IRON,UT
W7U/IR-052,IRON,UT
W7U/IR-053,IRON,UT
W7U/IR-054,IRON,UT
W7U/IR-055,IRON,UT
W7U/JU-001,JUAB,UT
W7U/JU-002,JUAB,UT
W7U/JU-003,JUAB,UT
W7U/JU-005,JUAB,UT
W7U/JU-006,JUAB,UT
W7U/JU-007,JUAB,UT
W7U/JU-008,JUAB,UT
W7U/JU-010,JUAB,UT
W7U/JU-011,JUAB,UT
W7U/JU-013,JUAB,UT
W7U/JU-014,JUAB,UT
W7U/JU-015,JUAB,UT
W7U/JU-016,JUAB,UT
W7U/JU-017,JUAB,UT
W7U/JU-018,JUAB,UT
W7U/JU-019,JUAB,UT
W7U/JU-020,JUAB,UT
W7U/JU-021,JUAB,UT
W7U/JU-022,JUAB,UT
W7U/JU-023,JUAB,UT
W7U/JU-025,JUAB,UT
W7U/JU-026,JUAB,UT
W7U/JU-027,JUAB,UT
W7U/JU-029,JUAB,UT
W7U/JU-030,JUAB,UT
W7U/JU-031,JUAB,UT
W7U/JU-032,JUAB,UT
W7U/JU-034,JUAB,UT
W7U/JU-035,JUAB,UT
W7U/JU-036,JUAB,UT
W7U/JU-037,JUAB,UT
W7U/JU-038,JUAB,UT
W7U/JU-039,JUAB,UT
W7U/JU-040,JUAB,UT
W7U/JU-041,JUAB,UT
W7U/JU-042,JUAB,UT
W7U/JU-043,JUAB,UT
W7U/JU-044,JUAB,UT
W7U/JU-045,JUAB,UT
W7U/JU-046,JUAB,UT
W7U/JU-047,JUAB,UT
W7U/JU-048,JUAB,UT
W7U/JU-050,JUAB,UT
W7U/JU-051,JUAB,UT
W7U/JU-053,JUAB,UT
W7U/JU-054,JUAB,UT
W7U/JU-055,JUAB,UT
W7U/JU-056,JUAB,UT
W7U/JU-057,JUAB,UT
W7U/JU-058,JUAB,UT
W7U/JU-059,JUAB,UT
W7U/JU-060,JUAB,UT
W7U/JU-061,JUAB,UT
W7U/JU-062,JUAB,UT
W7U/JU-063,JUAB,UT
W7U/JU-064,JUAB,UT
W7U/JU-065,JUAB,UT
W7U/JU-066,JUAB,UT
W7U/JU-067,JUAB,UT
W7U/JU-069,JUAB,UT
W7U/JU-070,JUAB,UT
W7U/JU-071,JUAB,UT
W7U/JU-072,JUAB,UT
W7U/JU-073,JUAB,UT
W7U/KA-001,KANE,UT
W7U/KA-002,KANE,UT
W7U/KA-003,KANE,UT
W7U/KA-004,KANE,UT
W7U/KA-005,KANE,UT
W7U/KA-006,KANE,UT
W7U/KA-007,KANE,UT
W7U/KA-008,KANE,UT
W7U/KA-009,KANE,UT
W7U/KA-010,KANE,UT
W7U/KA-011,KANE,UT
W7U/KA-012,KANE,UT
W7U/KA-013,KANE,UT
W7U/KA-014,KANE,UT
W7U/KA-015,KANE,UT
W7U/KA-016,KANE,UT
W7U/KA-017,KANE,UT
W7U/KA-018,KANE,UT
W7U/KA-019,KANE,UT
W7U/KA-020,KANE,UT
W7U/KA-021,KANE,UT
W7U/KA-022,KANE,UT
W7U/KA-023,KANE,UT
W7U/KA-024,KANE,UT
W7U/KA-025,KANE,UT
W7U/KA-026,KANE,UT
W7U/KA-027,KANE,UT
W7U/KA-028,KANE,UT
W7U/KA-029,KANE,UT
W7U/KA-030,KANE,UT
W7U/KA-031,KANE,UT
W7U/KA-032,KANE,UT
W7U/KA-033,KANE,UT
W7U/KA-034,KANE,UT
W7U/KA-035,KANE,UT
W7U/KA-036,KANE,UT
W7U/KA-037,KANE,UT
W7U/KA-038,KANE,UT
W7U/KA-039,KANE,UT
W7U/KA-040,KANE,UT
W7U/KA-041,KANE,UT
W7U/KA-042,KANE,UT
W7U/KA-043,KANE,UT
W7U/KA-044,KANE,UT
W7U/KA-045,KANE,UT
W7U/KA-046,KANE,UT
W7U/KA-047,KANE,UT
W7U/KA-048,KANE,UT
W7U/KA-049,KANE,UT
W7U/KA-050,KANE,UT
W7U/KA-051,KANE,UT
W7U/KA-052,KANE,UT
W7U/KA-053,KANE,UT
W7U/KA-054,KANE,UT
W7U/KA-055,KANE,UT
W7U/KA-056,KANE,UT
W7U/MI-001,MILLARD,UT
W7U/MI-002,MILLARD,UT
W7U/MI-003,MILLARD,UT
W7U/MI-004,MILLARD,UT
W7U/MI-005,MILLARD,UT
W7U/MI-006,MILLARD,UT
W7U/MI-007,MILLARD,UT
W7U/MI-008,MILLARD,UT
W7U/MI-009,MILLARD,UT
W7U/MI-010,MILLARD,UT
W7U/MI-011,MILLARD,UT
W7U/MI-012,MILLARD,UT
W7U/MI-013,MILLARD,UT
W7U/MI-014,MILLARD,UT
W7U/MI-015,MILLARD,UT
W7U/MI-016,MILLARD,UT
W7U/MI-017,MILLARD,UT
W7U/MI-018,MILLARD,UT
W7U/MI-019,MILLARD,UT
W7U/MI-020,MILLARD,UT
W7U/MI-021,MILLARD,UT
W7U/MI-022,MILLARD,UT
W7U/MI-023,MILLARD,UT
W7U/MI-024,MILLARD,UT
W7U/MI-025,MILLARD,UT
W7U/MI-026,MILLARD,UT
W7U/MI-027,MILLARD,UT
W7U/MI-028,MILLARD,UT
W7U/MI-029,MILLARD,UT
W7U/MI-030,MILLARD,UT
W7U/MI-031,MILLARD,UT
W7U/MI-032,MILLARD,UT
W7U/MI-033,MILLARD,UT
W7U/MI-034,MILLARD,UT
W7U/MI-035,MILLARD,UT
W7U/MI-036,MILLARD,UT
W7U/MI-037,MILLARD,UT
W7U/MI-038,MILLARD,UT
W7U/MI-039,MILLARD,UT
W7U/MI-040,MILLARD,UT
W7U/MI-041,MILLARD,UT
W7U/MI-042,MILLARD,UT
W7U/MI-043,MILLARD,UT
W7U/MI-044,MILLARD,UT
W7U/MI-045,MILLARD,UT
W7U/MI-046,MILLARD,UT
W7U/MI-047,MILLARD,UT
W7U/MI-048,MILLARD,UT
W7U/MI-049,MILLARD,UT
W7U/MI-050,MILLARD,UT
W7U/MI-051,MILLARD,UT
W7U/MI-052,MILLARD,UT
W7U/MI-053,MILLARD,UT
W7U/MI-054,MILLARD,UT
W7U/MI-055,MILLARD,UT
W7U/MI-056,MILLARD,UT
W7U/MI-057,MILLARD,UT
W7U/MI-058,MILLARD,UT
W7U/MI-059,MILLARD,UT
W7U/MI-060,MILLARD,UT
W7U/MI-061,MILLARD,UT
W7U/MI-062,MILLARD,UT
W7U/MI-063,MILLARD,UT
W7U/MI-064,MILLARD,UT
W7U/MI-065,MILLARD,UT
W7U/MI-066,MILLARD,UT
W7U/MI-067,MILLARD,UT
W7U/MI-068,MILLARD,UT
W7U/MI-069,MILLARD,UT
W7U/MI-070,MILLARD,UT
W7U/MI-071,MILLARD,UT
W7U/MI-072,MILLARD,UT
W7U/MI-073,MILLARD,UT
W7U/MI-074,MILLARD,UT
W7U/MI-075,MILLARD,UT
W7U/MI-076,MILLARD,UT
W7U/MI-077,MILLARD,UT
W7U/MI-078,MILLARD,UT
W7U/MI-079,MILLARD,UT
W7U/MI-080,MILLARD,UT
W7U/MI-081,MILLARD,UT
W7U/MI-082,MILLARD,UT
W7U/MI-083,MILLARD,UT
W7U/MI-084,MILLARD,UT
W7U/MI-085,MILLARD,UT
W7U/MI-086,MILLARD,UT
W7U/MI-087,MILLARD,UT
W7U/MI-088,MILLARD,UT
W7U/MI-089,MILLARD,UT
W7U/MI-090,MILLARD,UT
W7U/MI-091,MILLARD,UT
W7U/MI-092,MILLARD,UT
W7U/MI-093,MILLARD,UT
W7U/MI-094,MILLARD,UT
W7U/MI-095,MILLARD,UT
W7U/MI-096,MILLARD,UT
W7U/MI-097,MILLARD,UT
W7U/MI-098,MILLARD,UT
W7U/MI-099,MILLARD,UT
W7U/MI-100,MILLARD,UT
W7U/MI-101,MILLARD,UT
W7U/MI-102,MILLARD,UT
W7U/MI-103,MILLARD,UT
W7U/MI-104,MILLARD,UT
W7U/MI-105,MILLARD,UT
W7U/MI-106,MILLARD,UT
W7U/MI-107,MILLARD,UT
W7U/MI-108,MILLARD,UT
W7U/MI-109,MILLARD,UT
W7U/MI-110,MILLARD,UT
W7U/MI-111,MILLARD,UT
W7U/MO-001,MORGAN,UT
W7U/MO-002,MORGAN,UT
W7U/MO-003,MORGAN,UT
W7U/MO-004,MORGAN,UT
W7U/MO-006,MORGAN,UT
W7U/MO-007,MORGAN,UT
W7U/MO-008,MORGAN,UT
W7U/MO-009,MORGAN,UT
W7U/MO-010,MORGAN,UT
W7U/MO-012,MORGAN,UT
W7U/PI-001,PIUTE,UT
W7U/PI-002,PIUTE,UT
W7U/PI-003,PIUTE,UT
W7U/PI-004,PIUTE,UT
W7U/PI-005,PIUTE,UT
W7U/PI-006,PIUTE,UT
W7U/PI-007,PIUTE,UT
W7U/PI-008,PIUTE,UT
W7U/PI-009,PIUTE,UT
W7U/PI-010,PIUTE,UT
W7U/PI-011,PIUTE,UT
W7U/PI-012,PIUTE,UT
W7U/PI-013,PIUTE,UT
W7U/PI-014,PIUTE,UT
W7U/PI-015,PIUTE,UT
W7U/PI-017,PIUTE,UT
W7U/PI-018,PIUTE,UT
W7U/RI-001,RICH,UT
W7U/RI-002,RICH,UT
W7U/RI-003,RICH,UT
W7U/RI-004,RICH,UT
W7U/SL-001,SALT LAKE,UT
W7U/SL-003,SALT LAKE,UT
W7U/SL-004,SALT LAKE,UT
W7U/SL-006,SALT LAKE,UT
W7U/SL-007,SALT LAKE,UT
W7U/SL-008,SALT LAKE,UT
W7U/SL-009,SALT LAKE,UT
W7U/SL-010,SALT LAKE,UT
W7U/SL-011,SALT LAKE,UT
W7U/SL-012,SALT LAKE,UT
W7U/SL-013,SALT LAKE,UT
W7U/SL-021,SALT LAKE,UT
W7U/SL-022,SALT LAKE,UT
W7U/SL-023,SALT LAKE,UT
W7U/SL-024,SALT LAKE,UT
W7U/SL-025,SALT LAKE,UT
W7U/SJ-001,SAN JUAN,UT
W7U/SJ-002,SAN JUAN,UT
W7U/SJ-003,SAN JUAN,UT
W7U/SJ-004,SAN JUAN,UT
W7U/SJ-005,SAN JUAN,UT
W7U/SJ-006,SAN JUAN,UT
W7U/SJ-007,SAN JUAN,UT
W7U/SJ-008,SAN JUAN,UT
W7U/SJ-009,SAN JUAN,UT
W7U/SJ-010,SAN JUAN,UT
W7U/SJ-011,SAN JUAN,UT
W7U/SJ-012,SAN JUAN,UT
W7U/SJ-013,SAN JUAN,UT
W7U/SJ-014,SAN JUAN,UT
W7U/SJ-015,SAN JUAN,UT
W7U/SJ-016,SAN JUAN,UT
W7U/SJ-017,SAN JUAN,UT
W7U/SJ-018,SAN JUAN,UT
W7U/SJ-019,SAN JUAN,UT
W7U/SJ-020,SAN JUAN,UT
W7U/SJ-021,SAN JUAN,UT
W7U/SJ-022,SAN JUAN,UT
W7U/SJ-023,SAN JUAN,UT
W7U/SJ-024,SAN JUAN,UT
W7U/SJ-025,SAN JUAN,UT
W7U/SJ-026,SAN JUAN,UT
W7U/SJ-027,SAN JUAN,UT
W7U/SJ-028,SAN JUAN,UT
W7U/SJ-029,SAN JUAN,UT
W7U/SJ-030,SAN JUAN,UT
W7U/SJ-031,SAN JUAN,UT
W7U/SJ-032,SAN JUAN,UT
W7U/SJ-033,SAN JUAN,UT
W7U/SJ-034,SAN JUAN,UT
W7U/SJ-035,SAN JUAN,UT
W7U/SJ-036,SAN JUAN,UT
W7U/SJ-037,SAN JUAN,UT
W7U/SJ-038,SAN JUAN,UT
W7U/SJ-039,SAN JUAN,UT
W7U/SJ-040,SAN JUAN,UT
W7U/SJ-041,SAN JUAN,UT
W7U/SJ-042,SAN JUAN,UT
W7U/SJ-043,SAN JUAN,UT
W7U/SJ-044,SAN JUAN,UT
W7U/SJ-045,SAN JUAN,UT
W7U/SJ-046,SAN JUAN,UT
W7U/SJ-047,SAN JUAN,UT
W7U/SJ-048,SAN JUAN,UT
W7U/SJ-049,SAN JUAN,UT
W7U/SJ-050,SAN JUAN,UT
W7U/SJ-051,SAN JUAN,UT
W7U/SJ-052,SAN JUAN,UT
W7U/SJ-053,SAN JUAN,UT
W7U/SJ-054,SAN JUAN,UT
W7U/SJ-055,SAN JUAN,UT
W7U/SJ-056,SAN JUAN,UT
W7U/SJ-057,SAN JUAN,UT
W7U/SJ-058,SAN JUAN,UT
W7U/SJ-059,SAN JUAN,UT
W7U/SJ-060,SAN JUAN,UT
W7U/SJ-061,SAN JUAN,UT
W7U/SJ-062,SAN JUAN,UT
W7U/SJ-063,SAN JUAN,UT
W7U/SJ-064,SAN JUAN,UT
W7U/SJ-065,SAN JUAN,UT
W7U/SJ-066,SAN JUAN,UT
W7U/SJ-067,SAN JUAN,UT
W7U/SJ-068,SAN JUAN,UT
W7U/SJ-069,SAN JUAN,UT
W7U/SJ-070,SAN JUAN,UT
W7U/SJ-071,SAN JUAN,UT
W7U/SJ-072,SAN JUAN,UT
W7U/SJ-073,SAN JUAN,UT
W7U/SJ-074,SAN JUAN,UT
W7U/SJ-075,SAN JUAN,UT
W7U/SJ-076,SAN JUAN,UT
W7U/SJ-077,SAN JUAN,UT
W7U/SJ-078,SAN JUAN,UT
W7U/SJ-079,SAN JUAN,UT
W7U/SJ-080,SAN JUAN,UT
W7U/SJ-081,SAN JUAN,UT
W7U/SJ-082,SAN JUAN,UT
W7U/SJ-083,SAN JUAN,UT
W7U/SJ-084,SAN JUAN,UT
W7U/SJ-085,SAN JUAN,UT
W7U/SJ-086,SAN JUAN,UT
W7U/SJ-087,SAN JUAN,UT
W7U/SJ-088,SAN JUAN,UT
W7U/SJ-089,SAN JUAN,UT
W7U/SJ-090,SAN JUAN,UT
W7U/SJ-091,SAN JUAN,UT
W7U/SJ-092,SAN JUAN,UT
W7U/SJ-093,SAN JUAN,UT
W7U/SJ-094,SAN JUAN,UT
W7U/SJ-095,SAN JUAN,UT
W7U/SJ-097,SAN JUAN,UT
W7U/SJ-098,SAN JUAN,UT
W7U/SJ-099,SAN JUAN,UT
W7U/SJ-100,SAN JUAN,UT
W7U/SJ-101,SAN JUAN,UT
W7U/SJ-102,SAN JUAN,UT
W7U/SJ-103,SAN JUAN,UT
W7U/SJ-104,SAN JUAN,UT
W7U/SJ-105,SAN JUAN,UT
W7U/SJ-106,SAN JUAN,UT
W7U/SJ-108,SAN JUAN,UT
W7U/SJ-109,SAN JUAN,UT
W7U/SJ-110,SAN JUAN,UT
W7U/SJ-111,SAN JUAN,UT
W7U/SJ-112,SAN JUAN,UT
W7U/SJ-113,SAN JUAN,UT
W7U/SJ-115,SAN JUAN,UT
W7U/SJ-116,SAN JUAN,UT
W7U/SP-001,SANPETE,UT
W7U/SP-002,SANPETE,UT
W7U/SP-003,SANPETE,UT
W7U/SP-004,SANPETE,UT
W7U/SP-005,SANPETE,UT
W7U/SP-006,SANPETE,UT
W7U/SP-007,SANPETE,UT
W7U/SP-008,SANPETE,UT
W7U/SP-009,SANPETE,UT
W7U/SP-010,SANPETE,UT
W7U/SP-011,SANPETE,UT
W7U/SP-012,SANPETE,UT
W7U/SP-013,SANPETE,UT
W7U/SP-014,SANPETE,UT
W7U/SP-015,SANPETE,UT
W7U/SP-016,SANPETE,UT
W7U/SP-018,SANPETE,UT
W7U/SP-019,SANPETE,UT
W7U/SP-020,SANPETE,UT
W7U/SP-021,SANPETE,UT
W7U/SP-022,SANPETE,UT
W7U/SE-001,SEVIER,UT
W7U/SE-002,SEVIER,UT
W7U/SE-003,SEVIER,UT
W7U/SE-004,SEVIER,UT
W7U/SE-005,SEVIER,UT
W7U/SE-006,SEVIER,UT
W7U/SE-007,SEVIER,UT
W7U/SE-008,SEVIER,UT
W7U/SE-009,SEVIER,UT
W7U/SE-010,SEVIER,UT
W7U/SE-011,SEVIER,UT
W7U/SE-012,SEVIER,UT
W7U/SE-014,SEVIER,UT
W7U/SE-015,SEVIER,UT
W7U/SE-016,SEVIER,UT
W7U/SE-017,SEVIER,UT
W7U/SE-018,SEVIER,UT
W7U/SE-019,SEVIER,UT
W7U/SE-020,SEVIER,UT
W7U/SE-021,SEVIER,UT
W7U/SE-022,SEVIER,UT
W7U/SE-023,SEVIER,UT
W7U/SE-024,SEVIER,UT
W7U/SE-025,SEVIER,UT
W7U/SE-026,SEVIER,UT
W7U/SE-027,SEVIER,UT
W7U/SE-028,SEVIER,UT
W7U/SE-029,SEVIER,UT
W7U/SM-001,SUMMIT,UT
W7U/SM-002,SUMMIT,UT
W7U/SM-003,SUMMIT,UT
W7U/SM-004,SUMMIT,UT
W7U/SM-005,SUMMIT,UT
W7U/SM-006,SUMMIT,UT
W7U/SM-007,SUMMIT,UT
W7U/SM-008,SUMMIT,UT
W7U/SM-009,SUMMIT,UT
W7U/SM-010,SUMMIT,UT
W7U/SM-011,SUMMIT,UT
W7U/SM-012,SUMMIT,UT
W7U/SM-013,SUMMIT,UT
W7U/SM-014,SUMMIT,UT
W7U/SM-015,SUMMIT,UT
W7U/SM-016,SUMMIT,UT
W7U/SM-017,SUMMIT,UT
W7U/SM-018,SUMMIT,UT
W7U/SM-019,SUMMIT,UT
W7U/SM-020,SUMMIT,UT
W7U/SM-021,SUMMIT,UT
W7U/SM-022,SUMMIT,UT
W7U/SM-023,SUMMIT,UT
W7U/SM-024,SUMMIT,UT
W7U/SM-025,SUMMIT,UT
W7U/SM-026,SUMMIT,UT
W7U/SM-027,SUMMIT,UT
W7U/SM-028,SUMMIT,UT
W7U/SM-029,SUMMIT,UT
W7U/SM-030,SUMMIT,UT
W7U/SM-031,SUMMIT,UT
W7U/SM-032,SUMMIT,UT
W7U/SM-033,SUMMIT,UT
W7U/SM-034,SUMMIT,UT
W7U/SM-035,SUMMIT,UT
W7U/SM-036,SUMMIT,UT
W7U/SM-037,SUMMIT,UT
W7U/SM-038,SUMMIT,UT
W7U/SM-039,SUMMIT,UT
W7U/SM-040,SUMMIT,UT
W7U/SM-041,SUMMIT,UT
W7U/SM-043,SUMMIT,UT
W7U/SM-044,SUMMIT,UT
W7U/SM-045,SUMMIT,UT
W7U/SM-046,SUMMIT,UT
W7U/SM-047,SUMMIT,UT
W7U/SM-048,SUMMIT,UT
W7U/SM-049,SUMMIT,UT
W7U/SM-050,SUMMIT,UT
W7U/SM-051,SUMMIT,UT
W7U/SM-052,SUMMIT,UT
W7U/TO-001,TOOELE,UT
W7U/TO-002,TOOELE,UT
W7U/TO-004,TOOELE,UT
W7U/TO-006,TOOELE,UT
W7U/TO-007,TOOELE,UT
W7U/TO-008,TOOELE,UT
W7U/TO-009,TOOELE,UT
W7U/TO-010,TOOELE,UT
W7U/TO-011,TOOELE,UT
W7U/TO-012,TOOELE,UT
W7U/TO-013,TOOELE,UT
W7U/TO-014,TOOELE,UT
W7U/TO-015,TOOELE,UT
W7U/TO-016,TOOELE,UT
W7U/TO-017,TOOELE,UT
W7U/TO-018,TOOELE,UT
W7U/TO-019,TOOELE,UT
W7U/TO-020,TOOELE,UT
W7U/TO-021,TOOELE,UT
W7U/TO-022,TOOELE,UT
W7U/TO-023,TOOELE,UT
W7U/TO-024,TOOELE,UT
W7U/TO-025,TOOELE,UT
W7U/TO-026,TOOELE,UT
W7U/TO-027,TOOELE,UT
W7U/TO-028,TOOELE,UT
W7U/TO-029,TOOELE,UT
W7U/TO-030,TOOELE,UT
W7U/TO-031,TOOELE,UT
W7U/TO-032,TOOELE,UT
W7U/TO-033,TOOELE,UT
W7U/TO-034,TOOELE,UT
W7U/TO-035,TOOELE,UT
W7U/TO-036,TOOELE,UT
W7U/TO-037,TOOELE,UT
W7U/TO-038,TOOELE,UT
W7U/TO-039,TOOELE,UT
W7U/TO-040,TOOELE,UT
W7U/TO-041,TOOELE,UT
W7U/TO-042,TOOELE,UT
W7U/TO-043,TOOELE,UT
W7U/TO-044,TOOELE,UT
W7U/TO-045,TOOELE,UT
W7U/TO-046,TOOELE,UT
W7U/TO-047,TOOELE,UT
W7U/TO-048,TOOELE,UT
W7U/TO-050,TOOELE,UT
W7U/TO-051,TOOELE,UT
W7U/TO-052,TOOELE,UT
W7U/TO-053,TOOELE,UT
W7U/TO-054,TOOELE,UT
W7U/TO-055,TOOELE,UT
W7U/TO-056,TOOELE,UT
W7U/TO-057,TOOELE,UT
W7U/TO-058,TOOELE,UT
W7U/TO-059,TOOELE,UT
W7U/TO-061,TOOELE,UT
W7U/TO-062,TOOELE,UT
W7U/TO-063,TOOELE,UT
W7U/TO-064,TOOELE,UT
W7U/TO-065,TOOELE,UT
W7U/TO-066,TOOELE,UT
W7U/TO-067,TOOELE,UT
W7U/TO-068,TOOELE,UT
W7U/TO-069,TOOELE,UT
W7U/TO-070,TOOELE,UT
W7U/TO-071,TOOELE,UT
W7U/TO-072,TOOELE,UT
W7U/TO-073,TOOELE,UT
W7U/TO-074,TOOELE,UT
W7U/TO-075,TOOELE,UT
W7U/TO-076,TOOELE,UT
W7U/TO-077,TOOELE,UT
W7U/TO-078,TOOELE,UT
W7U/TO-079,TOOELE,UT
W7U/TO-080,TOOELE,UT
W7U/TO-081,TOOELE,UT
W7U/TO-082,TOOELE,UT
W7U/TO-083,TOOELE,UT
W7U/TO-084,TOOELE,UT
W7U/TO-085,TOOELE,UT
W7U/TO-086,TOOELE,UT
W7U/TO-087,TOOELE,UT
W7U/UI-001,UINTAH,UT
W7U/UI-002,UINTAH,UT
W7U/UI-003,UINTAH,UT
W7U/UI-004,UINTAH,UT
W7U/UI-005,UINTAH,UT
W7U/UI-006,UINTAH,UT
W7U/UI-007,UINTAH,UT
W7U/UI-008,UINTAH,UT
W7U/UI-009,UINTAH,UT
W7U/UI-010,UINTAH,UT
W7U/UI-011,UINTAH,UT
W7U/UI-012,UINTAH,UT
W7U/UI-013,UINTAH,UT
W7U/UI-014,UINTAH,UT
W7U/UI-015,UINTAH,UT
W7U/UI-016,UINTAH,UT
W7U/UI-017,UINTAH,UT
W7U/UI-018,UINTAH,UT
W7U/UI-019,UINTAH,UT
W7U/UI-020,UINTAH,UT
W7U/UI-021,UINTAH,UT
W7U/UI-022,UINTAH,UT
W7U/UI-023,UINTAH,UT
W7U/UI-024,UINTAH,UT
W7U/UI-025,UINTAH,UT
W7U/UI-026,UINTAH,UT
W7U/UI-027,UINTAH,UT
W7U/UI-028,UINTAH,UT
W7U/UI-029,UINTAH,UT
W7U/UT-001,UTAH,UT
W7U/UT-002,UTAH,UT
W7U/UT-003,UTAH,UT
W7U/UT-004,UTAH,UT
W7U/UT-007,UTAH,UT
W7U/UT-008,UTAH,UT
W7U/UT-009,UTAH,UT
W7U/UT-011,UTAH,UT
W7U/UT-012,UTAH,UT
W7U/UT-015,UTAH,UT
W7U/UT-016,UTAH,UT
W7U/UT-017,UTAH,UT
W7U/UT-018,UTAH,UT
W7U/UT-019,UTAH,UT
W7U/UT-020,UTAH,UT
W7U/UT-022,UTAH,UT
W7U/UT-023,UTAH,UT
W7U/UT-024,UTAH,UT
W7U/UT-025,UTAH,UT
W7U/UT-026,UTAH,UT
W7U/UT-027,UTAH,UT
W7U/UT-028,UTAH,UT
W7U/UT-029,UTAH,UT
W7U/UT-030,UTAH,UT
W7U/UT-031,UTAH,UT
W7U/UT-032,UTAH,UT
W7U/UT-033,UTAH,UT
W7U/UT-034,UTAH,UT
W7U/UT-035,UTAH,UT
W7U/UT-036,UTAH,UT
W7U/UT-037,UTAH,UT
W7U/UT-038,UTAH,UT
W7U/UT-039,UTAH,UT
W7U/UT-040,UTAH,UT
W7U/UT-041,UTAH,UT
W7U/UT-042,UTAH,UT
W7U/UT-043,UTAH,UT
W7U/UT-044,UTAH,UT
W7U/UT-045,UTAH,UT
W7U/UT-046,UTAH,UT
W7U/WA-001,WASATCH,UT
W7U/WA-002,WASATCH,UT
W7U/WA-003,WASATCH,UT
W7U/WA-004,WASATCH,UT
W7U/WA-005,WASATCH,UT
W7U/WA-006,WASATCH,UT
W7U/WA-007,WASATCH,UT
W7U/WA-008,WASATCH,UT
W7U/WA-009,WASATCH,UT
W7U/WA-010,WASATCH,UT
W7U/WA-011,WASATCH,UT
W7U/WA-012,WASATCH,UT
W7U/WA-013,WASATCH,UT
W7U/WA-014,WASATCH,UT
W7U/WA-015,WASATCH,UT
W7U/WA-016,WASATCH,UT
W7U/WA-017,WASATCH,UT
W7U/WA-018,WASATCH,UT
W7U/WA-019,WASATCH,UT
W7U/WA-020,WASATCH,UT
W7U/WA-021,WASATCH,UT
W7U/WS-001,WASHINGTON,UT
W7U/WS-002,WASHINGTON,UT
W7U/WS-003,WASHINGTON,UT
W7U/WS-004,WASHINGTON,UT
W7U/WS-005,WASHINGTON,UT
W7U/WS-006,WASHINGTON,UT
W7U/WS-008,WASHINGTON,UT
W7U/WS-009,WASHINGTON,UT
W7U/WS-010,WASHINGTON,UT
W7U/WS-011,WASHINGTON,UT
W7U/WS-012,WASHINGTON,UT
W7U/WS-013,WASHINGTON,UT
W7U/WS-014,WASHINGTON,UT
W7U/WS-015,WASHINGTON,UT
W7U/WS-016,WASHINGTON,UT
W7U/WS-017,WASHINGTON,UT
W7U/WS-018,WASHINGTON,UT
W7U/WS-019,WASHINGTON,UT
W7U/WS-020,WASHINGTON,UT
W7U/WS-021,WASHINGTON,UT
W7U/WS-022,WASHINGTON,UT
W7U/WS-023,WASHINGTON,UT
W7U/WS-024,WASHINGTON,UT
W7U/WS-026,WASHINGTON,UT
W7U/WS-027,WASHINGTON,UT
W7U/WS-028,WASHINGTON,UT
W7U/WS-029,WASHINGTON,UT
W7U/WS-030,WASHINGTON,UT
W7U/WS-031,WASHINGTON,UT
W7U/WS-032,WASHINGTON,UT
W7U/WS-033,WASHINGTON,UT
W7U/WS-034,WASHINGTON,UT
W7U/WS-035,WASHINGTON,UT
W7U/WS-036,WASHINGTON,UT
W7U/WS-037,WASHINGTON,UT
W7U/WS-038,WASHINGTON,UT
W7U/WS-039,WASHINGTON,UT
W7U/WS-040,WASHINGTON,UT
W7U/WS-041,WASHINGTON,UT
W7U/WS-042,WASHINGTON,UT
W7U/WS-043,WASHINGTON,UT
W7U/WS-044,WASHINGTON,UT
W7U/WS-045,WASHINGTON,UT
W7U/WS-046,WASHINGTON,UT
W7U/WS-047,WASHINGTON,UT
W7U/WS-048,WASHINGTON,UT
W7U/WS-049,WASHINGTON,UT
W7U/WS-050,WASHINGTON,UT
W7U/WS-051,WASHINGTON,UT
W7U/WS-052,WASHINGTON,UT
W7U/WS-053,WASHINGTON,UT
W7U/WS-054,WASHINGTON,UT
W7U/WS-055,WASHINGTON,UT
W7U/WS-056,WASHINGTON,UT
W7U/WS-057,WASHINGTON,UT
W7U/WS-058,WASHINGTON,UT
W7U/WS-059,WASHINGTON,UT
W7U/WS-060,WASHINGTON,UT
W7U/WS-061,WASHINGTON,UT
W7U/WS-062,WASHINGTON,UT
W7U/WS-063,WASHINGTON,UT
W7U/WS-064,WASHINGTON,UT
W7U/WS-065,WASHINGTON,UT
W7U/WS-066,WASHINGTON,UT
W7U/WS-067,WASHINGTON,UT
W7U/WS-068,WASHINGTON,UT
W7U/WS-069,WASHINGTON,UT
W7U/WS-070,WASHINGTON,UT
W7U/WS-071,WASHINGTON,UT
W7U/WS-072,WASHINGTON,UT
W7U/WS-073,WASHINGTON,UT
W7U/WS-074,WASHINGTON,UT
W7U/WS-075,WASHINGTON,UT
W7U/WS-076,WASHINGTON,UT
W7U/WS-077,WASHINGTON,UT
W7U/WS-078,WASHINGTON,UT
W7U/WS-079,WASHINGTON,UT
W7U/WS-080,WASHINGTON,UT
W7U/WS-081,WASHINGTON,UT
W7U/WS-082,WASHINGTON,UT
W7U/WS-083,WASHINGTON,UT
W7U/WS-084,WASHINGTON,UT
W7U/WS-085,WASHINGTON,UT
W7U/WS-086,WASHINGTON,UT
W7U/WS-087,WASHINGTON,UT
W7U/WS-088,WASHINGTON,UT
W7U/WS-089,WASHINGTON,UT
W7U/WS-090,WASHINGTON,UT
W7U/WS-091,WASHINGTON,UT
W7U/WS-092,WASHINGTON,UT
W7U/WS-094,WASHINGTON,UT
W7U/WS-095,WASHINGTON,UT
W7U/WS-096,WASHINGTON,UT
W7U/WS-097,WASHINGTON,UT
W7U/WS-098,WASHINGTON,UT
W7U/WS-099,WASHINGTON,UT
W7U/WS-100,WASHINGTON,UT
W7U/WS-101,WASHINGTON,UT
W7U/WS-102,WASHINGTON,UT
W7U/WS-103,WASHINGTON,UT
W7U/WS-104,WASHINGTON,UT
W7U/WS-105,WASHINGTON,UT
W7U/WS-106,WASHINGTON,UT
W7U/WS-107,WASHINGTON,UT
W7U/WS-108,WASHINGTON,UT
W7U/WS-109,WASHINGTON,UT
W7U/WS-110,WASHINGTON,UT
W7U/WS-111,WASHINGTON,UT
W7U/WS-112,WASHINGTON,UT
W7U/WS-113,WASHINGTON,UT
W7U/WS-114,WASHINGTON,UT
W7U/WS-115,WASHINGTON,UT
W7U/WS-116,WASHINGTON,UT
W7U/WS-117,WASHINGTON,UT
W7U/WS-118,WASHINGTON,UT
W7U/WS-119,WASHINGTON,UT
W7U/WS-120,WASHINGTON,UT
W7U/WS-121,WASHINGTON,UT
W7U/WS-122,WASHINGTON,UT
W7U/WS-123,WASHINGTON,UT
W7U/WS-124,WASHINGTON,UT
W7U/WY-001,WAYNE,UT
W7U/WY-003,WAYNE,UT
W7U/WY-004,WAYNE,UT
W7U/WY-005,WAYNE,UT
W7U/WY-006,WAYNE,UT
W7U/WY-007,WAYNE,UT
W7U/WY-008,WAYNE,UT
W7U/WY-009,WAYNE,UT
W7U/WY-010,WAYNE,UT
W7U/WY-011,WAYNE,UT
W7U/WY-012,WAYNE,UT
W7U/WY-013,WAYNE,UT
W7U/WY-014,WAYNE,UT
W7U/WY-015,WAYNE,UT
W7U/WY-016,WAYNE,UT
W7U/WY-017,WAYNE,UT
W7U/WY-018,WAYNE,UT
W7U/WY-019,WAYNE,UT
W7U/WY-020,WAYNE,UT
W7U/WY-021,WAYNE,UT
W7U/WY-022,WAYNE,UT
W7U/WY-023,WAYNE,UT
W7U/WY-024,WAYNE,UT
W7U/WY-025,WAYNE,UT
W7U/WY-026,WAYNE,UT
W7U/WY-027,WAYNE,UT
W7U/WY-028,WAYNE,UT
W7U/WY-029,WAYNE,UT
W7U/WY-030,WAYNE,UT
W7U/WY-031,WAYNE,UT
W7U/WY-032,WAYNE,UT
W7U/WY-033,WAYNE,UT
W7U/WY-034,WAYNE,UT
W7U/WY-035,WAYNE,UT
W7U/WY-036,WAYNE,UT
W7U/WY-037,WAYNE,UT
W7U/WY-038,WAYNE,UT
W7U/WY-039,WAYNE,UT
W7U/WB-001,WEBER,UT
W7U/WB-002,WEBER,UT
W7U/WB-003,WEBER,UT
W7U/WB-004,WEBER,UT
W7U/WB-005,WEBER,UT
W0M/ES-001,WEBSTER,MO
W0M/ES-002,OZARK,MO
W0M/ES-003,STONE,MO
W0M/ES-004,STONE,MO
W0M/SF-001,IRON,MO
W0M/SF-002,IRON,MO
W0M/SF-003,IRON,MO
W0M/SF-004,REYNOLDS,MO
W0M/SF-005,IRON,MO
W0M/SF-006,IRON,MO
W0M/SF-007,SAINT FRANCOIS,MO
W0M/SF-008,SAINT FRANCOIS,MO
W0M/SF-009,REYNOLDS,MO
W0M/SF-010,SAINT FRANCOIS,MO
W0M/SF-011,IRON,MO
W0M/SF-012,IRON,MO
W0M/SF-013,IRON,MO
W0M/SF-014,IRON,MO
W0M/SF-015,SAINT FRANCOIS,MO
W0M/SF-016,SAINT FRANCOIS,MO
W0M/SF-017,IRON,MO
W0M/SF-018,IRON,MO
W0M/SF-019,MADISON,MO
W0M/SF-020,SAINT FRANCOIS,MO
W0M/SF-021,WAYNE,MO
W0M/SF-022,MADISON,MO
W0M/SF-023,WASHINGTON,MO
W0M/SF-024,MADISON,MO
W0M/SF-025,WAYNE,MO
W0M/SF-026,MADISON,MO
W0M/SF-027,MADISON,MO
W0M/SF-028,REYNOLDS,MO
W0M/SF-029,MADISON,MO
W0M/SF-030,SAINT FRANCOIS,MO
W0M/SF-031,MADISON,MO
W0M/SF-032,REYNOLDS,MO
W0M/SF-033,WAYNE,MO
W0M/SF-034,WAYNE,MO
W0M/SF-035,MADISON,MO
W0M/SF-036,WAYNE,MO
W0M/SF-037,WAYNE,MO
W0M/SF-038,MADISON,MO
W0M/SF-039,MADISON,MO
W0M/SF-040,MADISON,MO
W0M/SF-041,WAYNE,MO
W0M/SF-042,MADISON,MO
W0M/SF-043,MADISON,MO
W0M/SF-045,MADISON,MO
W0M/SF-046,WAYNE,MO
W0M/SF-047,WAYNE,MO
W0M/SF-049,WAYNE,MO
W0M/SP-001,SHANNON,MO
W0M/SP-002,SHANNON,MO
W0M/SP-003,SHANNON,MO
W0M/SP-004,SHANNON,MO
W5A/BR-001,NEWTON,AR
W5A/BR-002,NEWTON,AR
W5A/BR-003,NEWTON,AR
W5A/BR-004,NEWTON,AR
W5A/BR-005,NEWTON,AR
W5A/BR-006,BOONE,AR
W5A/BR-007,BOONE,AR
W5A/BR-008,NEWTON,AR
W5A/BR-009,CARROLL,AR
W5A/BR-010,SEARCY,AR
W5A/BR-011,STONE,AR
W5A/BR-012,BENTON,AR
W5A/BR-013,SEARCY,AR
W5A/BR-014,STONE,AR
W5A/BR-015,STONE,AR
W5A/BR-016,STONE,AR
W5A/BR-017,IZARD,AR
W5A/CA-001,MONTGOMERY,AR
W5A/CA-002,MONTGOMERY,AR
W5A/CA-003,MONTGOMERY,AR
W5A/CA-004,MONTGOMERY,AR
W5A/CA-005,MONTGOMERY,AR
W5A/CA-006,MONTGOMERY,AR
W5A/CA-007,MONTGOMERY,AR
W5A/CA-008,MONTGOMERY,AR
W5A/CA-009,MONTGOMERY,AR
W5A/CA-010,MONTGOMERY,AR
W5A/CA-011,MONTGOMERY,AR
W5A/CA-012,MONTGOMERY,AR
W5A/CA-013,MONTGOMERY,AR
W5A/CA-014,GARLAND,AR
W5A/CA-015,GARLAND,AR
W5A/CA-016,GARLAND,AR
W5A/CA-017,GARLAND,AR
W5A/CS-001,POLK,AR
W5A/CS-002,POLK,AR
W5A/CS-003,POLK,AR
W5A/CS-004,POLK,AR
W5A/CS-005,POLK,AR
W5A/CS-006,POLK,AR
W5A/CS-007,POLK,AR
W5A/CS-008,POLK,AR
W5A/CS-009,MONTGOMERY,AR
W5A/CS-010,POLK,AR
W5A/CS-011,POLK,AR
W5A/CS-013,MONTGOMERY,AR
W5A/CS-014,MONTGOMERY,AR
W5A/CS-015,MONTGOMERY,AR
W5A/CS-016,POLK,AR
W5A/CS-017,MONTGOMERY,AR
W5A/CS-018,PIKE,AR
W5A/CS-020,POLK,AR
W5A/CS-021,PIKE,AR
W5A/CS-022,PIKE,AR
W5A/CS-023,MONTGOMERY,AR
W5A/MA-001,LOGAN,AR
W5A/MA-002,LOGAN,AR
W5A/MA-003,LOGAN,AR
W5A/MA-004,YELL,AR
W5A/MA-005,LOGAN,AR
W5A/MA-006,LOGAN,AR
W5A/MA-007,POPE,AR
W5A/MA-010,POPE,AR
W5A/MA-011,LOGAN,AR
W5A/MA-012,LOGAN,AR
W5A/MA-013,FRANKLIN,AR
W5A/OA-001,GARLAND,AR
W5A/OA-002,GARLAND,AR
W5A/OA-003,PERRY,AR
W5A/OA-004,GARLAND,AR
W5A/OA-006,SALINE,AR
W5A/OA-007,SALINE,AR
W5A/OA-008,SALINE,AR
W5A/OA-009,GARLAND,AR
W5A/OA-010,YELL,AR
W5A/OA-011,MONTGOMERY,AR
W5A/OA-012,PERRY,AR
W5A/OA-013,GARLAND,AR
W5A/OA-014,GARLAND,AR
W5A/OA-015,PULASKI,AR
W5A/OA-016,PULASKI,AR
W5A/OH-001,POLK,AR
W5A/OH-003,POLK,AR
W5A/OH-004,POLK,AR
W5A/OH-005,POLK,AR
W5A/OH-006,SCOTT,AR
W5A/OH-007,SCOTT,AR
W5A/OH-008,POLK,AR
W5A/OH-009,SCOTT,AR
W5A/OH-010,MONTGOMERY,AR
W5A/OH-011,MONTGOMERY,AR
W5A/OH-012,SCOTT,AR
W5A/OH-014,MONTGOMERY,AR
W5A/OH-015,MONTGOMERY,AR
W5A/OZ-001,NEWTON,AR
W5A/OZ-002,FRANKLIN,AR
W5A/OZ-003,MADISON,AR
W5A/OZ-004,JOHNSON,AR
W5A/OZ-005,FRANKLIN,AR
W5A/OZ-006,JOHNSON,AR
W5A/OZ-007,FRANKLIN,AR
W5A/OZ-008,POPE,AR
W5A/OZ-009,JOHNSON,AR
W5A/OZ-010,FRANKLIN,AR
W5A/PT-003,SEBASTIAN,AR
W5A/PT-004,SCOTT,AR
W5A/PT-005,YELL,AR
W5A/PT-006,SEBASTIAN,AR
W5A/PT-007,SCOTT,AR
W5A/PT-008,SCOTT,AR
W5A/PT-009,YELL,AR
W5A/PT-010,SCOTT,AR
W5A/PT-011,SCOTT,AR
W5A/PT-012,SCOTT,AR
W5A/PT-013,YELL,AR
W5A/PT-014,SCOTT,AR
W5M/MS-001,CHOCTAW,MS
W5N/AI-001,HIDALGO,NM
W5N/AI-002,HIDALGO,NM
W5N/AI-003,HIDALGO,NM
W5N/AI-004,HIDALGO,NM
W5N/AI-005,HIDALGO,NM
W5N/AI-006,HIDALGO,NM
W5N/AI-007,HIDALGO,NM
W5N/AI-008,HIDALGO,NM
W5N/AI-009,HIDALGO,NM
W5N/AI-010,HIDALGO,NM
W5N/AI-011,HIDALGO,NM
W5N/AI-012,HIDALGO,NM
W5N/AI-013,HIDALGO,NM
W5N/AI-014,HIDALGO,NM
W5N/AI-015,HIDALGO,NM
W5N/AI-016,HIDALGO,NM
W5N/AI-017,HIDALGO,NM
W5N/AI-018,HIDALGO,NM
W5N/AI-019,HIDALGO,NM
W5N/AI-020,HIDALGO,NM
W5N/AI-022,HIDALGO,NM
W5N/AI-023,HIDALGO,NM
W5N/AI-024,HIDALGO,NM
W5N/AI-025,HIDALGO,NM
W5N/AI-026,HIDALGO,NM
W5N/AI-027,HIDALGO,NM
W5N/AP-001,CATRON,NM
W5N/AP-002,CATRON,NM
W5N/AP-003,CATRON,NM
W5N/AP-004,CATRON,NM
W5N/AP-005,CATRON,NM
W5N/AP-006,CATRON,NM
W5N/AP-007,CATRON,NM
W5N/AP-008,CATRON,NM
W5N/AP-009,CATRON,NM
W5N/AP-010,CATRON,NM
W5N/AP-011,CATRON,NM
W5N/AP-012,CATRON,NM
W5N/AP-013,CATRON,NM
W5N/AP-014,CATRON,NM
W5N/AP-015,CATRON,NM
W5N/AP-016,CATRON,NM
W5N/AP-017,CATRON,NM
W5N/AP-018,CATRON,NM
W5N/AP-019,CATRON,NM
W5N/AP-020,CATRON,NM
W5N/AP-021,CATRON,NM
W5N/AP-022,CATRON,NM
W5N/AP-023,CATRON,NM
W5N/AP-024,CATRON,NM
W5N/AP-025,CATRON,NM
W5N/AP-026,CATRON,NM
W5N/AP-027,CATRON,NM
W5N/AP-028,CATRON,NM
W5N/AP-029,CATRON,NM
W5N/AP-030,CATRON,NM
W5N/AP-031,CATRON,NM
W5N/AP-032,CATRON,NM
W5N/AP-033,CIBOLA,NM
W5N/AP-034,CATRON,NM
W5N/AP-035,CATRON,NM
W5N/AP-036,CATRON,NM
W5N/AP-037,CATRON,NM
W5N/AP-038,CATRON,NM
W5N/AP-039,CATRON,NM
W5N/AP-040,CATRON,NM
W5N/AP-041,CATRON,NM
W5N/AP-042,CATRON,NM
W5N/AP-043,CIBOLA,NM
W5N/AP-044,CATRON,NM
W5N/AP-045,CATRON,NM
W5N/AP-046,CATRON,NM
W5N/AP-047,CATRON,NM
W5N/AP-048,CATRON,NM
W5N/AP-049,CATRON,NM
W5N/BL-001,GRANT,NM
W5N/BL-005,SIERRA,NM
W5N/BL-006,SIERRA,NM
W5N/BL-007,GRANT,NM
W5N/BL-009,SIERRA,NM
W5N/BL-010,GRANT,NM
W5N/BL-011,SIERRA,NM
W5N/BL-012,SIERRA,NM
W5N/BL-013,GRANT,NM
W5N/BL-014,SIERRA,NM
W5N/BL-015,SIERRA,NM
W5N/BL-016,SIERRA,NM
W5N/BL-017,SIERRA,NM
W5N/BL-018,GRANT,NM
W5N/BL-019,SIERRA,NM
W5N/BL-020,GRANT,NM
W5N/BL-021,SIERRA,NM
W5N/BL-022,SIERRA,NM
W5N/BL-023,SIERRA,NM
W5N/BL-024,SIERRA,NM
W5N/BL-025,SIERRA,NM
W5N/BL-026,SIERRA,NM
W5N/BL-027,SIERRA,NM
W5N/BL-028,SIERRA,NM
W5N/BL-029,SIERRA,NM
W5N/BL-030,SIERRA,NM
W5N/BL-031,SIERRA,NM
W5N/BL-032,SIERRA,NM
W5N/BL-033,SIERRA,NM
W5N/BL-034,SIERRA,NM
W5N/BL-035,SIERRA,NM
W5N/BL-036,SIERRA,NM
W5N/BL-037,SIERRA,NM
W5N/BL-038,SIERRA,NM
W5N/BL-039,SIERRA,NM
W5N/BL-040,SIERRA,NM
W5N/BL-043,SIERRA,NM
W5N/BA-001,SOCORRO,NM
W5N/BA-002,SOCORRO,NM
W5N/BA-003,SOCORRO,NM
W5N/BA-004,SOCORRO,NM
W5N/BA-005,SOCORRO,NM
W5N/BA-006,TORRANCE,NM
W5N/BA-007,SOCORRO,NM
W5N/BA-008,SOCORRO,NM
W5N/BA-009,SOCORRO,NM
W5N/BA-010,SOCORRO,NM
W5N/BA-011,SOCORRO,NM
W5N/BA-012,SOCORRO,NM
W5N/BA-013,SOCORRO,NM
W5N/BA-014,SOCORRO,NM
W5N/BA-015,SOCORRO,NM
W5N/BA-016,SOCORRO,NM
W5N/BA-017,SOCORRO,NM
W5N/BA-018,SOCORRO,NM
W5N/BA-019,SOCORRO,NM
W5N/BA-020,SOCORRO,NM
W5N/BA-021,SOCORRO,NM
W5N/BA-022,SOCORRO,NM
W5N/BA-023,SOCORRO,NM
W5N/BA-024,SOCORRO,NM
W5N/BA-025,SOCORRO,NM
W5N/BU-001,GRANT,NM
W5N/BU-002,GRANT,NM
W5N/BU-003,GRANT,NM
W5N/BU-004,GRANT,NM
W5N/BU-005,GRANT,NM
W5N/BU-006,GRANT,NM
W5N/BU-007,GRANT,NM
W5N/BU-008,GRANT,NM
W5N/BU-009,GRANT,NM
W5N/BU-010,HIDALGO,NM
W5N/BU-011,GRANT,NM
W5N/BU-012,GRANT,NM
W5N/BU-013,GRANT,NM
W5N/BU-014,GRANT,NM
W5N/BU-015,GRANT,NM
W5N/BU-016,GRANT,NM
W5N/BU-017,GRANT,NM
W5N/BU-018,GRANT,NM
W5N/BU-020,GRANT,NM
W5N/BU-021,GRANT,NM
W5N/BU-023,GRANT,NM
W5N/BU-024,GRANT,NM
W5N/BU-025,GRANT,NM
W5N/BU-026,GRANT,NM
W5N/BU-027,GRANT,NM
W5N/BU-028,GRANT,NM
W5N/BU-029,GRANT,NM
W5N/BU-030,GRANT,NM
W5N/BU-031,GRANT,NM
W5N/BU-032,GRANT,NM
W5N/BU-033,GRANT,NM
W5N/BU-034,GRANT,NM
W5N/BU-035,GRANT,NM
W5N/BU-036,GRANT,NM
W5N/BU-037,GRANT,NM
W5N/BU-038,GRANT,NM
W5N/BU-039,CATRON,NM
W5N/BU-040,LUNA,NM
W5N/BU-041,GRANT,NM
W5N/BU-042,GRANT,NM
W5N/BU-043,GRANT,NM
W5N/BU-044,GRANT,NM
W5N/BU-045,GRANT,NM
W5N/BU-046,HIDALGO,NM
W5N/BU-047,GRANT,NM
W5N/BU-048,HIDALGO,NM
W5N/BU-049,GRANT,NM
W5N/BU-050,GRANT,NM
W5N/BU-051,GRANT,NM
W5N/BU-052,GRANT,NM
W5N/BU-053,GRANT,NM
W5N/CB-001,SIERRA,NM
W5N/CB-002,SIERRA,NM
W5N/CB-003,SIERRA,NM
W5N/CB-004,SIERRA,NM
W5N/CB-005,SIERRA,NM
W5N/CB-006,SIERRA,NM
W5N/CB-007,SIERRA,NM
W5N/CB-008,SIERRA,NM
W5N/CB-009,SIERRA,NM
W5N/CB-010,SIERRA,NM
W5N/CB-011,SIERRA,NM
W5N/CB-012,SIERRA,NM
W5N/CB-013,SIERRA,NM
W5N/CB-014,SIERRA,NM
W5N/CB-015,SIERRA,NM
W5N/CB-016,SIERRA,NM
W5N/CB-017,SIERRA,NM
W5N/CC-001,RIO ARRIBA,NM
W5N/CC-002,RIO ARRIBA,NM
W5N/CC-003,RIO ARRIBA,NM
W5N/CC-004,RIO ARRIBA,NM
W5N/CC-005,RIO ARRIBA,NM
W5N/CC-006,RIO ARRIBA,NM
W5N/CC-007,RIO ARRIBA,NM
W5N/CC-008,RIO ARRIBA,NM
W5N/CC-010,RIO ARRIBA,NM
W5N/CC-011,RIO ARRIBA,NM
W5N/CC-012,RIO ARRIBA,NM
W5N/CC-013,RIO ARRIBA,NM
W5N/CC-014,RIO ARRIBA,NM
W5N/CC-015,RIO ARRIBA,NM
W5N/CC-016,RIO ARRIBA,NM
W5N/CC-017,RIO ARRIBA,NM
W5N/CC-018,RIO ARRIBA,NM
W5N/CC-019,RIO ARRIBA,NM
W5N/CC-020,RIO ARRIBA,NM
W5N/CC-021,RIO ARRIBA,NM
W5N/CC-022,RIO ARRIBA,NM
W5N/CC-023,RIO ARRIBA,NM
W5N/CC-024,RIO ARRIBA,NM
W5N/CC-025,RIO ARRIBA,NM
W5N/CC-026,RIO ARRIBA,NM
W5N/CC-027,RIO ARRIBA,NM
W5N/CC-028,RIO ARRIBA,NM
W5N/CC-029,RIO ARRIBA,NM
W5N/CC-030,RIO ARRIBA,NM
W5N/CU-001,SAN JUAN,NM
W5N/CU-002,SAN JUAN,NM
W5N/CU-003,SAN JUAN,NM
W5N/CU-004,MCKINLEY,NM
W5N/CU-005,MCKINLEY,NM
W5N/CU-006,SAN JUAN,NM
W5N/CU-007,MCKINLEY,NM
W5N/CU-008,MCKINLEY,NM
W5N/CU-009,SAN JUAN,NM
W5N/CU-010,SAN JUAN,NM
W5N/CU-011,SAN JUAN,NM
W5N/CU-012,SAN JUAN,NM
W5N/CU-013,SAN JUAN,NM
W5N/CU-014,SAN JUAN,NM
W5N/CU-015,SAN JUAN,NM
W5N/CU-016,SAN JUAN,NM
W5N/CU-017,SAN JUAN,NM
W5N/CO-001,CIBOLA,NM
W5N/CO-002,CIBOLA,NM
W5N/CO-003,CIBOLA,NM
W5N/CO-004,MCKINLEY,NM
W5N/CO-005,MCKINLEY,NM
W5N/CO-006,CIBOLA,NM
W5N/CO-007,MCKINLEY,NM
W5N/CO-008,CIBOLA,NM
W5N/CO-009,CIBOLA,NM
W5N/CO-010,CIBOLA,NM
W5N/CO-011,CIBOLA,NM
W5N/CO-012,MCKINLEY,NM
W5N/CO-013,CIBOLA,NM
W5N/CO-014,CIBOLA,NM
W5N/CO-015,MCKINLEY,NM
W5N/CO-016,MCKINLEY,NM
W5N/CO-017,MCKINLEY,NM
W5N/CO-018,MCKINLEY,NM
W5N/CO-019,CIBOLA,NM
W5N/CO-020,SOCORRO,NM
W5N/CO-021,MCKINLEY,NM
W5N/CO-022,MCKINLEY,NM
W5N/CO-023,MCKINLEY,NM
W5N/CO-024,CATRON,NM
W5N/CM-002,COLFAX,NM
W5N/CM-003,COLFAX,NM
W5N/CM-004,COLFAX,NM
W5N/CM-005,COLFAX,NM
W5N/CM-006,COLFAX,NM
W5N/CM-008,COLFAX,NM
W5N/CM-009,COLFAX,NM
W5N/CM-010,COLFAX,NM
W5N/CM-011,COLFAX,NM
W5N/CM-012,MORA,NM
W5N/CM-013,COLFAX,NM
W5N/CM-014,COLFAX,NM
W5N/CM-015,COLFAX,NM
W5N/CM-016,COLFAX,NM
W5N/CM-017,MORA,NM
W5N/CM-018,COLFAX,NM
W5N/CM-019,COLFAX,NM
W5N/CM-020,MORA,NM
W5N/CM-021,COLFAX,NM
W5N/CM-022,COLFAX,NM
W5N/CM-023,COLFAX,NM
W5N/CM-024,MORA,NM
W5N/CM-025,MORA,NM
W5N/CM-026,COLFAX,NM
W5N/CM-027,MORA,NM
W5N/CM-028,MORA,NM
W5N/CM-029,MORA,NM
W5N/CM-030,MORA,NM
W5N/CM-031,COLFAX,NM
W5N/CM-032,MORA,NM
W5N/CM-033,COLFAX,NM
W5N/CM-034,COLFAX,NM
W5N/CN-001,EDDY,NM
W5N/CN-002,OTERO,NM
W5N/CN-003,OTERO,NM
W5N/CN-004,OTERO,NM
W5N/CN-005,OTERO,NM
W5N/CN-006,OTERO,NM
W5N/CN-007,OTERO,NM
W5N/CN-008,OTERO,NM
W5N/CN-009,OTERO,NM
W5N/CD-001,HIDALGO,NM
W5N/CD-002,HIDALGO,NM
W5N/CD-003,HIDALGO,NM
W5N/CD-004,HIDALGO,NM
W5N/CD-005,HIDALGO,NM
W5N/CD-006,HIDALGO,NM
W5N/CD-007,HIDALGO,NM
W5N/CD-008,HIDALGO,NM
W5N/CD-009,HIDALGO,NM
W5N/CD-010,HIDALGO,NM
W5N/CD-011,HIDALGO,NM
W5N/CD-012,HIDALGO,NM
W5N/CD-013,HIDALGO,NM
W5N/CD-014,HIDALGO,NM
W5N/CD-015,HIDALGO,NM
W5N/CD-016,HIDALGO,NM
W5N/CD-017,HIDALGO,NM
W5N/CD-018,HIDALGO,NM
W5N/CD-019,HIDALGO,NM
W5N/DA-001,CATRON,NM
W5N/DA-002,CATRON,NM
W5N/DA-003,CATRON,NM
W5N/DA-004,CATRON,NM
W5N/DA-005,CATRON,NM
W5N/DA-006,CATRON,NM
W5N/DA-007,CATRON,NM
W5N/DA-008,CATRON,NM
W5N/DA-009,CATRON,NM
W5N/DA-010,CATRON,NM
W5N/DA-011,CATRON,NM
W5N/DA-012,CATRON,NM
W5N/DA-013,CATRON,NM
W5N/DA-014,CATRON,NM
W5N/DA-015,CATRON,NM
W5N/DA-017,CATRON,NM
W5N/DA-018,CATRON,NM
W5N/DA-019,SOCORRO,NM
W5N/DA-020,CATRON,NM
W5N/DA-021,SOCORRO,NM
W5N/EL-001,LINCOLN,NM
W5N/EL-002,LINCOLN,NM
W5N/EL-003,MORA,NM
W5N/EL-004,MORA,NM
W5N/EL-005,MORA,NM
W5N/EL-006,LINCOLN,NM
W5N/EL-007,MORA,NM
W5N/EL-008,MORA,NM
W5N/EL-009,LINCOLN,NM
W5N/EL-010,TORRANCE,NM
W5N/EL-011,LINCOLN,NM
W5N/EL-012,MORA,NM
W5N/EL-013,TORRANCE,NM
W5N/EL-014,MORA,NM
W5N/EL-015,MORA,NM
W5N/EL-016,MORA,NM
W5N/EL-017,MORA,NM
W5N/EL-018,TORRANCE,NM
W5N/EL-019,SAN MIGUEL,NM
W5N/EL-020,UNION,NM
W5N/EL-021,SAN MIGUEL,NM
W5N/EL-022,UNION,NM
W5N/EL-023,SAN MIGUEL,NM
W5N/EL-024,SAN MIGUEL,NM
W5N/EL-025,UNION,NM
W5N/EL-026,SAN MIGUEL,NM
W5N/EL-027,UNION,NM
W5N/EL-028,UNION,NM
W5N/EL-029,GUADALUPE,NM
W5N/EL-030,UNION,NM
W5N/EL-031,SAN MIGUEL,NM
W5N/EL-032,SAN MIGUEL,NM
W5N/EL-033,SAN MIGUEL,NM
W5N/EL-034,GUADALUPE,NM
W5N/EL-035,QUAY,NM
W5N/EL-036,SAN MIGUEL,NM
W5N/EL-037,QUAY,NM
W5N/EL-038,QUAY,NM
W5N/EL-039,SAN MIGUEL,NM
W5N/EL-040,QUAY,NM
W5N/EL-041,HARDING,NM
W5N/EL-042,QUAY,NM
W5N/EL-043,QUAY,NM
W5N/EL-044,SAN MIGUEL,NM
W5N/EL-045,SAN MIGUEL,NM
W5N/EL-046,SAN MIGUEL,NM
W5N/EL-047,SAN MIGUEL,NM
W5N/EL-048,SAN MIGUEL,NM
W5N/FL-001,LUNA,NM
W5N/FL-002,LUNA,NM
W5N/FL-003,LUNA,NM
W5N/FL-004,LUNA,NM
W5N/FL-005,LUNA,NM
W5N/FL-006,LUNA,NM
W5N/FL-007,LUNA,NM
W5N/FL-008,LUNA,NM
W5N/FL-009,LUNA,NM
W5N/FL-010,LUNA,NM
W5N/FL-011,LUNA,NM
W5N/FL-012,LUNA,NM
W5N/FL-013,LUNA,NM
W5N/FL-014,LUNA,NM
W5N/GF-001,CATRON,NM
W5N/GF-002,CATRON,NM
W5N/GF-003,CATRON,NM
W5N/GF-004,CATRON,NM
W5N/GF-005,CATRON,NM
W5N/GF-006,CATRON,NM
W5N/GF-007,CATRON,NM
W5N/GF-008,CATRON,NM
W5N/GF-009,CATRON,NM
W5N/GF-010,CATRON,NM
W5N/GF-011,CATRON,NM
W5N/GF-012,CATRON,NM
W5N/GF-013,CATRON,NM
W5N/GF-014,CATRON,NM
W5N/GF-015,SIERRA,NM
W5N/GF-016,CATRON,NM
W5N/GF-017,SIERRA,NM
W5N/GF-018,CATRON,NM
W5N/GF-019,CATRON,NM
W5N/GF-020,CATRON,NM
W5N/GF-021,CATRON,NM
W5N/GF-022,CATRON,NM
W5N/GF-023,CATRON,NM
W5N/GF-024,CATRON,NM
W5N/GF-025,SIERRA,NM
W5N/GF-026,CATRON,NM
W5N/GF-027,CATRON,NM
W5N/GF-028,CATRON,NM
W5N/GF-029,CATRON,NM
W5N/GF-030,CATRON,NM
W5N/GF-031,CATRON,NM
W5N/GF-032,CATRON,NM
W5N/GF-033,CATRON,NM
W5N/GF-034,CATRON,NM
W5N/GF-035,CATRON,NM
W5N/GF-036,CATRON,NM
W5N/GW-001,CATRON,NM
W5N/GW-002,CATRON,NM
W5N/GW-003,CATRON,NM
W5N/GW-004,CATRON,NM
W5N/GW-005,CATRON,NM
W5N/GW-006,CATRON,NM
W5N/GW-007,CATRON,NM
W5N/GW-008,CATRON,NM
W5N/GW-009,CATRON,NM
W5N/GW-010,CATRON,NM
W5N/GW-011,CATRON,NM
W5N/GW-012,CATRON,NM
W5N/GW-013,CATRON,NM
W5N/GW-014,CATRON,NM
W5N/GW-015,CATRON,NM
W5N/GW-016,CATRON,NM
W5N/GW-017,CATRON,NM
W5N/GW-018,GRANT,NM
W5N/GW-019,GRANT,NM
W5N/GW-020,GRANT,NM
W5N/GW-021,CATRON,NM
W5N/GW-022,CATRON,NM
W5N/GW-023,GRANT,NM
W5N/GW-024,GRANT,NM
W5N/GW-025,GRANT,NM
W5N/GW-026,GRANT,NM
W5N/GW-027,GRANT,NM
W5N/GW-028,GRANT,NM
W5N/GW-029,GRANT,NM
W5N/GW-030,GRANT,NM
W5N/GW-031,GRANT,NM
W5N/GW-032,CATRON,NM
W5N/GW-033,CATRON,NM
W5N/GW-034,GRANT,NM
W5N/GW-035,GRANT,NM
W5N/GW-036,CATRON,NM
W5N/GW-037,GRANT,NM
W5N/GW-038,GRANT,NM
W5N/GW-039,GRANT,NM
W5N/GW-041,CATRON,NM
W5N/HT-001,HIDALGO,NM
W5N/HT-002,HIDALGO,NM
W5N/HT-003,HIDALGO,NM
W5N/HT-004,HIDALGO,NM
W5N/HT-005,HIDALGO,NM
W5N/HT-006,HIDALGO,NM
W5N/HT-007,HIDALGO,NM
W5N/HT-008,HIDALGO,NM
W5N/HT-009,HIDALGO,NM
W5N/HT-010,HIDALGO,NM
W5N/HT-011,HIDALGO,NM
W5N/HT-012,HIDALGO,NM
W5N/HT-013,HIDALGO,NM
W5N/HT-014,LUNA,NM
W5N/HT-015,LUNA,NM
W5N/HT-016,HIDALGO,NM
W5N/HT-017,HIDALGO,NM
W5N/HT-018,GRANT,NM
W5N/HT-019,HIDALGO,NM
W5N/HT-020,GRANT,NM
W5N/HT-021,HIDALGO,NM
W5N/HT-022,GRANT,NM
W5N/HT-023,GRANT,NM
W5N/HT-024,HIDALGO,NM
W5N/HT-025,HIDALGO,NM
W5N/HT-026,HIDALGO,NM
W5N/HT-027,HIDALGO,NM
W5N/HT-028,LUNA,NM
W5N/HT-029,HIDALGO,NM
W5N/HT-030,HIDALGO,NM
W5N/HT-031,GRANT,NM
W5N/HT-032,HIDALGO,NM
W5N/HT-033,LUNA,NM
W5N/MG-001,SOCORRO,NM
W5N/MG-002,SOCORRO,NM
W5N/MG-003,SOCORRO,NM
W5N/MG-004,SOCORRO,NM
W5N/MG-005,SOCORRO,NM
W5N/MG-006,SOCORRO,NM
W5N/MG-007,SOCORRO,NM
W5N/MG-008,SOCORRO,NM
W5N/MG-009,SOCORRO,NM
W5N/MG-010,SOCORRO,NM
W5N/MG-011,SOCORRO,NM
W5N/MG-012,SOCORRO,NM
W5N/MG-013,SOCORRO,NM
W5N/MG-014,SOCORRO,NM
W5N/MG-015,SOCORRO,NM
W5N/MG-016,SOCORRO,NM
W5N/MG-017,SOCORRO,NM
W5N/MG-018,SOCORRO,NM
W5N/MG-019,SOCORRO,NM
W5N/MG-020,SOCORRO,NM
W5N/MG-021,SIERRA,NM
W5N/MG-022,SOCORRO,NM
W5N/MG-023,SIERRA,NM
W5N/MG-024,SOCORRO,NM
W5N/MG-025,SIERRA,NM
W5N/MG-026,SOCORRO,NM
W5N/MG-027,SOCORRO,NM
W5N/MG-028,SOCORRO,NM
W5N/MG-029,SOCORRO,NM
W5N/MG-030,SOCORRO,NM
W5N/MG-031,SOCORRO,NM
W5N/MG-032,SOCORRO,NM
W5N/MG-033,SOCORRO,NM
W5N/MG-034,SOCORRO,NM
W5N/MG-035,SOCORRO,NM
W5N/MG-036,SOCORRO,NM
W5N/MG-037,SIERRA,NM
W5N/MG-038,SOCORRO,NM
W5N/MG-039,SIERRA,NM
W5N/MG-040,SOCORRO,NM
W5N/MG-041,SIERRA,NM
W5N/MG-042,SOCORRO,NM
W5N/MG-043,SOCORRO,NM
W5N/MG-044,SOCORRO,NM
W5N/MG-045,SIERRA,NM
W5N/MG-046,SOCORRO,NM
W5N/MG-047,SIERRA,NM
W5N/MG-048,SIERRA,NM
W5N/MG-049,SOCORRO,NM
W5N/MG-050,SOCORRO,NM
W5N/MG-051,SIERRA,NM
W5N/MG-052,SOCORRO,NM
W5N/MI-001,GRANT,NM
W5N/MI-002,LUNA,NM
W5N/MI-004,GRANT,NM
W5N/MI-005,SIERRA,NM
W5N/MI-006,GRANT,NM
W5N/MI-007,LUNA,NM
W5N/MI-008,SIERRA,NM
W5N/MI-009,SIERRA,NM
W5N/MI-010,SIERRA,NM
W5N/MI-011,SIERRA,NM
W5N/MI-012,SIERRA,NM
W5N/MI-013,SIERRA,NM
W5N/MI-014,SIERRA,NM
W5N/MI-015,SIERRA,NM
W5N/MI-016,SIERRA,NM
W5N/MI-017,SIERRA,NM
W5N/MI-018,SIERRA,NM
W5N/MI-019,SIERRA,NM
W5N/MI-020,SIERRA,NM
W5N/MI-021,SIERRA,NM
W5N/MI-022,SIERRA,NM
W5N/MI-024,SIERRA,NM
W5N/MI-025,GRANT,NM
W5N/MI-026,SIERRA,NM
W5N/MI-027,SIERRA,NM
W5N/MI-028,SIERRA,NM
W5N/MI-029,SIERRA,NM
W5N/MI-030,LUNA,NM
W5N/MI-031,LUNA,NM
W5N/MI-032,SIERRA,NM
W5N/MI-033,LUNA,NM
W5N/MI-034,LUNA,NM
W5N/MI-036,SIERRA,NM
W5N/MI-037,SIERRA,NM
W5N/MO-001,SIERRA,NM
W5N/MO-003,SIERRA,NM
W5N/MO-004,SOCORRO,NM
W5N/MO-005,SIERRA,NM
W5N/MO-006,SIERRA,NM
W5N/MO-007,SOCORRO,NM
W5N/MO-008,SOCORRO,NM
W5N/MO-009,SOCORRO,NM
W5N/MO-010,SIERRA,NM
W5N/MO-011,SOCORRO,NM
W5N/MO-012,SIERRA,NM
W5N/MO-013,SIERRA,NM
W5N/MO-014,SIERRA,NM
W5N/MO-015,LINCOLN,NM
W5N/MO-016,SOCORRO,NM
W5N/MO-017,SOCORRO,NM
W5N/MO-018,SIERRA,NM
W5N/MO-019,LINCOLN,NM
W5N/MO-020,LINCOLN,NM
W5N/MO-021,SIERRA,NM
W5N/NL-001,RIO ARRIBA,NM
W5N/NL-002,SAN JUAN,NM
W5N/NL-003,SAN JUAN,NM
W5N/NL-004,SAN JUAN,NM
W5N/NL-005,SAN JUAN,NM
W5N/NL-006,SAN JUAN,NM
W5N/NL-007,SAN JUAN,NM
W5N/OR-001,DOÑA ANA,NM
W5N/OR-002,DOÑA ANA,NM
W5N/OR-003,DOÑA ANA,NM
W5N/OR-004,DOÑA ANA,NM
W5N/OR-005,DOÑA ANA,NM
W5N/OR-006,DOÑA ANA,NM
W5N/OR-007,DOÑA ANA,NM
W5N/OR-008,DOÑA ANA,NM
W5N/OR-009,DOÑA ANA,NM
W5N/OR-010,DOÑA ANA,NM
W5N/OR-011,DOÑA ANA,NM
W5N/OR-012,DOÑA ANA,NM
W5N/OR-013,DOÑA ANA,NM
W5N/OR-014,DOÑA ANA,NM
W5N/OR-015,OTERO,NM
W5N/OR-016,DOÑA ANA,NM
W5N/OR-017,DOÑA ANA,NM
W5N/OR-018,OTERO,NM
W5N/OR-019,DOÑA ANA,NM
W5N/OT-001,RIO ARRIBA,NM
W5N/OT-002,RIO ARRIBA,NM
W5N/OT-003,RIO ARRIBA,NM
W5N/OT-004,RIO ARRIBA,NM
W5N/OT-005,RIO ARRIBA,NM
W5N/OT-006,RIO ARRIBA,NM
W5N/OT-007,RIO ARRIBA,NM
W5N/OT-008,RIO ARRIBA,NM
W5N/OT-009,RIO ARRIBA,NM
W5N/OT-010,RIO ARRIBA,NM
W5N/OT-011,RIO ARRIBA,NM
W5N/OT-012,RIO ARRIBA,NM
W5N/OT-013,RIO ARRIBA,NM
W5N/OT-014,RIO ARRIBA,NM
W5N/OT-015,TAOS,NM
W5N/OT-016,TAOS,NM
W5N/OT-017,TAOS,NM
W5N/OT-018,TAOS,NM
W5N/OT-019,RIO ARRIBA,NM
W5N/OT-020,RIO ARRIBA,NM
W5N/OT-021,RIO ARRIBA,NM
W5N/OT-022,TAOS,NM
W5N/OT-023,TAOS,NM
W5N/OT-024,RIO ARRIBA,NM
W5N/OT-025,TAOS,NM
W5N/OT-026,TAOS,NM
W5N/OT-027,RIO ARRIBA,NM
W5N/OT-028,RIO ARRIBA,NM
W5N/OT-029,RIO ARRIBA,NM
W5N/PW-001,MORA,NM
W5N/PW-004,TAOS,NM
W5N/PW-006,SANTA FE,NM
W5N/PW-007,MORA,NM
W5N/PW-008,SANTA FE,NM
W5N/PW-009,SANTA FE,NM
W5N/PW-010,RIO ARRIBA,NM
W5N/PW-011,SANTA FE,NM
W5N/PW-012,SAN MIGUEL,NM
W5N/PW-013,SANTA FE,NM
W5N/PW-014,SAN MIGUEL,NM
W5N/PW-015,SAN MIGUEL,NM
W5N/PW-016,SAN MIGUEL,NM
W5N/PW-017,SAN MIGUEL,NM
W5N/PW-018,SANTA FE,NM
W5N/PW-019,SANTA FE,NM
W5N/PW-020,SANTA FE,NM
W5N/PW-022,SAN MIGUEL,NM
W5N/PW-023,SANTA FE,NM
W5N/PW-024,MORA,NM
W5N/PW-025,MORA,NM
W5N/PW-026,SAN MIGUEL,NM
W5N/PW-027,SANTA FE,NM
W5N/PW-029,SAN MIGUEL,NM
W5N/PW-031,MORA,NM
W5N/PW-032,SANTA FE,NM
W5N/PW-033,SAN MIGUEL,NM
W5N/PW-034,MORA,NM
W5N/PW-035,SAN MIGUEL,NM
W5N/PW-036,SAN MIGUEL,NM
W5N/PW-037,SAN MIGUEL,NM
W5N/PW-038,SAN MIGUEL,NM
W5N/PL-001,HIDALGO,NM
W5N/PL-003,HIDALGO,NM
W5N/PL-004,HIDALGO,NM
W5N/PL-005,HIDALGO,NM
W5N/PL-006,HIDALGO,NM
W5N/PL-007,HIDALGO,NM
W5N/PL-008,HIDALGO,NM
W5N/PL-009,HIDALGO,NM
W5N/PL-010,HIDALGO,NM
W5N/PL-011,HIDALGO,NM
W5N/PL-012,HIDALGO,NM
W5N/PL-013,HIDALGO,NM
W5N/PL-014,HIDALGO,NM
W5N/PL-015,HIDALGO,NM
W5N/PL-016,HIDALGO,NM
W5N/PL-017,HIDALGO,NM
W5N/PL-018,HIDALGO,NM
W5N/PL-019,HIDALGO,NM
W5N/PL-020,HIDALGO,NM
W5N/PL-021,HIDALGO,NM
W5N/PA-001,GRANT,NM
W5N/PA-002,GRANT,NM
W5N/PA-003,GRANT,NM
W5N/PA-004,GRANT,NM
W5N/PA-005,GRANT,NM
W5N/PA-006,GRANT,NM
W5N/PA-007,GRANT,NM
W5N/PA-008,GRANT,NM
W5N/PA-009,GRANT,NM
W5N/PA-010,GRANT,NM
W5N/PA-011,GRANT,NM
W5N/PA-012,GRANT,NM
W5N/PA-013,GRANT,NM
W5N/PA-014,GRANT,NM
W5N/PA-015,GRANT,NM
W5N/PA-016,GRANT,NM
W5N/PA-017,GRANT,NM
W5N/PA-018,GRANT,NM
W5N/PA-019,GRANT,NM
W5N/PA-020,GRANT,NM
W5N/PA-021,LUNA,NM
W5N/PA-022,LUNA,NM
W5N/PA-023,LUNA,NM
W5N/PA-024,GRANT,NM
W5N/PO-001,DOÑA ANA,NM
W5N/PO-002,DOÑA ANA,NM
W5N/PO-003,DOÑA ANA,NM
W5N/PO-004,DOÑA ANA,NM
W5N/PO-005,DOÑA ANA,NM
W5N/PO-006,DOÑA ANA,NM
W5N/PO-007,DOÑA ANA,NM
W5N/PO-008,DOÑA ANA,NM
W5N/PO-009,LUNA,NM
W5N/PO-010,DOÑA ANA,NM
W5N/PO-011,DOÑA ANA,NM
W5N/RO-001,DOÑA ANA,NM
W5N/RO-002,DOÑA ANA,NM
W5N/RO-003,DOÑA ANA,NM
W5N/RO-004,DOÑA ANA,NM
W5N/RO-005,DOÑA ANA,NM
W5N/RO-006,DOÑA ANA,NM
W5N/RO-007,DOÑA ANA,NM
W5N/RO-008,DOÑA ANA,NM
W5N/RO-009,DOÑA ANA,NM
W5N/RO-010,DOÑA ANA,NM
W5N/RO-011,DOÑA ANA,NM
W5N/RO-012,LUNA,NM
W5N/RO-013,DOÑA ANA,NM
W5N/RO-014,DOÑA ANA,NM
W5N/RO-015,DOÑA ANA,NM
W5N/RO-016,DOÑA ANA,NM
W5N/RO-017,DOÑA ANA,NM
W5N/RO-018,DOÑA ANA,NM
W5N/RO-019,DOÑA ANA,NM
W5N/RO-020,DOÑA ANA,NM
W5N/RO-021,LUNA,NM
W5N/RO-022,DOÑA ANA,NM
W5N/RO-023,DOÑA ANA,NM
W5N/RO-024,DOÑA ANA,NM
W5N/RO-025,DOÑA ANA,NM
W5N/SC-001,OTERO,NM
W5N/SC-002,LINCOLN,NM
W5N/SC-003,LINCOLN,NM
W5N/SC-004,LINCOLN,NM
W5N/SC-005,OTERO,NM
W5N/SC-006,OTERO,NM
W5N/SC-007,LINCOLN,NM
W5N/SC-008,LINCOLN,NM
W5N/SC-009,OTERO,NM
W5N/SC-010,LINCOLN,NM
W5N/SC-011,OTERO,NM
W5N/SC-012,LINCOLN,NM
W5N/SC-013,LINCOLN,NM
W5N/SC-014,LINCOLN,NM
W5N/SC-015,OTERO,NM
W5N/SC-016,OTERO,NM
W5N/SC-017,LINCOLN,NM
W5N/SC-018,LINCOLN,NM
W5N/SC-019,OTERO,NM
W5N/SC-020,LINCOLN,NM
W5N/SC-021,LINCOLN,NM
W5N/SC-022,OTERO,NM
W5N/SC-023,LINCOLN,NM
W5N/SC-024,LINCOLN,NM
W5N/SC-025,OTERO,NM
W5N/SC-026,LINCOLN,NM
W5N/SC-027,LINCOLN,NM
W5N/SC-028,LINCOLN,NM
W5N/SC-029,LINCOLN,NM
W5N/SC-030,LINCOLN,NM
W5N/SC-031,LINCOLN,NM
W5N/SC-032,OTERO,NM
W5N/SC-033,LINCOLN,NM
W5N/SC-034,LINCOLN,NM
W5N/SC-035,LINCOLN,NM
W5N/SC-036,OTERO,NM
W5N/SC-037,LINCOLN,NM
W5N/SC-038,OTERO,NM
W5N/SC-039,CHAVES,NM
W5N/SC-040,LINCOLN,NM
W5N/SC-041,CHAVES,NM
W5N/SC-042,OTERO,NM
W5N/SC-043,CHAVES,NM
W5N/SC-044,CHAVES,NM
W5N/SC-045,OTERO,NM
W5N/SC-046,OTERO,NM
W5N/SC-047,OTERO,NM
W5N/SC-048,OTERO,NM
W5N/SC-049,LINCOLN,NM
W5N/SR-002,SIERRA,NM
W5N/SR-004,SIERRA,NM
W5N/SR-005,SIERRA,NM
W5N/SR-008,SIERRA,NM
W5N/SR-009,SIERRA,NM
W5N/SR-010,SIERRA,NM
W5N/SR-011,SIERRA,NM
W5N/SR-012,SIERRA,NM
W5N/SR-013,SIERRA,NM
W5N/SR-014,SIERRA,NM
W5N/SR-015,SIERRA,NM
W5N/SR-016,SIERRA,NM
W5N/SR-018,SIERRA,NM
W5N/SR-019,SIERRA,NM
W5N/SR-020,SIERRA,NM
W5N/SR-022,SIERRA,NM
W5N/SR-023,SIERRA,NM
W5N/SR-031,SIERRA,NM
W5N/SR-033,SIERRA,NM
W5N/SR-035,SIERRA,NM
W5N/SR-036,SIERRA,NM
W5N/SR-037,SIERRA,NM
W5N/SR-038,SIERRA,NM
W5N/SR-040,SIERRA,NM
W5N/SR-041,SIERRA,NM
W5N/SM-001,CIBOLA,NM
W5N/SM-002,MCKINLEY,NM
W5N/SM-003,MCKINLEY,NM
W5N/SM-004,MCKINLEY,NM
W5N/SM-005,CIBOLA,NM
W5N/SM-006,MCKINLEY,NM
W5N/SM-007,CIBOLA,NM
W5N/SM-008,MCKINLEY,NM
W5N/SM-009,MCKINLEY,NM
W5N/SM-010,MCKINLEY,NM
W5N/SM-011,MCKINLEY,NM
W5N/SM-012,MCKINLEY,NM
W5N/SM-013,MCKINLEY,NM
W5N/SM-014,MCKINLEY,NM
W5N/SM-015,SANDOVAL,NM
W5N/SM-016,SANDOVAL,NM
W5N/SM-017,MCKINLEY,NM
W5N/SM-018,SANDOVAL,NM
W5N/SM-019,SANDOVAL,NM
W5N/SM-020,CIBOLA,NM
W5N/SM-021,MCKINLEY,NM
W5N/SM-022,MCKINLEY,NM
W5N/SM-023,MCKINLEY,NM
W5N/SM-024,SANDOVAL,NM
W5N/SM-026,MCKINLEY,NM
W5N/SM-027,SANDOVAL,NM
W5N/SM-028,SANDOVAL,NM
W5N/SM-029,SANDOVAL,NM
W5N/SM-030,CIBOLA,NM
W5N/SM-031,SANDOVAL,NM
W5N/SM-032,SANDOVAL,NM
W5N/SM-033,SANDOVAL,NM
W5N/SM-034,SANDOVAL,NM
W5N/SM-035,SANDOVAL,NM
W5N/SM-036,SANDOVAL,NM
W5N/SM-037,SANDOVAL,NM
W5N/SM-038,CIBOLA,NM
W5N/SM-039,CIBOLA,NM
W5N/SI-001,BERNALILLO,NM
W5N/SI-002,TORRANCE,NM
W5N/SI-003,BERNALILLO,NM
W5N/SI-004,TORRANCE,NM
W5N/SI-005,TORRANCE,NM
W5N/SI-006,TORRANCE,NM
W5N/SI-007,TORRANCE,NM
W5N/SI-008,SANTA FE,NM
W5N/SI-009,SANTA FE,NM
W5N/SI-010,SANDOVAL,NM
W5N/SI-011,SANTA FE,NM
W5N/SI-012,SANTA FE,NM
W5N/SI-013,SANTA FE,NM
W5N/SI-014,BERNALILLO,NM
W5N/SI-015,SANTA FE,NM
W5N/SI-016,VALENCIA,NM
W5N/SI-017,SANTA FE,NM
W5N/SI-018,SANTA FE,NM
W5N/SI-019,BERNALILLO,NM
W5N/SI-020,SANTA FE,NM
W5N/SI-021,SANTA FE,NM
W5N/SI-022,BERNALILLO,NM
W5N/SI-023,BERNALILLO,NM
W5N/SS-001,TAOS,NM
W5N/SS-002,TAOS,NM
W5N/SS-003,TAOS,NM
W5N/SS-004,TAOS,NM
W5N/SS-005,TAOS,NM
W5N/SS-006,TAOS,NM
W5N/SS-007,TAOS,NM
W5N/SS-008,TAOS,NM
W5N/SS-009,TAOS,NM
W5N/SS-011,TAOS,NM
W5N/SS-012,TAOS,NM
W5N/SS-014,TAOS,NM
W5N/SS-015,TAOS,NM
W5N/SS-016,TAOS,NM
W5N/SS-017,MORA,NM
W5N/SS-018,TAOS,NM
W5N/SS-019,TAOS,NM
W5N/SS-020,TAOS,NM
W5N/SS-021,TAOS,NM
W5N/SS-022,MORA,NM
W5N/SS-023,TAOS,NM
W5N/SS-024,TAOS,NM
W5N/SS-025,TAOS,NM
W5N/SS-027,MORA,NM
W5N/SS-028,TAOS,NM
W5N/SS-029,TAOS,NM
W5N/SS-030,TAOS,NM
W5N/SS-031,TAOS,NM
W5N/SS-032,COLFAX,NM
W5N/SS-033,TAOS,NM
W5N/SS-034,MORA,NM
W5N/SS-035,MORA,NM
W5N/SS-036,TAOS,NM
W5N/SS-037,TAOS,NM
W5N/SS-038,MORA,NM
W5N/SS-039,RIO ARRIBA,NM
W5N/SE-002,SANDOVAL,NM
W5N/SE-003,RIO ARRIBA,NM
W5N/SE-004,SANDOVAL,NM
W5N/SE-005,SANDOVAL,NM
W5N/SE-006,RIO ARRIBA,NM
W5N/SE-007,SANDOVAL,NM
W5N/SE-009,SANDOVAL,NM
W5N/SE-010,SANDOVAL,NM
W5N/SE-011,SANDOVAL,NM
W5N/SE-012,SANDOVAL,NM
W5N/SE-013,SANDOVAL,NM
W5N/SE-014,SANDOVAL,NM
W5N/SE-015,SANDOVAL,NM
W5N/SE-016,SANDOVAL,NM
W5N/SE-017,SANDOVAL,NM
W5N/SE-018,RIO ARRIBA,NM
W5N/SE-019,SANDOVAL,NM
W5N/SE-020,SANDOVAL,NM
W5N/SE-021,SANDOVAL,NM
W5N/SE-022,RIO ARRIBA,NM
W5N/SE-023,SANDOVAL,NM
W5N/SE-024,SANDOVAL,NM
W5N/SE-025,RIO ARRIBA,NM
W5N/SE-026,SANDOVAL,NM
W5N/SE-027,SANDOVAL,NM
W5N/SE-028,SANDOVAL,NM
W5N/SE-029,SANDOVAL,NM
W5N/SE-030,SANDOVAL,NM
W5N/SE-031,RIO ARRIBA,NM
W5N/SE-032,SANDOVAL,NM
W5N/SE-033,RIO ARRIBA,NM
W5N/SE-034,SANDOVAL,NM
W5N/SE-035,SANDOVAL,NM
W5N/SE-036,SANDOVAL,NM
W5N/SE-037,SANTA FE,NM
W5N/SE-038,RIO ARRIBA,NM
W5N/SE-039,SANDOVAL,NM
W5N/SE-040,SANTA FE,NM
W5N/SE-041,RIO ARRIBA,NM
W5N/SE-042,SANDOVAL,NM
W5N/SE-043,SANTA FE,NM
W5N/SE-044,SANTA FE,NM
W5N/SE-045,SANDOVAL,NM
W5N/SE-046,SANDOVAL,NM
W5N/SE-047,SANDOVAL,NM
W5N/SE-048,SANTA FE,NM
W5N/SE-049,RIO ARRIBA,NM
W5N/SE-050,SANTA FE,NM
W5N/SG-001,COLFAX,NM
W5N/SG-002,COLFAX,NM
W5N/SG-003,UNION,NM
W5N/SG-004,COLFAX,NM
W5N/SG-005,COLFAX,NM
W5N/SG-006,COLFAX,NM
W5N/SG-007,COLFAX,NM
W5N/SG-008,COLFAX,NM
W5N/SG-009,UNION,NM
W5N/SG-010,COLFAX,NM
W5N/SG-011,COLFAX,NM
W5N/SG-012,COLFAX,NM
W5N/SG-013,COLFAX,NM
W5N/SG-014,COLFAX,NM
W5N/SG-015,COLFAX,NM
W5N/SG-016,COLFAX,NM
W5N/SG-017,COLFAX,NM
W5N/SG-018,COLFAX,NM
W5N/SG-019,COLFAX,NM
W5N/SG-020,COLFAX,NM
W5N/SG-021,UNION,NM
W5N/SG-022,UNION,NM
W5N/SG-023,COLFAX,NM
W5N/SG-024,UNION,NM
W5N/SG-025,UNION,NM
W5N/SL-001,CIBOLA,NM
W5N/SL-002,CIBOLA,NM
W5N/SL-003,CIBOLA,NM
W5N/SL-004,CIBOLA,NM
W5N/SL-005,CIBOLA,NM
W5N/SL-006,CIBOLA,NM
W5N/SL-007,CIBOLA,NM
W5N/SL-008,CIBOLA,NM
W5N/SL-009,CIBOLA,NM
W5N/SL-010,SOCORRO,NM
W5N/SL-011,CIBOLA,NM
W5N/SL-012,CIBOLA,NM
W5N/SL-013,VALENCIA,NM
W5N/SL-014,VALENCIA,NM
W5N/SL-015,VALENCIA,NM
W8M/UP-001,BARAGA,MI
W8M/UP-002,ONTONAGON,MI
W8M/UP-003,BARAGA,MI
W8M/UP-005,MARQUETTE,MI
W8M/UP-006,GOGEBIC,MI
W8M/UP-008,GOGEBIC,MI
W8M/UP-010,ONTONAGON,MI
W8M/UP-011,ONTONAGON,MI
W8M/UP-012,GOGEBIC,MI
W8M/UP-013,ONTONAGON,MI
W8M/UP-015,ONTONAGON,MI
W8M/UP-017,ONTONAGON,MI
W8M/UP-019,ONTONAGON,MI
W8M/UP-020,DICKINSON,MI
W8M/UP-021,GOGEBIC,MI
W8M/UP-022,KEWEENAW,MI
W8M/UP-023,GOGEBIC,MI
W8M/UP-024,MARQUETTE,MI
W8M/UP-025,HOUGHTON,MI
W8M/UP-026,DICKINSON,MI
W8M/UP-029,ONTONAGON,MI
W8M/UP-031,ONTONAGON,MI
W8M/UP-032,MARQUETTE,MI
W8M/UP-036,MARQUETTE,MI
W8M/UP-037,KEWEENAW,MI
W8M/UP-038,MARQUETTE,MI
W8M/UP-039,ONTONAGON,MI
W8M/UP-040,MARQUETTE,MI
W8M/UP-041,MARQUETTE,MI
W8M/UP-042,KEWEENAW,MI
W8M/UP-044,KEWEENAW,MI
W8M/UP-046,MARQUETTE,MI
W8M/UP-048,KEWEENAW,MI
W8M/UP-049,DICKINSON,MI
W8M/UP-050,HOUGHTON,MI
W8M/UP-053,MARQUETTE,MI
W8M/UP-055,KEWEENAW,MI
W8M/UP-058,BARAGA,MI
W8M/LP-002,WEXFORD,MI
W8M/LP-007,EMMET,MI
W8M/LP-008,EMMET,MI
W8M/LP-012,EMMET,MI
W8M/LP-015,BENZIE,MI
W8M/LP-016,MANISTEE,MI
W8M/LP-017,EMMET,MI
W8M/LP-018,CHARLEVOIX,MI
W8M/LP-019,LEELANAU,MI
W8M/LP-020,LEELANAU,MI
W8M/LP-022,LEELANAU,MI
W8M/LP-024,LEELANAU,MI
W8M/LP-025,CHARLEVOIX,MI
W8M/LP-027,CHARLEVOIX,MI
W8M/LP-028,LEELANAU,MI
W8M/LP-030,ANTRIM,MI
W2/GC-018,ULSTER,NY
